"timeStamp","elapsed","label","responseCode","responseMessage","threadName","dataType","success","failureMessage","bytes","sentBytes","grpThreads","allThreads","URL","Latency","IdleTime","Connect"
"1791034289599","1602","MEASURED - Procurement dashboard FY2026","200","OK","Authenticated users 1-49","text","true","","301168","864","50","50","http://prism.test/procurement-office?year=2026","1597","0","0"
"1791034289635","1513","MEASURED - Procurement dashboard FY2026","200","OK","Authenticated users 1-45","text","true","","301168","864","50","50","http://prism.test/procurement-office?year=2026","1509","0","0"
"1791034289539","916","MEASURED - Procurement dashboard FY2026","200","OK","Authenticated users 1-44","text","true","","301168","864","50","50","http://prism.test/procurement-office?year=2026","912","0","0"
"1791034289535","1129","MEASURED - Procurement dashboard FY2026","200","OK","Authenticated users 1-40","text","true","","301168","864","50","50","http://prism.test/procurement-office?year=2026","1125","0","0"
"1791034289539","1286","MEASURED - Procurement dashboard FY2026","200","OK","Authenticated users 1-4","text","true","","301169","864","50","50","http://prism.test/procurement-office?year=2026","1283","0","8"
"1791034289626","1517","MEASURED - Procurement dashboard FY2026","200","OK","Authenticated users 1-43","text","true","","301168","864","50","50","http://prism.test/procurement-office?year=2026","1513","0","0"
"1791034289535","1118","MEASURED - Procurement dashboard FY2026","200","OK","Authenticated users 1-9","text","true","","301169","864","50","50","http://prism.test/procurement-office?year=2026","1115","0","2"
"1791034289635","993","MEASURED - Procurement dashboard FY2026","200","OK","Authenticated users 1-41","text","true","","301168","864","50","50","http://prism.test/procurement-office?year=2026","989","0","0"
"1791034289562","1276","MEASURED - Procurement dashboard FY2026","200","OK","Authenticated users 1-48","text","true","","301168","864","50","50","http://prism.test/procurement-office?year=2026","1273","0","0"
"1791034289654","1776","MEASURED - Procurement dashboard FY2026","200","OK","Authenticated users 1-47","text","true","","301168","864","50","50","http://prism.test/procurement-office?year=2026","1773","0","0"
"1791034289635","1978","MEASURED - Procurement dashboard FY2026","200","OK","Authenticated users 1-46","text","true","","301168","864","50","50","http://prism.test/procurement-office?year=2026","1975","0","0"
"1791034289596","2045","MEASURED - Procurement dashboard FY2026","200","OK","Authenticated users 1-50","text","true","","301168","864","50","50","http://prism.test/procurement-office?year=2026","2041","0","0"
"1791034289534","2143","MEASURED - Procurement dashboard FY2026","200","OK","Authenticated users 1-39","text","true","","301168","864","50","50","http://prism.test/procurement-office?year=2026","2140","0","0"
"1791034289541","2325","MEASURED - Procurement dashboard FY2026","200","OK","Authenticated users 1-13","text","true","","301169","864","50","50","http://prism.test/procurement-office?year=2026","2322","0","1"
"1791034289540","2326","MEASURED - Procurement dashboard FY2026","200","OK","Authenticated users 1-10","text","true","","301169","864","50","50","http://prism.test/procurement-office?year=2026","2323","0","2"
"1791034289535","2375","MEASURED - Procurement dashboard FY2026","200","OK","Authenticated users 1-5","text","true","","301169","864","50","50","http://prism.test/procurement-office?year=2026","2371","0","2"
"1791034289626","2946","MEASURED - Procurement dashboard FY2026","200","OK","Authenticated users 1-42","text","true","","301168","864","50","50","http://prism.test/procurement-office?year=2026","2941","0","0"
"1791034289543","3059","MEASURED - Procurement dashboard FY2026","200","OK","Authenticated users 1-12","text","true","","301169","864","50","50","http://prism.test/procurement-office?year=2026","3054","0","2"
"1791034289553","3091","MEASURED - Procurement dashboard FY2026","200","OK","Authenticated users 1-25","text","true","","301169","864","50","50","http://prism.test/procurement-office?year=2026","3087","0","3"
"1791034289560","3180","MEASURED - Procurement dashboard FY2026","200","OK","Authenticated users 1-1","text","true","","301169","864","50","50","http://prism.test/procurement-office?year=2026","3176","0","2"
"1791034289535","3233","MEASURED - Procurement dashboard FY2026","200","OK","Authenticated users 1-2","text","true","","301169","864","50","50","http://prism.test/procurement-office?year=2026","3229","0","5"
"1791034289571","3196","MEASURED - Procurement dashboard FY2026","200","OK","Authenticated users 1-14","text","true","","301169","864","50","50","http://prism.test/procurement-office?year=2026","3193","0","1"
"1791034289546","3312","MEASURED - Procurement dashboard FY2026","200","OK","Authenticated users 1-8","text","true","","301169","864","50","50","http://prism.test/procurement-office?year=2026","3308","0","2"
"1791034289534","3397","MEASURED - Procurement dashboard FY2026","200","OK","Authenticated users 1-19","text","true","","301169","864","50","50","http://prism.test/procurement-office?year=2026","3392","0","6"
"1791034291286","1668","MEASURED - Procurement dashboard FY2026","200","OK","Authenticated users 1-43","text","true","","301168","864","50","50","http://prism.test/procurement-office?year=2026","1665","0","0"
"1791034289564","3481","MEASURED - Procurement dashboard FY2026","200","OK","Authenticated users 1-17","text","true","","301169","864","50","50","http://prism.test/procurement-office?year=2026","3477","0","2"
"1791034289535","3622","MEASURED - Procurement dashboard FY2026","200","OK","Authenticated users 1-6","text","true","","301169","864","50","50","http://prism.test/procurement-office?year=2026","3618","0","5"
"1791034289535","3622","MEASURED - Procurement dashboard FY2026","200","OK","Authenticated users 1-18","text","true","","301169","864","50","50","http://prism.test/procurement-office?year=2026","3619","0","2"
"1791034289539","3724","MEASURED - Procurement dashboard FY2026","200","OK","Authenticated users 1-7","text","true","","301169","864","50","50","http://prism.test/procurement-office?year=2026","3720","0","8"
"1791034291286","2280","MEASURED - Procurement dashboard FY2026","200","OK","Authenticated users 1-4","text","true","","301168","864","50","50","http://prism.test/procurement-office?year=2026","2278","0","0"
"1791034291873","1886","MEASURED - Procurement dashboard FY2026","200","OK","Authenticated users 1-13","text","true","","301168","864","50","50","http://prism.test/procurement-office?year=2026","1882","0","0"
"1791034291618","2140","MEASURED - Procurement dashboard FY2026","200","OK","Authenticated users 1-46","text","true","","301168","864","50","50","http://prism.test/procurement-office?year=2026","2137","0","0"
"1791034291873","2124","MEASURED - Procurement dashboard FY2026","200","OK","Authenticated users 1-10","text","true","","301168","864","50","50","http://prism.test/procurement-office?year=2026","2120","0","0"
"1791034289535","4465","MEASURED - Procurement dashboard FY2026","200","OK","Authenticated users 1-16","text","true","","301169","864","50","50","http://prism.test/procurement-office?year=2026","4459","0","5"
"1791034289572","4434","MEASURED - Procurement dashboard FY2026","200","OK","Authenticated users 1-30","text","true","","301169","864","50","50","http://prism.test/procurement-office?year=2026","4427","0","1"
"1791034291286","2711","MEASURED - Procurement dashboard FY2026","200","OK","Authenticated users 1-44","text","true","","301168","864","50","50","http://prism.test/procurement-office?year=2026","2707","0","0"
"1791034291323","2768","MEASURED - Procurement dashboard FY2026","200","OK","Authenticated users 1-48","text","true","","301168","864","50","50","http://prism.test/procurement-office?year=2026","2765","0","0"
"1791034289567","4571","MEASURED - Procurement dashboard FY2026","200","OK","Authenticated users 1-26","text","true","","301169","864","50","50","http://prism.test/procurement-office?year=2026","4566","0","3"
"1791034291436","2824","MEASURED - Procurement dashboard FY2026","200","OK","Authenticated users 1-47","text","true","","301168","864","50","50","http://prism.test/procurement-office?year=2026","2820","0","0"
"1791034289554","4778","MEASURED - Procurement dashboard FY2026","200","OK","Authenticated users 1-20","text","true","","301169","864","50","50","http://prism.test/procurement-office?year=2026","4775","0","32"
"1791034292773","1772","MEASURED - Procurement dashboard FY2026","200","OK","Authenticated users 1-2","text","true","","301168","864","50","50","http://prism.test/procurement-office?year=2026","1768","0","0"
"1791034291651","3236","MEASURED - Procurement dashboard FY2026","200","OK","Authenticated users 1-50","text","true","","301168","864","50","50","http://prism.test/procurement-office?year=2026","3231","0","0"
"1791034291682","3231","MEASURED - Procurement dashboard FY2026","200","OK","Authenticated users 1-39","text","true","","301168","864","50","50","http://prism.test/procurement-office?year=2026","3226","0","0"
"1791034291246","3768","MEASURED - Procurement dashboard FY2026","200","OK","Authenticated users 1-40","text","true","","301168","864","50","50","http://prism.test/procurement-office?year=2026","3763","0","0"
"1791034291288","3804","MEASURED - Procurement dashboard FY2026","200","OK","Authenticated users 1-9","text","true","","301168","864","50","50","http://prism.test/procurement-office?year=2026","3801","0","0"
"1791034289571","5720","MEASURED - Procurement dashboard FY2026","200","OK","Authenticated users 1-21","text","true","","301169","864","50","50","http://prism.test/procurement-office?year=2026","5717","0","2"
"1791034289570","5728","MEASURED - Procurement dashboard FY2026","200","OK","Authenticated users 1-29","text","true","","301169","864","50","50","http://prism.test/procurement-office?year=2026","5723","0","2"
"1791034292578","2720","MEASURED - Procurement dashboard FY2026","200","OK","Authenticated users 1-42","text","true","","301168","864","50","50","http://prism.test/procurement-office?year=2026","2716","0","0"
"1791034291289","4072","MEASURED - Procurement dashboard FY2026","200","OK","Authenticated users 1-41","text","true","","301168","864","50","50","http://prism.test/procurement-office?year=2026","4067","0","0"
"1791034289550","6009","MEASURED - Procurement dashboard FY2026","200","OK","Authenticated users 1-11","text","true","","301169","864","50","50","http://prism.test/procurement-office?year=2026","5985","0","2"
"1791034292774","2879","MEASURED - Procurement dashboard FY2026","200","OK","Authenticated users 1-14","text","true","","301168","864","50","50","http://prism.test/procurement-office?year=2026","2875","0","0"
"1791034291918","3916","MEASURED - Procurement dashboard FY2026","200","OK","Authenticated users 1-5","text","true","","301168","864","50","50","http://prism.test/procurement-office?year=2026","3912","0","0"
"1791034292960","2894","MEASURED - Procurement dashboard FY2026","500","Internal Server Error","Authenticated users 1-43","text","false","Expected authenticated Procurement Office dashboard and HTTP 200.","13629","864","50","50","http://prism.test/procurement-office?year=2026","2466","0","0"
"1791034292939","2953","MEASURED - Procurement dashboard FY2026","200","OK","Authenticated users 1-19","text","true","","301168","864","50","50","http://prism.test/procurement-office?year=2026","2948","0","0"
"1791034291246","4736","MEASURED - Procurement dashboard FY2026","200","OK","Authenticated users 1-45","text","true","","301168","864","50","50","http://prism.test/procurement-office?year=2026","4731","0","0"
"1791034293053","2981","MEASURED - Procurement dashboard FY2026","500","Internal Server Error","Authenticated users 1-17","text","false","Expected authenticated Procurement Office dashboard and HTTP 200.","13629","864","50","50","http://prism.test/procurement-office?year=2026","2378","0","0"
"1791034293166","2943","MEASURED - Procurement dashboard FY2026","500","Internal Server Error","Authenticated users 1-6","text","false","Expected authenticated Procurement Office dashboard and HTTP 200.","13629","864","50","50","http://prism.test/procurement-office?year=2026","2937","0","0"
"1791034291251","5227","MEASURED - Procurement dashboard FY2026","200","OK","Authenticated users 1-49","text","true","","301168","864","50","50","http://prism.test/procurement-office?year=2026","5220","0","0"
"1791034292649","3907","MEASURED - Procurement dashboard FY2026","200","OK","Authenticated users 1-25","text","true","","301168","864","50","50","http://prism.test/procurement-office?year=2026","3897","0","0"
"1791034293766","2920","MEASURED - Procurement dashboard FY2026","200","OK","Authenticated users 1-13","text","true","","301168","864","50","50","http://prism.test/procurement-office?year=2026","2915","0","0"
"1791034294011","2733","MEASURED - Procurement dashboard FY2026","200","OK","Authenticated users 1-16","text","true","","301168","864","50","50","http://prism.test/procurement-office?year=2026","2724","0","0"
"1791034292605","4405","MEASURED - Procurement dashboard FY2026","200","OK","Authenticated users 1-12","text","true","","301168","864","50","50","http://prism.test/procurement-office?year=2026","4401","0","0"
"1791034293268","4220","MEASURED - Procurement dashboard FY2026","200","OK","Authenticated users 1-7","text","true","","301168","864","50","50","http://prism.test/procurement-office?year=2026","4215","0","0"
"1791034294097","3685","MEASURED - Procurement dashboard FY2026","200","OK","Authenticated users 1-48","text","true","","301168","864","50","50","http://prism.test/procurement-office?year=2026","3682","0","0"
"1791034294015","3767","MEASURED - Procurement dashboard FY2026","200","OK","Authenticated users 1-30","text","true","","301168","864","50","50","http://prism.test/procurement-office?year=2026","3763","0","0"
"1791034294550","3232","MEASURED - Procurement dashboard FY2026","200","OK","Authenticated users 1-2","text","true","","301168","864","50","50","http://prism.test/procurement-office?year=2026","3228","0","0"
"1791034293766","4030","MEASURED - Procurement dashboard FY2026","200","OK","Authenticated users 1-46","text","true","","301168","864","50","50","http://prism.test/procurement-office?year=2026","4024","0","0"
"1791034294264","3677","MEASURED - Procurement dashboard FY2026","200","OK","Authenticated users 1-47","text","true","","301168","864","50","50","http://prism.test/procurement-office?year=2026","3674","0","0"
"1791034294917","3074","MEASURED - Procurement dashboard FY2026","200","OK","Authenticated users 1-39","text","true","","301168","864","50","50","http://prism.test/procurement-office?year=2026","3069","0","0"
"1791034293166","5194","MEASURED - Procurement dashboard FY2026","200","OK","Authenticated users 1-18","text","true","","301168","864","50","50","http://prism.test/procurement-office?year=2026","5187","0","0"
"1791034294142","4244","MEASURED - Procurement dashboard FY2026","200","OK","Authenticated users 1-26","text","true","","301168","864","50","50","http://prism.test/procurement-office?year=2026","4239","0","0"
"1791034294029","4367","MEASURED - Procurement dashboard FY2026","200","OK","Authenticated users 1-44","text","true","","301168","864","50","50","http://prism.test/procurement-office?year=2026","4358","0","0"
"1791034292862","5546","MEASURED - Procurement dashboard FY2026","200","OK","Authenticated users 1-8","text","true","","301168","864","50","50","http://prism.test/procurement-office?year=2026","5544","0","0"
"1791034294891","3830","MEASURED - Procurement dashboard FY2026","200","OK","Authenticated users 1-50","text","true","","301168","864","50","50","http://prism.test/procurement-office?year=2026","3825","0","0"
"1791034292747","6003","MEASURED - Procurement dashboard FY2026","200","OK","Authenticated users 1-1","text","true","","301168","864","50","50","http://prism.test/procurement-office?year=2026","5992","0","0"
"1791034296485","2277","MEASURED - Procurement dashboard FY2026","200","OK","Authenticated users 1-49","text","true","","301168","864","50","50","http://prism.test/procurement-office?year=2026","2274","0","0"
"1791034295096","3882","MEASURED - Procurement dashboard FY2026","200","OK","Authenticated users 1-9","text","true","","301168","864","50","50","http://prism.test/procurement-office?year=2026","3878","0","0"
"1791034295018","3995","MEASURED - Procurement dashboard FY2026","200","OK","Authenticated users 1-40","text","true","","301168","864","50","50","http://prism.test/procurement-office?year=2026","3979","0","0"
"1791034295897","3778","MEASURED - Procurement dashboard FY2026","200","OK","Authenticated users 1-19","text","true","","301168","864","50","50","http://prism.test/procurement-office?year=2026","3770","0","0"
"1791034297994","1678","MEASURED - Procurement dashboard FY2026","200","OK","Authenticated users 1-39","text","true","","301168","864","50","50","http://prism.test/procurement-office?year=2026","1672","0","0"
"1791034295366","4340","MEASURED - Procurement dashboard FY2026","200","OK","Authenticated users 1-41","text","true","","301168","864","50","50","http://prism.test/procurement-office?year=2026","4332","0","0"
"1791034293574","6499","MEASURED - Procurement dashboard FY2026","200","OK","Authenticated users 1-4","text","true","","301168","864","50","50","http://prism.test/procurement-office?year=2026","6493","0","0"
"1791034295302","4784","MEASURED - Procurement dashboard FY2026","200","OK","Authenticated users 1-42","text","true","","301168","864","50","50","http://prism.test/procurement-office?year=2026","4778","0","0"
"1791034295297","4810","MEASURED - Procurement dashboard FY2026","200","OK","Authenticated users 1-21","text","true","","301168","864","50","50","http://prism.test/procurement-office?year=2026","4806","0","0"
"1791034296691","3499","MEASURED - Procurement dashboard FY2026","200","OK","Authenticated users 1-13","text","true","","301168","864","50","50","http://prism.test/procurement-office?year=2026","3493","0","0"
"1791034294336","5876","MEASURED - Procurement dashboard FY2026","200","OK","Authenticated users 1-20","text","true","","301168","864","50","50","http://prism.test/procurement-office?year=2026","5870","0","0"
"1791034295302","5202","MEASURED - Procurement dashboard FY2026","200","OK","Authenticated users 1-29","text","true","","301168","864","50","50","http://prism.test/procurement-office?year=2026","5198","0","0"
"1791034294011","6645","MEASURED - Procurement dashboard FY2026","200","OK","Authenticated users 1-10","text","true","","301168","864","50","50","http://prism.test/procurement-office?year=2026","6640","0","0"
"1791034298364","2328","MEASURED - Procurement dashboard FY2026","200","OK","Authenticated users 1-18","text","true","","301168","864","50","50","http://prism.test/procurement-office?year=2026","2324","0","0"
"1791034297945","2810","MEASURED - Procurement dashboard FY2026","200","OK","Authenticated users 1-47","text","true","","301168","864","50","50","http://prism.test/procurement-office?year=2026","2806","0","0"
"1791034298389","2789","MEASURED - Procurement dashboard FY2026","200","OK","Authenticated users 1-26","text","true","","301168","864","50","50","http://prism.test/procurement-office?year=2026","2786","0","0"
"1791034297490","3826","MEASURED - Procurement dashboard FY2026","200","OK","Authenticated users 1-7","text","true","","301168","864","50","50","http://prism.test/procurement-office?year=2026","3824","0","0"
"1791034298980","2379","MEASURED - Procurement dashboard FY2026","200","OK","Authenticated users 1-9","text","true","","301168","864","50","50","http://prism.test/procurement-office?year=2026","2374","0","0"
"1791034289596","12047","MEASURED - Procurement dashboard FY2026","200","OK","Authenticated users 1-32","text","true","","301169","864","50","50","http://prism.test/procurement-office?year=2026","12037","0","23"
"1791034296748","4960","MEASURED - Procurement dashboard FY2026","200","OK","Authenticated users 1-16","text","true","","301168","864","50","50","http://prism.test/procurement-office?year=2026","4955","0","0"
"1791034299677","2063","MEASURED - Procurement dashboard FY2026","200","OK","Authenticated users 1-39","text","true","","301168","864","50","50","http://prism.test/procurement-office?year=2026","2059","0","0"
"1791034295563","6370","MEASURED - Procurement dashboard FY2026","200","OK","Authenticated users 1-11","text","true","","301168","864","50","50","http://prism.test/procurement-office?year=2026","6364","0","0"
"1791034297015","5032","MEASURED - Procurement dashboard FY2026","200","OK","Authenticated users 1-12","text","true","","301168","864","50","50","http://prism.test/procurement-office?year=2026","5028","0","0"
"1791034297785","4462","MEASURED - Procurement dashboard FY2026","200","OK","Authenticated users 1-48","text","true","","301168","864","50","50","http://prism.test/procurement-office?year=2026","4458","0","0"
"1791034295838","6440","MEASURED - Procurement dashboard FY2026","200","OK","Authenticated users 1-5","text","true","","301168","864","50","50","http://prism.test/procurement-office?year=2026","6433","0","0"
"1791034299677","2612","MEASURED - Procurement dashboard FY2026","200","OK","Authenticated users 1-19","text","true","","301168","864","50","50","http://prism.test/procurement-office?year=2026","2607","0","0"
"1791034298411","4096","MEASURED - Procurement dashboard FY2026","200","OK","Authenticated users 1-8","text","true","","301168","864","50","50","http://prism.test/procurement-office?year=2026","4092","0","0"
"1791034300764","1975","MEASURED - Procurement dashboard FY2026","200","OK","Authenticated users 1-47","text","true","","301168","864","50","50","http://prism.test/procurement-office?year=2026","1972","0","0"
"1791034300197","2569","MEASURED - Procurement dashboard FY2026","200","OK","Authenticated users 1-13","text","true","","301168","864","50","50","http://prism.test/procurement-office?year=2026","2553","0","0"
"1791034289534","13321","MEASURED - Procurement dashboard FY2026","200","OK","Authenticated users 1-15","text","true","","301169","864","50","50","http://prism.test/procurement-office?year=2026","13316","0","138"
"1791034289596","13368","MEASURED - Procurement dashboard FY2026","200","OK","Authenticated users 1-31","text","true","","301169","864","50","50","http://prism.test/procurement-office?year=2026","13363","0","29"
"1791034300090","2914","MEASURED - Procurement dashboard FY2026","200","OK","Authenticated users 1-42","text","true","","301168","864","50","50","http://prism.test/procurement-office?year=2026","2910","0","0"
"1791034300110","3212","MEASURED - Procurement dashboard FY2026","200","OK","Authenticated users 1-21","text","true","","301168","864","50","50","http://prism.test/procurement-office?year=2026","3208","0","0"
"1791034298724","4626","MEASURED - Procurement dashboard FY2026","200","OK","Authenticated users 1-50","text","true","","301168","864","50","50","http://prism.test/procurement-office?year=2026","4622","0","0"
"1791034296561","6799","MEASURED - Procurement dashboard FY2026","200","OK","Authenticated users 1-25","text","true","","301168","864","50","50","http://prism.test/procurement-office?year=2026","6793","0","0"
"1791034295985","7405","MEASURED - Procurement dashboard FY2026","200","OK","Authenticated users 1-45","text","true","","301168","864","50","50","http://prism.test/procurement-office?year=2026","7400","0","0"
"1791034297785","5747","MEASURED - Procurement dashboard FY2026","200","OK","Authenticated users 1-2","text","true","","301168","864","50","50","http://prism.test/procurement-office?year=2026","5743","0","0"
"1791034295657","7888","MEASURED - Procurement dashboard FY2026","200","OK","Authenticated users 1-14","text","true","","301168","864","50","50","http://prism.test/procurement-office?year=2026","7881","0","0"
"1791034298765","4781","MEASURED - Procurement dashboard FY2026","200","OK","Authenticated users 1-49","text","true","","301168","864","50","50","http://prism.test/procurement-office?year=2026","4777","0","0"
"1791034289631","13930","MEASURED - Procurement dashboard FY2026","200","OK","Authenticated users 1-38","text","true","","301169","864","50","50","http://prism.test/procurement-office?year=2026","13926","0","2"
"1791034298399","5198","MEASURED - Procurement dashboard FY2026","200","OK","Authenticated users 1-44","text","true","","301168","864","50","50","http://prism.test/procurement-office?year=2026","5197","0","0"
"1791034289593","14010","MEASURED - Procurement dashboard FY2026","200","OK","Authenticated users 1-23","text","true","","301169","864","50","50","http://prism.test/procurement-office?year=2026","14003","0","2"
"1791034289636","14000","MEASURED - Procurement dashboard FY2026","200","OK","Authenticated users 1-22","text","true","","301169","864","50","50","http://prism.test/procurement-office?year=2026","13995","0","1"
"1791034300701","3181","MEASURED - Procurement dashboard FY2026","200","OK","Authenticated users 1-18","text","true","","301168","864","50","50","http://prism.test/procurement-office?year=2026","3177","0","0"
"1791034297799","6110","MEASURED - Procurement dashboard FY2026","200","OK","Authenticated users 1-46","text","true","","301168","864","50","50","http://prism.test/procurement-office?year=2026","6105","0","0"
"1791034300512","3431","MEASURED - Procurement dashboard FY2026","200","OK","Authenticated users 1-29","text","true","","301168","864","50","50","http://prism.test/procurement-office?year=2026","3428","0","0"
"1791034289597","14350","MEASURED - Procurement dashboard FY2026","200","OK","Authenticated users 1-34","text","true","","301169","864","50","50","http://prism.test/procurement-office?year=2026","14345","0","2"
"1791034301322","2791","MEASURED - Procurement dashboard FY2026","500","Internal Server Error","Authenticated users 1-7","text","false","Expected authenticated Procurement Office dashboard and HTTP 200.","13629","864","50","50","http://prism.test/procurement-office?year=2026","2785","0","0"
"1791034297785","6383","MEASURED - Procurement dashboard FY2026","200","OK","Authenticated users 1-30","text","true","","301168","864","50","50","http://prism.test/procurement-office?year=2026","6380","0","0"
"1791034299017","5337","MEASURED - Procurement dashboard FY2026","200","OK","Authenticated users 1-40","text","true","","301168","864","50","50","http://prism.test/procurement-office?year=2026","5333","0","0"
"1791034289654","14769","MEASURED - Procurement dashboard FY2026","200","OK","Authenticated users 1-27","text","true","","301169","864","50","50","http://prism.test/procurement-office?year=2026","14760","0","21"
"1791034289620","14812","MEASURED - Procurement dashboard FY2026","200","OK","Authenticated users 1-33","text","true","","301169","864","50","50","http://prism.test/procurement-office?year=2026","14802","0","2"
"1791034289659","14831","MEASURED - Procurement dashboard FY2026","200","OK","Authenticated users 1-28","text","true","","301169","864","50","50","http://prism.test/procurement-office?year=2026","14827","0","18"
"1791034301363","3501","MEASURED - Procurement dashboard FY2026","200","OK","Authenticated users 1-9","text","true","","301168","864","50","50","http://prism.test/procurement-office?year=2026","3497","0","0"
"1791034301646","3289","MEASURED - Procurement dashboard FY2026","200","OK","Authenticated users 1-32","text","true","","301168","864","50","50","http://prism.test/procurement-office?year=2026","3286","0","0"
"1791034300220","4943","MEASURED - Procurement dashboard FY2026","200","OK","Authenticated users 1-20","text","true","","301168","864","50","50","http://prism.test/procurement-office?year=2026","4938","0","0"
"1791034289560","15614","MEASURED - Procurement dashboard FY2026","200","OK","Authenticated users 1-3","text","true","","301169","864","50","50","http://prism.test/procurement-office?year=2026","15607","0","28"
"1791034302294","3082","MEASURED - Procurement dashboard FY2026","200","OK","Authenticated users 1-19","text","true","","301168","864","50","50","http://prism.test/procurement-office?year=2026","3079","0","0"
"1791034301714","3824","MEASURED - Procurement dashboard FY2026","200","OK","Authenticated users 1-16","text","true","","301168","864","50","50","http://prism.test/procurement-office?year=2026","3820","0","0"
"1791034301745","4064","MEASURED - Procurement dashboard FY2026","200","OK","Authenticated users 1-39","text","true","","301168","864","50","50","http://prism.test/procurement-office?year=2026","4060","0","0"
"1791034289628","16189","MEASURED - Procurement dashboard FY2026","200","OK","Authenticated users 1-37","text","true","","301169","864","50","50","http://prism.test/procurement-office?year=2026","16181","0","1"
"1791034299715","6412","MEASURED - Procurement dashboard FY2026","200","OK","Authenticated users 1-41","text","true","","301168","864","50","50","http://prism.test/procurement-office?year=2026","6402","0","0"
"1791034289589","16562","MEASURED - Procurement dashboard FY2026","200","OK","Authenticated users 1-24","text","true","","301169","864","50","50","http://prism.test/procurement-office?year=2026","16549","0","4"
"1791034300077","6178","MEASURED - Procurement dashboard FY2026","200","OK","Authenticated users 1-4","text","true","","301168","864","50","50","http://prism.test/procurement-office?year=2026","6167","0","0"
"1791034303537","2739","MEASURED - Procurement dashboard FY2026","200","OK","Authenticated users 1-2","text","true","","301168","864","50","50","http://prism.test/procurement-office?year=2026","2730","0","0"
"1791034289620","16674","MEASURED - Procurement dashboard FY2026","200","OK","Authenticated users 1-36","text","true","","301169","864","50","50","http://prism.test/procurement-office?year=2026","16657","0","5"
"1791034302743","3785","MEASURED - Procurement dashboard FY2026","200","OK","Authenticated users 1-47","text","true","","301168","864","50","50","http://prism.test/procurement-office?year=2026","3778","0","0"
"1791034303009","3725","MEASURED - Procurement dashboard FY2026","200","OK","Authenticated users 1-42","text","true","","301168","864","50","50","http://prism.test/procurement-office?year=2026","3721","0","0"
"1791034302511","4293","MEASURED - Procurement dashboard FY2026","200","OK","Authenticated users 1-8","text","true","","301168","864","50","50","http://prism.test/procurement-office?year=2026","4289","0","0"
"1791034303355","3521","MEASURED - Procurement dashboard FY2026","200","OK","Authenticated users 1-50","text","true","","301168","864","50","50","http://prism.test/procurement-office?year=2026","3511","0","0"
"1791034302251","4695","MEASURED - Procurement dashboard FY2026","200","OK","Authenticated users 1-48","text","true","","301168","864","50","50","http://prism.test/procurement-office?year=2026","4692","0","0"
"1791034298753","8310","MEASURED - Procurement dashboard FY2026","200","OK","Authenticated users 1-1","text","true","","301168","864","50","50","http://prism.test/procurement-office?year=2026","8297","0","0"
"1791034302770","4324","MEASURED - Procurement dashboard FY2026","200","OK","Authenticated users 1-13","text","true","","301168","864","50","50","http://prism.test/procurement-office?year=2026","4317","0","0"
"1791034303550","4115","MEASURED - Procurement dashboard FY2026","200","OK","Authenticated users 1-49","text","true","","301168","864","50","50","http://prism.test/procurement-office?year=2026","4108","0","0"
"1791034289626","18381","MEASURED - Procurement dashboard FY2026","200","OK","Authenticated users 1-35","text","true","","301169","864","50","50","http://prism.test/procurement-office?year=2026","18371","0","2"
"1791034300664","7472","MEASURED - Procurement dashboard FY2026","200","OK","Authenticated users 1-10","text","true","","301168","864","50","50","http://prism.test/procurement-office?year=2026","7463","0","0"
"1791034303914","4551","MEASURED - Procurement dashboard FY2026","500","Internal Server Error","Authenticated users 1-46","text","false","Expected authenticated Procurement Office dashboard and HTTP 200.","13629","864","50","50","http://prism.test/procurement-office?year=2026","4194","0","0"
"1791034303327","5298","MEASURED - Procurement dashboard FY2026","500","Internal Server Error","Authenticated users 1-21","text","false","Expected authenticated Procurement Office dashboard and HTTP 200.","13629","864","50","50","http://prism.test/procurement-office?year=2026","5281","0","0"
"1791034303886","5074","MEASURED - Procurement dashboard FY2026","200","OK","Authenticated users 1-18","text","true","","301168","864","50","50","http://prism.test/procurement-office?year=2026","5064","0","0"
"1791034304941","4126","MEASURED - Procurement dashboard FY2026","200","OK","Authenticated users 1-32","text","true","","301168","864","50","50","http://prism.test/procurement-office?year=2026","4121","0","0"
"1791034306737","2361","MEASURED - Procurement dashboard FY2026","200","OK","Authenticated users 1-42","text","true","","301168","864","50","50","http://prism.test/procurement-office?year=2026","2357","0","0"
"1791034303640","5528","MEASURED - Procurement dashboard FY2026","200","OK","Authenticated users 1-22","text","true","","301168","864","50","50","http://prism.test/procurement-office?year=2026","5523","0","0"
"1791034303395","6138","MEASURED - Procurement dashboard FY2026","200","OK","Authenticated users 1-45","text","true","","301168","864","50","50","http://prism.test/procurement-office?year=2026","6132","0","0"
"1791034306262","3871","MEASURED - Procurement dashboard FY2026","200","OK","Authenticated users 1-4","text","true","","301168","864","50","50","http://prism.test/procurement-office?year=2026","3867","0","0"
"1791034302051","8083","MEASURED - Procurement dashboard FY2026","200","OK","Authenticated users 1-12","text","true","","301168","864","50","50","http://prism.test/procurement-office?year=2026","8075","0","0"
"1791034303613","6637","MEASURED - Procurement dashboard FY2026","200","OK","Authenticated users 1-23","text","true","","301168","864","50","50","http://prism.test/procurement-office?year=2026","6630","0","0"
"1791034304868","5454","MEASURED - Procurement dashboard FY2026","200","OK","Authenticated users 1-9","text","true","","301168","864","50","50","http://prism.test/procurement-office?year=2026","5448","0","0"
"1791034303602","6767","MEASURED - Procurement dashboard FY2026","200","OK","Authenticated users 1-44","text","true","","301168","864","50","50","http://prism.test/procurement-office?year=2026","6761","0","0"
"1791034302969","7422","MEASURED - Procurement dashboard FY2026","200","OK","Authenticated users 1-31","text","true","","301168","864","50","50","http://prism.test/procurement-office?year=2026","7415","0","0"
"1791034306809","3618","MEASURED - Procurement dashboard FY2026","200","OK","Authenticated users 1-8","text","true","","301168","864","50","50","http://prism.test/procurement-office?year=2026","3614","0","0"
"1791034303549","7044","MEASURED - Procurement dashboard FY2026","200","OK","Authenticated users 1-14","text","true","","301168","864","50","50","http://prism.test/procurement-office?year=2026","7034","0","0"
"1791034296037","14625","MEASURED - Procurement dashboard FY2026","200","OK","Authenticated users 1-17","text","true","","301169","864","50","50","http://prism.test/procurement-office?year=2026","14618","0","3"
"1791034301189","9650","MEASURED - Procurement dashboard FY2026","200","OK","Authenticated users 1-26","text","true","","301168","864","50","50","http://prism.test/procurement-office?year=2026","9641","0","0"
"1791034305382","5529","MEASURED - Procurement dashboard FY2026","200","OK","Authenticated users 1-19","text","true","","301168","864","50","50","http://prism.test/procurement-office?year=2026","5522","0","0"
"1791034304360","6580","MEASURED - Procurement dashboard FY2026","200","OK","Authenticated users 1-40","text","true","","301168","864","50","50","http://prism.test/procurement-office?year=2026","6573","0","0"
"1791034296113","14930","MEASURED - Procurement dashboard FY2026","200","OK","Authenticated users 1-6","text","true","","301169","864","50","50","http://prism.test/procurement-office?year=2026","14924","0","1"
"1791034305169","5947","MEASURED - Procurement dashboard FY2026","200","OK","Authenticated users 1-20","text","true","","301168","864","50","50","http://prism.test/procurement-office?year=2026","5942","0","0"
"1791034303364","7858","MEASURED - Procurement dashboard FY2026","200","OK","Authenticated users 1-25","text","true","","301168","864","50","50","http://prism.test/procurement-office?year=2026","7850","0","0"
"1791034302281","8953","MEASURED - Procurement dashboard FY2026","200","OK","Authenticated users 1-5","text","true","","301168","864","50","50","http://prism.test/procurement-office?year=2026","8944","0","0"
"1791034306879","4422","MEASURED - Procurement dashboard FY2026","200","OK","Authenticated users 1-50","text","true","","301168","864","50","50","http://prism.test/procurement-office?year=2026","4418","0","0"
"1791034306280","5111","MEASURED - Procurement dashboard FY2026","200","OK","Authenticated users 1-2","text","true","","301168","864","50","50","http://prism.test/procurement-office?year=2026","5105","0","0"
"1791034305542","5936","MEASURED - Procurement dashboard FY2026","200","OK","Authenticated users 1-16","text","true","","301168","864","50","50","http://prism.test/procurement-office?year=2026","5931","0","0"
"1791034305821","5687","MEASURED - Procurement dashboard FY2026","200","OK","Authenticated users 1-37","text","true","","301168","864","50","50","http://prism.test/procurement-office?year=2026","5681","0","0"
"1791034309101","2486","MEASURED - Procurement dashboard FY2026","200","OK","Authenticated users 1-42","text","true","","301168","864","50","50","http://prism.test/procurement-office?year=2026","2483","0","0"
"1791034304436","7168","MEASURED - Procurement dashboard FY2026","200","OK","Authenticated users 1-33","text","true","","301168","864","50","50","http://prism.test/procurement-office?year=2026","7162","0","0"
"1791034304173","7465","MEASURED - Procurement dashboard FY2026","200","OK","Authenticated users 1-30","text","true","","301168","864","50","50","http://prism.test/procurement-office?year=2026","7449","0","0"
"1791034301936","9746","MEASURED - Procurement dashboard FY2026","200","OK","Authenticated users 1-11","text","true","","301168","864","50","50","http://prism.test/procurement-office?year=2026","9736","0","0"
"1791034303947","7952","MEASURED - Procurement dashboard FY2026","200","OK","Authenticated users 1-29","text","true","","301168","864","50","50","http://prism.test/procurement-office?year=2026","7943","0","0"
"1791034307098","4808","MEASURED - Procurement dashboard FY2026","200","OK","Authenticated users 1-13","text","true","","301168","864","50","50","http://prism.test/procurement-office?year=2026","4803","0","0"
"1791034304494","7416","MEASURED - Procurement dashboard FY2026","200","OK","Authenticated users 1-28","text","true","","301168","864","50","50","http://prism.test/procurement-office?year=2026","7410","0","0"
"1791034305188","7275","MEASURED - Procurement dashboard FY2026","200","OK","Authenticated users 1-3","text","true","","301168","864","50","50","http://prism.test/procurement-office?year=2026","7270","0","0"
"1791034308011","4454","MEASURED - Procurement dashboard FY2026","200","OK","Authenticated users 1-35","text","true","","301168","864","50","50","http://prism.test/procurement-office?year=2026","4450","0","0"
"1791034304427","8529","MEASURED - Procurement dashboard FY2026","200","OK","Authenticated users 1-27","text","true","","301168","864","50","50","http://prism.test/procurement-office?year=2026","8522","0","0"
"1791034310137","2873","MEASURED - Procurement dashboard FY2026","200","OK","Authenticated users 1-12","text","true","","301168","864","50","50","http://prism.test/procurement-office?year=2026","2869","0","0"
"1791034307667","5444","MEASURED - Procurement dashboard FY2026","200","OK","Authenticated users 1-49","text","true","","301168","864","50","50","http://prism.test/procurement-office?year=2026","5440","0","0"
"1791034310429","2682","MEASURED - Procurement dashboard FY2026","200","OK","Authenticated users 1-8","text","true","","301168","864","50","50","http://prism.test/procurement-office?year=2026","2679","0","0"
"1791034303565","9724","MEASURED - Procurement dashboard FY2026","200","OK","Authenticated users 1-38","text","true","","301168","864","50","50","http://prism.test/procurement-office?year=2026","9718","0","0"
"1791034306155","7178","MEASURED - Procurement dashboard FY2026","200","OK","Authenticated users 1-24","text","true","","301168","864","50","50","http://prism.test/procurement-office?year=2026","7173","0","0"
"1791034306950","6525","MEASURED - Procurement dashboard FY2026","200","OK","Authenticated users 1-48","text","true","","301168","864","50","50","http://prism.test/procurement-office?year=2026","6520","0","0"
"1791034306532","6973","MEASURED - Procurement dashboard FY2026","200","OK","Authenticated users 1-47","text","true","","301168","864","50","50","http://prism.test/procurement-office?year=2026","6966","0","0"
"1791034306298","7545","MEASURED - Procurement dashboard FY2026","200","OK","Authenticated users 1-36","text","true","","301168","864","50","50","http://prism.test/procurement-office?year=2026","7539","0","0"
"1791034295873","18088","MEASURED - Procurement dashboard FY2026","200","OK","Authenticated users 1-43","text","true","","301169","864","50","50","http://prism.test/procurement-office?year=2026","18081","0","2"
"1791034309072","5004","MEASURED - Procurement dashboard FY2026","200","OK","Authenticated users 1-32","text","true","","301168","864","50","50","http://prism.test/procurement-office?year=2026","5001","0","0"
"1791034308141","5948","MEASURED - Procurement dashboard FY2026","200","OK","Authenticated users 1-10","text","true","","301168","864","50","50","http://prism.test/procurement-office?year=2026","5945","0","0"
"1791034311119","3089","MEASURED - Procurement dashboard FY2026","200","OK","Authenticated users 1-20","text","true","","301168","864","50","50","http://prism.test/procurement-office?year=2026","3087","0","0"
"1791034303950","10362","MEASURED - Procurement dashboard FY2026","200","OK","Authenticated users 1-34","text","true","","301168","864","50","50","http://prism.test/procurement-office?year=2026","10353","0","0"
"1791034310325","4020","MEASURED - Procurement dashboard FY2026","200","OK","Authenticated users 1-9","text","true","","301168","864","50","50","http://prism.test/procurement-office?year=2026","4015","0","0"
"1791034313120","1416","MEASURED - Procurement dashboard FY2026","200","OK","Authenticated users 1-8","text","true","","301168","864","50","50","http://prism.test/procurement-office?year=2026","1412","0","0"
"1791034310665","4186","MEASURED - Procurement dashboard FY2026","200","OK","Authenticated users 1-17","text","true","","301168","864","50","50","http://prism.test/procurement-office?year=2026","4183","0","0"
"1791034311640","3236","MEASURED - Procurement dashboard FY2026","200","OK","Authenticated users 1-30","text","true","","301168","864","50","50","http://prism.test/procurement-office?year=2026","3232","0","0"
"1791034310253","4641","MEASURED - Procurement dashboard FY2026","200","OK","Authenticated users 1-23","text","true","","301168","864","50","50","http://prism.test/procurement-office?year=2026","4637","0","0"
"1791034312468","2526","MEASURED - Procurement dashboard FY2026","200","OK","Authenticated users 1-35","text","true","","301168","864","50","50","http://prism.test/procurement-office?year=2026","2523","0","0"
"1791034309536","5517","MEASURED - Procurement dashboard FY2026","200","OK","Authenticated users 1-45","text","true","","301168","864","50","50","http://prism.test/procurement-office?year=2026","5513","0","0"
"1791034310136","4959","MEASURED - Procurement dashboard FY2026","200","OK","Authenticated users 1-4","text","true","","301168","864","50","50","http://prism.test/procurement-office?year=2026","4954","0","0"
"1791034311908","3217","MEASURED - Procurement dashboard FY2026","200","OK","Authenticated users 1-13","text","true","","301168","864","50","50","http://prism.test/procurement-office?year=2026","3213","0","0"
"1791034307067","8145","MEASURED - Procurement dashboard FY2026","200","OK","Authenticated users 1-1","text","true","","301168","864","50","50","http://prism.test/procurement-office?year=2026","8141","0","0"
"1791034308965","6436","MEASURED - Procurement dashboard FY2026","200","OK","Authenticated users 1-18","text","true","","301168","864","50","50","http://prism.test/procurement-office?year=2026","6432","0","0"
"1791034311045","4388","MEASURED - Procurement dashboard FY2026","200","OK","Authenticated users 1-6","text","true","","301168","864","50","50","http://prism.test/procurement-office?year=2026","4383","0","0"
"1791034310595","4939","MEASURED - Procurement dashboard FY2026","200","OK","Authenticated users 1-14","text","true","","301168","864","50","50","http://prism.test/procurement-office?year=2026","4935","0","0"
"1791034310394","5159","MEASURED - Procurement dashboard FY2026","200","OK","Authenticated users 1-31","text","true","","301168","864","50","50","http://prism.test/procurement-office?year=2026","5155","0","0"
"1791034311393","4544","MEASURED - Procurement dashboard FY2026","200","OK","Authenticated users 1-2","text","true","","301168","864","50","50","http://prism.test/procurement-office?year=2026","4541","0","0"
"1791034313013","2939","MEASURED - Procurement dashboard FY2026","200","OK","Authenticated users 1-12","text","true","","301168","864","50","50","http://prism.test/procurement-office?year=2026","2936","0","0"
"1791034309170","7073","MEASURED - Procurement dashboard FY2026","200","OK","Authenticated users 1-22","text","true","","301168","864","50","50","http://prism.test/procurement-office?year=2026","7069","0","0"
"1791034310372","5871","MEASURED - Procurement dashboard FY2026","200","OK","Authenticated users 1-44","text","true","","301168","864","50","50","http://prism.test/procurement-office?year=2026","5867","0","0"
"1791034305813","10457","MEASURED - Procurement dashboard FY2026","200","OK","Authenticated users 1-39","text","true","","301168","864","50","50","http://prism.test/procurement-office?year=2026","10451","0","0"
"1791034306132","10211","MEASURED - Procurement dashboard FY2026","200","OK","Authenticated users 1-41","text","true","","301168","864","50","50","http://prism.test/procurement-office?year=2026","10202","0","0"
"1791034311510","4860","MEASURED - Procurement dashboard FY2026","200","OK","Authenticated users 1-37","text","true","","301168","864","50","50","http://prism.test/procurement-office?year=2026","4856","0","0"
"1791034311303","5231","MEASURED - Procurement dashboard FY2026","200","OK","Authenticated users 1-50","text","true","","301168","864","50","50","http://prism.test/procurement-office?year=2026","5225","0","0"
"1791034310942","5796","MEASURED - Procurement dashboard FY2026","200","OK","Authenticated users 1-40","text","true","","301168","864","50","50","http://prism.test/procurement-office?year=2026","5787","0","0"
"1791034311481","5337","MEASURED - Procurement dashboard FY2026","200","OK","Authenticated users 1-16","text","true","","301168","864","50","50","http://prism.test/procurement-office?year=2026","5317","0","0"
"1791034314347","2670","MEASURED - Procurement dashboard FY2026","200","OK","Authenticated users 1-9","text","true","","301168","864","50","50","http://prism.test/procurement-office?year=2026","2665","0","0"
"1791034314539","2536","MEASURED - Procurement dashboard FY2026","200","OK","Authenticated users 1-8","text","true","","301168","864","50","50","http://prism.test/procurement-office?year=2026","2532","0","0"
"1791034311225","6006","MEASURED - Procurement dashboard FY2026","200","OK","Authenticated users 1-25","text","true","","301168","864","50","50","http://prism.test/procurement-office?year=2026","5999","0","0"
"1791034311590","5648","MEASURED - Procurement dashboard FY2026","200","OK","Authenticated users 1-42","text","true","","301168","864","50","50","http://prism.test/procurement-office?year=2026","5641","0","0"
"1791034314883","2382","MEASURED - Procurement dashboard FY2026","200","OK","Authenticated users 1-30","text","true","","301168","864","50","50","http://prism.test/procurement-office?year=2026","2377","0","0"
"1791034315959","1514","MEASURED - Procurement dashboard FY2026","200","OK","Authenticated users 1-12","text","true","","301168","864","50","50","http://prism.test/procurement-office?year=2026","1510","0","0"
"1791034315127","2359","MEASURED - Procurement dashboard FY2026","200","OK","Authenticated users 1-13","text","true","","301168","864","50","50","http://prism.test/procurement-office?year=2026","2354","0","0"
"1791034314078","3534","MEASURED - Procurement dashboard FY2026","200","OK","Authenticated users 1-32","text","true","","301168","864","50","50","http://prism.test/procurement-office?year=2026","3529","0","0"
"1791034311902","5733","MEASURED - Procurement dashboard FY2026","200","OK","Authenticated users 1-29","text","true","","301168","864","50","50","http://prism.test/procurement-office?year=2026","5730","0","0"
"1791034311685","6066","MEASURED - Procurement dashboard FY2026","200","OK","Authenticated users 1-11","text","true","","301168","864","50","50","http://prism.test/procurement-office?year=2026","6061","0","0"
"1791034312960","4985","MEASURED - Procurement dashboard FY2026","200","OK","Authenticated users 1-27","text","true","","301168","864","50","50","http://prism.test/procurement-office?year=2026","4980","0","0"
"1791034314996","3241","MEASURED - Procurement dashboard FY2026","200","OK","Authenticated users 1-35","text","true","","301168","864","50","50","http://prism.test/procurement-office?year=2026","3237","0","0"
"1791034315055","3207","MEASURED - Procurement dashboard FY2026","200","OK","Authenticated users 1-45","text","true","","301168","864","50","50","http://prism.test/procurement-office?year=2026","3202","0","0"
"1791034311606","6740","MEASURED - Procurement dashboard FY2026","200","OK","Authenticated users 1-33","text","true","","301168","864","50","50","http://prism.test/procurement-office?year=2026","6735","0","0"
"1791034315402","2965","MEASURED - Procurement dashboard FY2026","200","OK","Authenticated users 1-18","text","true","","301168","864","50","50","http://prism.test/procurement-office?year=2026","2961","0","0"
"1791034310843","7572","MEASURED - Procurement dashboard FY2026","200","OK","Authenticated users 1-26","text","true","","301168","864","50","50","http://prism.test/procurement-office?year=2026","7566","0","0"
"1791034315939","2501","MEASURED - Procurement dashboard FY2026","200","OK","Authenticated users 1-2","text","true","","301168","864","50","50","http://prism.test/procurement-office?year=2026","2498","0","0"
"1791034314854","3619","MEASURED - Procurement dashboard FY2026","200","OK","Authenticated users 1-17","text","true","","301168","864","50","50","http://prism.test/procurement-office?year=2026","3615","0","0"
"1791034311912","6579","MEASURED - Procurement dashboard FY2026","200","OK","Authenticated users 1-28","text","true","","301168","864","50","50","http://prism.test/procurement-office?year=2026","6573","0","0"
"1791034312466","6106","MEASURED - Procurement dashboard FY2026","200","OK","Authenticated users 1-3","text","true","","301168","864","50","50","http://prism.test/procurement-office?year=2026","6100","0","0"
"1791034315439","3140","MEASURED - Procurement dashboard FY2026","200","OK","Authenticated users 1-6","text","true","","301168","864","50","50","http://prism.test/procurement-office?year=2026","3136","0","0"
"1791034314215","5148","MEASURED - Procurement dashboard FY2026","200","OK","Authenticated users 1-20","text","true","","301168","864","50","50","http://prism.test/procurement-office?year=2026","5141","0","0"
"1791034315213","4160","MEASURED - Procurement dashboard FY2026","200","OK","Authenticated users 1-1","text","true","","301168","864","50","50","http://prism.test/procurement-office?year=2026","4153","0","0"
"1791034314898","4487","MEASURED - Procurement dashboard FY2026","200","OK","Authenticated users 1-23","text","true","","301168","864","50","50","http://prism.test/procurement-office?year=2026","4484","0","0"
"1791034316376","3128","MEASURED - Procurement dashboard FY2026","200","OK","Authenticated users 1-37","text","true","","301168","864","50","50","http://prism.test/procurement-office?year=2026","3124","0","0"
"1791034316250","3608","MEASURED - Procurement dashboard FY2026","200","OK","Authenticated users 1-22","text","true","","301168","864","50","50","http://prism.test/procurement-office?year=2026","3604","0","0"
"1791034315101","4759","MEASURED - Procurement dashboard FY2026","200","OK","Authenticated users 1-4","text","true","","301168","864","50","50","http://prism.test/procurement-office?year=2026","4755","0","0"
"1791034313476","6387","MEASURED - Procurement dashboard FY2026","200","OK","Authenticated users 1-48","text","true","","301168","864","50","50","http://prism.test/procurement-office?year=2026","6380","0","0"
"1791034311236","8635","MEASURED - Procurement dashboard FY2026","200","OK","Authenticated users 1-5","text","true","","301168","864","50","50","http://prism.test/procurement-office?year=2026","8623","0","0"
"1791034317489","2429","MEASURED - Procurement dashboard FY2026","200","OK","Authenticated users 1-13","text","true","","301168","864","50","50","http://prism.test/procurement-office?year=2026","2422","0","0"
"1791034314313","6134","MEASURED - Procurement dashboard FY2026","200","OK","Authenticated users 1-34","text","true","","301168","864","50","50","http://prism.test/procurement-office?year=2026","6130","0","0"
"1791034310913","9541","MEASURED - Procurement dashboard FY2026","200","OK","Authenticated users 1-19","text","true","","301168","864","50","50","http://prism.test/procurement-office?year=2026","9531","0","0"
"1791034316541","3950","MEASURED - Procurement dashboard FY2026","200","OK","Authenticated users 1-50","text","true","","301168","864","50","50","http://prism.test/procurement-office?year=2026","3927","0","0"
"1791034317950","2655","MEASURED - Procurement dashboard FY2026","200","OK","Authenticated users 1-27","text","true","","301168","864","50","50","http://prism.test/procurement-office?year=2026","2652","0","0"
"1791034317615","3066","MEASURED - Procurement dashboard FY2026","200","OK","Authenticated users 1-32","text","true","","301168","864","50","50","http://prism.test/procurement-office?year=2026","3062","0","0"
"1791034315560","5352","MEASURED - Procurement dashboard FY2026","200","OK","Authenticated users 1-31","text","true","","301168","864","50","50","http://prism.test/procurement-office?year=2026","5347","0","0"
"1791034317269","3708","MEASURED - Procurement dashboard FY2026","200","OK","Authenticated users 1-30","text","true","","301168","864","50","50","http://prism.test/procurement-office?year=2026","3705","0","0"
"1791034315538","5496","MEASURED - Procurement dashboard FY2026","200","OK","Authenticated users 1-14","text","true","","301168","864","50","50","http://prism.test/procurement-office?year=2026","5492","0","0"
"1791034316829","4527","MEASURED - Procurement dashboard FY2026","200","OK","Authenticated users 1-16","text","true","","301168","864","50","50","http://prism.test/procurement-office?year=2026","4517","0","0"
"1791034318242","3270","MEASURED - Procurement dashboard FY2026","200","OK","Authenticated users 1-35","text","true","","301168","864","50","50","http://prism.test/procurement-office?year=2026","3264","0","0"
"1791034313510","8033","MEASURED - Procurement dashboard FY2026","200","OK","Authenticated users 1-47","text","true","","301168","864","50","50","http://prism.test/procurement-office?year=2026","8027","0","0"
"1791034313847","7743","MEASURED - Procurement dashboard FY2026","200","OK","Authenticated users 1-36","text","true","","301168","864","50","50","http://prism.test/procurement-office?year=2026","7736","0","0"
"1791034313120","8479","MEASURED - Procurement dashboard FY2026","200","OK","Authenticated users 1-49","text","true","","301168","864","50","50","http://prism.test/procurement-office?year=2026","8471","0","0"
"1791034318371","3256","MEASURED - Procurement dashboard FY2026","200","OK","Authenticated users 1-18","text","true","","301168","864","50","50","http://prism.test/procurement-office?year=2026","3254","0","0"
"1791034318444","3200","MEASURED - Procurement dashboard FY2026","200","OK","Authenticated users 1-2","text","true","","301168","864","50","50","http://prism.test/procurement-office?year=2026","3197","0","0"
"1791034313335","8338","MEASURED - Procurement dashboard FY2026","200","OK","Authenticated users 1-24","text","true","","301168","864","50","50","http://prism.test/procurement-office?year=2026","8332","0","0"
"1791034317476","4689","MEASURED - Procurement dashboard FY2026","200","OK","Authenticated users 1-12","text","true","","301168","864","50","50","http://prism.test/procurement-office?year=2026","4685","0","0"
"1791034319864","2395","MEASURED - Procurement dashboard FY2026","200","OK","Authenticated users 1-4","text","true","","301168","864","50","50","http://prism.test/procurement-office?year=2026","2394","0","0"
"1791034319868","2547","MEASURED - Procurement dashboard FY2026","200","OK","Authenticated users 1-48","text","true","","301168","864","50","50","http://prism.test/procurement-office?year=2026","2544","0","0"
"1791034318266","4247","MEASURED - Procurement dashboard FY2026","200","OK","Authenticated users 1-45","text","true","","301168","864","50","50","http://prism.test/procurement-office?year=2026","4243","0","0"
"1791034319922","2639","MEASURED - Procurement dashboard FY2026","200","OK","Authenticated users 1-13","text","true","","301168","864","50","50","http://prism.test/procurement-office?year=2026","2636","0","0"
"1791034317020","5630","MEASURED - Procurement dashboard FY2026","200","OK","Authenticated users 1-9","text","true","","301168","864","50","50","http://prism.test/procurement-office?year=2026","5626","0","0"
"1791034318493","4161","MEASURED - Procurement dashboard FY2026","200","OK","Authenticated users 1-28","text","true","","301168","864","50","50","http://prism.test/procurement-office?year=2026","4157","0","0"
"1791034313291","9406","MEASURED - Procurement dashboard FY2026","200","OK","Authenticated users 1-38","text","true","","301168","864","50","50","http://prism.test/procurement-office?year=2026","9395","0","0"
"1791034319389","3362","MEASURED - Procurement dashboard FY2026","200","OK","Authenticated users 1-23","text","true","","301168","864","50","50","http://prism.test/procurement-office?year=2026","3359","0","0"
"1791034317638","5459","MEASURED - Procurement dashboard FY2026","200","OK","Authenticated users 1-29","text","true","","301168","864","50","50","http://prism.test/procurement-office?year=2026","5455","0","0"
"1791034308626","14480","MEASURED - Procurement dashboard FY2026","200","OK","Authenticated users 1-21","text","true","","301169","864","50","50","http://prism.test/procurement-office?year=2026","14475","0","2"
"1791034317079","6027","MEASURED - Procurement dashboard FY2026","200","OK","Authenticated users 1-8","text","true","","301168","864","50","50","http://prism.test/procurement-office?year=2026","6021","0","0"
"1791034313963","9148","MEASURED - Procurement dashboard FY2026","200","OK","Authenticated users 1-43","text","true","","301168","864","50","50","http://prism.test/procurement-office?year=2026","9137","0","0"
"1791034314091","9092","MEASURED - Procurement dashboard FY2026","200","OK","Authenticated users 1-10","text","true","","301168","864","50","50","http://prism.test/procurement-office?year=2026","9086","0","0"
"1791034317753","5600","MEASURED - Procurement dashboard FY2026","200","OK","Authenticated users 1-11","text","true","","301168","864","50","50","http://prism.test/procurement-office?year=2026","5597","0","0"
"1791034317233","6121","MEASURED - Procurement dashboard FY2026","200","OK","Authenticated users 1-25","text","true","","301168","864","50","50","http://prism.test/procurement-office?year=2026","6118","0","0"
"1791034316348","7190","MEASURED - Procurement dashboard FY2026","200","OK","Authenticated users 1-41","text","true","","301168","864","50","50","http://prism.test/procurement-office?year=2026","7186","0","0"
"1791034319862","3679","MEASURED - Procurement dashboard FY2026","200","OK","Authenticated users 1-22","text","true","","301168","864","50","50","http://prism.test/procurement-office?year=2026","3675","0","0"
"1791034316250","7363","MEASURED - Procurement dashboard FY2026","200","OK","Authenticated users 1-44","text","true","","301168","864","50","50","http://prism.test/procurement-office?year=2026","7359","0","0"
"1791034318477","5202","MEASURED - Procurement dashboard FY2026","200","OK","Authenticated users 1-17","text","true","","301168","864","50","50","http://prism.test/procurement-office?year=2026","5199","0","0"
"1791034320981","2770","MEASURED - Procurement dashboard FY2026","200","OK","Authenticated users 1-30","text","true","","301168","864","50","50","http://prism.test/procurement-office?year=2026","2767","0","0"
"1791034316277","7593","MEASURED - Procurement dashboard FY2026","200","OK","Authenticated users 1-39","text","true","","301168","864","50","50","http://prism.test/procurement-office?year=2026","7589","0","0"
"1791034320917","3022","MEASURED - Procurement dashboard FY2026","200","OK","Authenticated users 1-31","text","true","","301168","864","50","50","http://prism.test/procurement-office?year=2026","3013","0","0"
"1791034318418","5575","MEASURED - Procurement dashboard FY2026","200","OK","Authenticated users 1-26","text","true","","301168","864","50","50","http://prism.test/procurement-office?year=2026","5571","0","0"
"1791034319377","4622","MEASURED - Procurement dashboard FY2026","200","OK","Authenticated users 1-1","text","true","","301168","864","50","50","http://prism.test/procurement-office?year=2026","4619","0","0"
"1791034316746","7353","MEASURED - Procurement dashboard FY2026","200","OK","Authenticated users 1-40","text","true","","301168","864","50","50","http://prism.test/procurement-office?year=2026","7349","0","0"
"1791034304116","20008","MEASURED - Procurement dashboard FY2026","200","OK","Authenticated users 1-7","text","true","","301169","864","50","50","http://prism.test/procurement-office?year=2026","20005","0","6"
"1791034318583","5607","MEASURED - Procurement dashboard FY2026","200","OK","Authenticated users 1-6","text","true","","301168","864","50","50","http://prism.test/procurement-office?year=2026","5604","0","0"
"1791034320685","3507","MEASURED - Procurement dashboard FY2026","200","OK","Authenticated users 1-32","text","true","","301168","864","50","50","http://prism.test/procurement-office?year=2026","3501","0","0"
"1791034322516","1750","MEASURED - Procurement dashboard FY2026","200","OK","Authenticated users 1-45","text","true","","301168","864","50","50","http://prism.test/procurement-office?year=2026","1746","0","0"
"1791034319508","4840","MEASURED - Procurement dashboard FY2026","200","OK","Authenticated users 1-37","text","true","","301168","864","50","50","http://prism.test/procurement-office?year=2026","4833","0","0"
"1791034320608","3739","MEASURED - Procurement dashboard FY2026","200","OK","Authenticated users 1-27","text","true","","301168","864","50","50","http://prism.test/procurement-office?year=2026","3735","0","0"
"1791034319368","4980","MEASURED - Procurement dashboard FY2026","200","OK","Authenticated users 1-20","text","true","","301168","864","50","50","http://prism.test/procurement-office?year=2026","4974","0","0"
"1791034320502","3932","MEASURED - Procurement dashboard FY2026","200","OK","Authenticated users 1-50","text","true","","301168","864","50","50","http://prism.test/procurement-office?year=2026","3929","0","0"
"1791034308466","15995","MEASURED - Procurement dashboard FY2026","200","OK","Authenticated users 1-46","text","true","","301169","864","50","50","http://prism.test/procurement-office?year=2026","15990","0","2"
"1791034318575","6172","MEASURED - Procurement dashboard FY2026","200","OK","Authenticated users 1-3","text","true","","301168","864","50","50","http://prism.test/procurement-office?year=2026","6169","0","0"
"1791034321360","3461","MEASURED - Procurement dashboard FY2026","200","OK","Authenticated users 1-16","text","true","","301168","864","50","50","http://prism.test/procurement-office?year=2026","3459","0","0"
"1791034321595","3662","MEASURED - Procurement dashboard FY2026","200","OK","Authenticated users 1-36","text","true","","301168","864","50","50","http://prism.test/procurement-office?year=2026","3662","0","0"
"1791034322565","2692","MEASURED - Procurement dashboard FY2026","200","OK","Authenticated users 1-13","text","true","","301168","864","50","50","http://prism.test/procurement-office?year=2026","2692","0","0"
"1791034321516","3781","MEASURED - Procurement dashboard FY2026","200","OK","Authenticated users 1-35","text","true","","301168","864","50","50","http://prism.test/procurement-office?year=2026","3776","0","0"
"1791034321678","3853","MEASURED - Procurement dashboard FY2026","200","OK","Authenticated users 1-24","text","true","","301168","864","50","50","http://prism.test/procurement-office?year=2026","3842","0","0"
"1791034322654","2937","MEASURED - Procurement dashboard FY2026","200","OK","Authenticated users 1-9","text","true","","301168","864","50","50","http://prism.test/procurement-office?year=2026","2934","0","0"
"1791034321038","4609","MEASURED - Procurement dashboard FY2026","200","OK","Authenticated users 1-14","text","true","","301168","864","50","50","http://prism.test/procurement-office?year=2026","4603","0","0"
"1791034323102","3269","MEASURED - Procurement dashboard FY2026","200","OK","Authenticated users 1-29","text","true","","301168","864","50","50","http://prism.test/procurement-office?year=2026","3266","0","0"
"1791034320458","5920","MEASURED - Procurement dashboard FY2026","200","OK","Authenticated users 1-19","text","true","","301168","864","50","50","http://prism.test/procurement-office?year=2026","5916","0","0"
"1791034323753","3029","MEASURED - Procurement dashboard FY2026","200","OK","Authenticated users 1-30","text","true","","301168","864","50","50","http://prism.test/procurement-office?year=2026","3025","0","0"
"1791034322418","4366","MEASURED - Procurement dashboard FY2026","200","OK","Authenticated users 1-48","text","true","","301168","864","50","50","http://prism.test/procurement-office?year=2026","4362","0","0"
"1791034318350","8435","MEASURED - Procurement dashboard FY2026","200","OK","Authenticated users 1-33","text","true","","301168","864","50","50","http://prism.test/procurement-office?year=2026","8429","0","0"
"1791034317240","9557","MEASURED - Procurement dashboard FY2026","200","OK","Authenticated users 1-42","text","true","","301168","864","50","50","http://prism.test/procurement-office?year=2026","9544","0","0"
"1791034323357","3439","MEASURED - Procurement dashboard FY2026","200","OK","Authenticated users 1-25","text","true","","301168","864","50","50","http://prism.test/procurement-office?year=2026","3434","0","0"
"1791034323111","3867","MEASURED - Procurement dashboard FY2026","200","OK","Authenticated users 1-8","text","true","","301168","864","50","50","http://prism.test/procurement-office?year=2026","3864","0","0"
"1791034320460","6526","MEASURED - Procurement dashboard FY2026","200","OK","Authenticated users 1-34","text","true","","301168","864","50","50","http://prism.test/procurement-office?year=2026","6522","0","0"
"1791034323615","3522","MEASURED - Procurement dashboard FY2026","200","OK","Authenticated users 1-44","text","true","","301168","864","50","50","http://prism.test/procurement-office?year=2026","3519","0","0"
"1791034321646","5559","MEASURED - Procurement dashboard FY2026","200","OK","Authenticated users 1-2","text","true","","301168","864","50","50","http://prism.test/procurement-office?year=2026","5555","0","0"
"1791034323114","4209","MEASURED - Procurement dashboard FY2026","200","OK","Authenticated users 1-43","text","true","","301168","864","50","50","http://prism.test/procurement-office?year=2026","4205","0","0"
"1791034322657","5069","MEASURED - Procurement dashboard FY2026","200","OK","Authenticated users 1-28","text","true","","301168","864","50","50","http://prism.test/procurement-office?year=2026","5065","0","0"
"1791034321630","6395","MEASURED - Procurement dashboard FY2026","200","OK","Authenticated users 1-18","text","true","","301168","864","50","50","http://prism.test/procurement-office?year=2026","6391","0","0"
"1791034322262","5784","MEASURED - Procurement dashboard FY2026","200","OK","Authenticated users 1-4","text","true","","301168","864","50","50","http://prism.test/procurement-office?year=2026","5781","0","0"
"1791034323109","5232","MEASURED - Procurement dashboard FY2026","200","OK","Authenticated users 1-21","text","true","","301168","864","50","50","http://prism.test/procurement-office?year=2026","5228","0","0"
"1791034322169","6261","MEASURED - Procurement dashboard FY2026","200","OK","Authenticated users 1-12","text","true","","301168","864","50","50","http://prism.test/procurement-office?year=2026","6259","0","0"
"1791034321603","6868","MEASURED - Procurement dashboard FY2026","200","OK","Authenticated users 1-49","text","true","","301168","864","50","50","http://prism.test/procurement-office?year=2026","6864","0","0"
"1791034323357","5159","MEASURED - Procurement dashboard FY2026","200","OK","Authenticated users 1-11","text","true","","301168","864","50","50","http://prism.test/procurement-office?year=2026","5155","0","0"
"1791034319875","8641","MEASURED - Procurement dashboard FY2026","200","OK","Authenticated users 1-5","text","true","","301168","864","50","50","http://prism.test/procurement-office?year=2026","8638","0","0"
"1791034326786","1803","MEASURED - Procurement dashboard FY2026","200","OK","Authenticated users 1-48","text","true","","301168","864","50","50","http://prism.test/procurement-office?year=2026","1799","0","0"
"1791034324823","4111","MEASURED - Procurement dashboard FY2026","200","OK","Authenticated users 1-16","text","true","","301168","864","50","50","http://prism.test/procurement-office?year=2026","4108","0","0"
"1791034322701","6258","MEASURED - Procurement dashboard FY2026","200","OK","Authenticated users 1-38","text","true","","301168","864","50","50","http://prism.test/procurement-office?year=2026","6253","0","0"
"1791034324196","4780","MEASURED - Procurement dashboard FY2026","200","OK","Authenticated users 1-32","text","true","","301168","864","50","50","http://prism.test/procurement-office?year=2026","4777","0","0"
"1791034324463","4575","MEASURED - Procurement dashboard FY2026","200","OK","Authenticated users 1-46","text","true","","301168","864","50","50","http://prism.test/procurement-office?year=2026","4561","0","0"
"1791034323994","5102","MEASURED - Procurement dashboard FY2026","200","OK","Authenticated users 1-26","text","true","","301168","864","50","50","http://prism.test/procurement-office?year=2026","5102","0","0"
"1791034322753","6430","MEASURED - Procurement dashboard FY2026","200","OK","Authenticated users 1-23","text","true","","301168","864","50","50","http://prism.test/procurement-office?year=2026","6425","0","0"
"1791034323874","5350","MEASURED - Procurement dashboard FY2026","200","OK","Authenticated users 1-39","text","true","","301168","864","50","50","http://prism.test/procurement-office?year=2026","5346","0","0"
"1791034325261","4008","MEASURED - Procurement dashboard FY2026","200","OK","Authenticated users 1-13","text","true","","301168","864","50","50","http://prism.test/procurement-office?year=2026","4005","0","0"
"1791034323940","5373","MEASURED - Procurement dashboard FY2026","200","OK","Authenticated users 1-31","text","true","","301168","864","50","50","http://prism.test/procurement-office?year=2026","5370","0","0"
"1791034324437","4924","MEASURED - Procurement dashboard FY2026","200","OK","Authenticated users 1-50","text","true","","301168","864","50","50","http://prism.test/procurement-office?year=2026","4921","0","0"
"1791034324126","5243","MEASURED - Procurement dashboard FY2026","200","OK","Authenticated users 1-7","text","true","","301168","864","50","50","http://prism.test/procurement-office?year=2026","5240","0","0"
"1791034323543","5911","MEASURED - Procurement dashboard FY2026","200","OK","Authenticated users 1-22","text","true","","301168","864","50","50","http://prism.test/procurement-office?year=2026","5907","0","0"
"1791034323681","6201","MEASURED - Procurement dashboard FY2026","200","OK","Authenticated users 1-17","text","true","","301168","864","50","50","http://prism.test/procurement-office?year=2026","6197","0","0"
"1791034325649","4232","MEASURED - Procurement dashboard FY2026","200","OK","Authenticated users 1-14","text","true","","301168","864","50","50","http://prism.test/procurement-office?year=2026","4229","0","0"
"1791034325298","4635","MEASURED - Procurement dashboard FY2026","200","OK","Authenticated users 1-35","text","true","","301168","864","50","50","http://prism.test/procurement-office?year=2026","4632","0","0"
"1791034326380","3634","MEASURED - Procurement dashboard FY2026","200","OK","Authenticated users 1-19","text","true","","301168","864","50","50","http://prism.test/procurement-office?year=2026","3630","0","0"
"1791034324102","5986","MEASURED - Procurement dashboard FY2026","200","OK","Authenticated users 1-40","text","true","","301168","864","50","50","http://prism.test/procurement-office?year=2026","5982","0","0"
"1791034323541","6563","MEASURED - Procurement dashboard FY2026","200","OK","Authenticated users 1-41","text","true","","301168","864","50","50","http://prism.test/procurement-office?year=2026","6558","0","0"
"1791034327325","2821","MEASURED - Procurement dashboard FY2026","200","OK","Authenticated users 1-43","text","true","","301168","864","50","50","http://prism.test/procurement-office?year=2026","2818","0","0"
"1791034324193","5976","MEASURED - Procurement dashboard FY2026","200","OK","Authenticated users 1-6","text","true","","301168","864","50","50","http://prism.test/procurement-office?year=2026","5972","0","0"
"1791034324749","5643","MEASURED - Procurement dashboard FY2026","200","OK","Authenticated users 1-3","text","true","","301168","864","50","50","http://prism.test/procurement-office?year=2026","5638","0","0"
"1791034326374","4018","MEASURED - Procurement dashboard FY2026","200","OK","Authenticated users 1-29","text","true","","301168","864","50","50","http://prism.test/procurement-office?year=2026","4014","0","0"
"1791034329103","1549","MEASURED - Procurement dashboard FY2026","200","OK","Authenticated users 1-26","text","true","","301168","864","50","50","http://prism.test/procurement-office?year=2026","1546","0","0"
"1791034321547","9110","MEASURED - Procurement dashboard FY2026","200","OK","Authenticated users 1-47","text","true","","301168","864","50","50","http://prism.test/procurement-office?year=2026","9101","0","0"
"1791034324269","6475","MEASURED - Procurement dashboard FY2026","200","OK","Authenticated users 1-45","text","true","","301168","864","50","50","http://prism.test/procurement-office?year=2026","6470","0","0"
"1791034326982","3842","MEASURED - Procurement dashboard FY2026","200","OK","Authenticated users 1-8","text","true","","301168","864","50","50","http://prism.test/procurement-office?year=2026","3839","0","0"
"1791034324350","6721","MEASURED - Procurement dashboard FY2026","200","OK","Authenticated users 1-37","text","true","","301168","864","50","50","http://prism.test/procurement-office?year=2026","6717","0","0"
"1791034324351","6738","MEASURED - Procurement dashboard FY2026","200","OK","Authenticated users 1-27","text","true","","301168","864","50","50","http://prism.test/procurement-office?year=2026","6733","0","0"
"1791034325593","5507","MEASURED - Procurement dashboard FY2026","200","OK","Authenticated users 1-9","text","true","","301168","864","50","50","http://prism.test/procurement-office?year=2026","5502","0","0"
"1791034323187","7913","MEASURED - Procurement dashboard FY2026","200","OK","Authenticated users 1-10","text","true","","301168","864","50","50","http://prism.test/procurement-office?year=2026","7909","0","0"
"1791034326786","4438","MEASURED - Procurement dashboard FY2026","200","OK","Authenticated users 1-30","text","true","","301168","864","50","50","http://prism.test/procurement-office?year=2026","4435","0","0"
"1791034326800","4448","MEASURED - Procurement dashboard FY2026","200","OK","Authenticated users 1-42","text","true","","301168","864","50","50","http://prism.test/procurement-office?year=2026","4445","0","0"
"1791034324351","6957","MEASURED - Procurement dashboard FY2026","200","OK","Authenticated users 1-20","text","true","","301168","864","50","50","http://prism.test/procurement-office?year=2026","6951","0","0"
"1791034325533","5826","MEASURED - Procurement dashboard FY2026","200","OK","Authenticated users 1-24","text","true","","301168","864","50","50","http://prism.test/procurement-office?year=2026","5821","0","0"
"1791034327207","4358","MEASURED - Procurement dashboard FY2026","200","OK","Authenticated users 1-2","text","true","","301168","864","50","50","http://prism.test/procurement-office?year=2026","4354","0","0"
"1791034326786","4824","MEASURED - Procurement dashboard FY2026","200","OK","Authenticated users 1-33","text","true","","301168","864","50","50","http://prism.test/procurement-office?year=2026","4820","0","0"
"1791034328047","3756","MEASURED - Procurement dashboard FY2026","200","OK","Authenticated users 1-4","text","true","","301168","864","50","50","http://prism.test/procurement-office?year=2026","3752","0","0"
"1791034325261","6585","MEASURED - Procurement dashboard FY2026","200","OK","Authenticated users 1-36","text","true","","301168","864","50","50","http://prism.test/procurement-office?year=2026","6581","0","0"
"1791034327728","4182","MEASURED - Procurement dashboard FY2026","200","OK","Authenticated users 1-28","text","true","","301168","864","50","50","http://prism.test/procurement-office?year=2026","4177","0","0"
"1791034328939","3053","MEASURED - Procurement dashboard FY2026","200","OK","Authenticated users 1-16","text","true","","301168","864","50","50","http://prism.test/procurement-office?year=2026","3049","0","0"
"1791034329461","2780","MEASURED - Procurement dashboard FY2026","200","OK","Authenticated users 1-22","text","true","","301168","864","50","50","http://prism.test/procurement-office?year=2026","2776","0","0"
"1791034328027","4317","MEASURED - Procurement dashboard FY2026","200","OK","Authenticated users 1-18","text","true","","301168","864","50","50","http://prism.test/procurement-office?year=2026","4313","0","0"
"1791034324001","8402","MEASURED - Procurement dashboard FY2026","200","OK","Authenticated users 1-1","text","true","","301168","864","50","50","http://prism.test/procurement-office?year=2026","8396","0","0"
"1791034329275","3149","MEASURED - Procurement dashboard FY2026","200","OK","Authenticated users 1-13","text","true","","301168","864","50","50","http://prism.test/procurement-office?year=2026","3144","0","0"
"1791034328343","4216","MEASURED - Procurement dashboard FY2026","200","OK","Authenticated users 1-21","text","true","","301168","864","50","50","http://prism.test/procurement-office?year=2026","4213","0","0"
"1791034330109","2581","MEASURED - Procurement dashboard FY2026","200","OK","Authenticated users 1-41","text","true","","301168","864","50","50","http://prism.test/procurement-office?year=2026","2578","0","0"
"1791034329049","3847","MEASURED - Procurement dashboard FY2026","200","OK","Authenticated users 1-46","text","true","","301168","864","50","50","http://prism.test/procurement-office?year=2026","3841","0","0"
"1791034326988","5939","MEASURED - Procurement dashboard FY2026","200","OK","Authenticated users 1-34","text","true","","301168","864","50","50","http://prism.test/procurement-office?year=2026","5932","0","0"
"1791034327140","6246","MEASURED - Procurement dashboard FY2026","200","OK","Authenticated users 1-44","text","true","","301168","864","50","50","http://prism.test/procurement-office?year=2026","6237","0","0"
"1791034328434","5197","MEASURED - Procurement dashboard FY2026","200","OK","Authenticated users 1-12","text","true","","301168","864","50","50","http://prism.test/procurement-office?year=2026","5192","0","0"
"1791034326800","7039","MEASURED - Procurement dashboard FY2026","200","OK","Authenticated users 1-25","text","true","","301168","864","50","50","http://prism.test/procurement-office?year=2026","7031","0","0"
"1791034330660","3518","MEASURED - Procurement dashboard FY2026","200","OK","Authenticated users 1-47","text","true","","301168","864","50","50","http://prism.test/procurement-office?year=2026","3514","0","0"
"1791034330830","3422","MEASURED - Procurement dashboard FY2026","200","OK","Authenticated users 1-8","text","true","","301168","864","50","50","http://prism.test/procurement-office?year=2026","3419","0","0"
"1791034331252","3063","MEASURED - Procurement dashboard FY2026","200","OK","Authenticated users 1-42","text","true","","301168","864","50","50","http://prism.test/procurement-office?year=2026","3060","0","0"
"1791034329937","4392","MEASURED - Procurement dashboard FY2026","200","OK","Authenticated users 1-35","text","true","","301168","864","50","50","http://prism.test/procurement-office?year=2026","4389","0","0"
"1791034330150","4187","MEASURED - Procurement dashboard FY2026","200","OK","Authenticated users 1-43","text","true","","301168","864","50","50","http://prism.test/procurement-office?year=2026","4183","0","0"
"1791034329186","5155","MEASURED - Procurement dashboard FY2026","200","OK","Authenticated users 1-23","text","true","","301168","864","50","50","http://prism.test/procurement-office?year=2026","5150","0","0"
"1791034332563","2301","MEASURED - Procurement dashboard FY2026","200","OK","Authenticated users 1-21","text","true","","301168","864","50","50","http://prism.test/procurement-office?year=2026","2297","0","0"
"1791034331807","3057","MEASURED - Procurement dashboard FY2026","200","OK","Authenticated users 1-4","text","true","","301168","864","50","50","http://prism.test/procurement-office?year=2026","3055","0","0"
"1791034329886","5037","MEASURED - Procurement dashboard FY2026","200","OK","Authenticated users 1-17","text","true","","301168","864","50","50","http://prism.test/procurement-office?year=2026","5034","0","0"
"1791034330655","4292","MEASURED - Procurement dashboard FY2026","200","OK","Authenticated users 1-26","text","true","","301168","864","50","50","http://prism.test/procurement-office?year=2026","4282","0","0"
"1791034331228","3759","MEASURED - Procurement dashboard FY2026","200","OK","Authenticated users 1-30","text","true","","301168","864","50","50","http://prism.test/procurement-office?year=2026","3756","0","0"
"1791034331995","3015","MEASURED - Procurement dashboard FY2026","200","OK","Authenticated users 1-16","text","true","","301168","864","50","50","http://prism.test/procurement-office?year=2026","3012","0","0"
"1791034330396","4784","MEASURED - Procurement dashboard FY2026","200","OK","Authenticated users 1-29","text","true","","301168","864","50","50","http://prism.test/procurement-office?year=2026","4780","0","0"
"1791034329318","5862","MEASURED - Procurement dashboard FY2026","200","OK","Authenticated users 1-31","text","true","","301168","864","50","50","http://prism.test/procurement-office?year=2026","5857","0","0"
"1791034328474","6712","MEASURED - Procurement dashboard FY2026","200","OK","Authenticated users 1-49","text","true","","301168","864","50","50","http://prism.test/procurement-office?year=2026","6706","0","0"
"1791034329228","5996","MEASURED - Procurement dashboard FY2026","200","OK","Authenticated users 1-39","text","true","","301168","864","50","50","http://prism.test/procurement-office?year=2026","5991","0","0"
"1791034330092","5144","MEASURED - Procurement dashboard FY2026","200","OK","Authenticated users 1-40","text","true","","301168","864","50","50","http://prism.test/procurement-office?year=2026","5139","0","0"
"1791034329365","6009","MEASURED - Procurement dashboard FY2026","200","OK","Authenticated users 1-50","text","true","","301168","864","50","50","http://prism.test/procurement-office?year=2026","6005","0","0"
"1791034330747","4775","MEASURED - Procurement dashboard FY2026","200","OK","Authenticated users 1-45","text","true","","301168","864","50","50","http://prism.test/procurement-office?year=2026","4772","0","0"
"1791034328592","6953","MEASURED - Procurement dashboard FY2026","200","OK","Authenticated users 1-48","text","true","","301168","864","50","50","http://prism.test/procurement-office?year=2026","6950","0","0"
"1791034330018","5813","MEASURED - Procurement dashboard FY2026","200","OK","Authenticated users 1-19","text","true","","301168","864","50","50","http://prism.test/procurement-office?year=2026","5810","0","0"
"1791034328962","6911","MEASURED - Procurement dashboard FY2026","200","OK","Authenticated users 1-38","text","true","","301168","864","50","50","http://prism.test/procurement-office?year=2026","6907","0","0"
"1791034331104","4791","MEASURED - Procurement dashboard FY2026","200","OK","Authenticated users 1-9","text","true","","301168","864","50","50","http://prism.test/procurement-office?year=2026","4787","0","0"
"1791034329373","6531","MEASURED - Procurement dashboard FY2026","200","OK","Authenticated users 1-7","text","true","","301168","864","50","50","http://prism.test/procurement-office?year=2026","6524","0","0"
"1791034328519","7576","MEASURED - Procurement dashboard FY2026","200","OK","Authenticated users 1-11","text","true","","301168","864","50","50","http://prism.test/procurement-office?year=2026","7572","0","0"
"1791034331569","4905","MEASURED - Procurement dashboard FY2026","200","OK","Authenticated users 1-2","text","true","","301168","864","50","50","http://prism.test/procurement-office?year=2026","4901","0","0"
"1791034331312","5227","MEASURED - Procurement dashboard FY2026","200","OK","Authenticated users 1-20","text","true","","301168","864","50","50","http://prism.test/procurement-office?year=2026","5224","0","0"
"1791034332245","4407","MEASURED - Procurement dashboard FY2026","200","OK","Authenticated users 1-22","text","true","","301168","864","50","50","http://prism.test/procurement-office?year=2026","4403","0","0"
"1791034333843","3124","MEASURED - Procurement dashboard FY2026","200","OK","Authenticated users 1-25","text","true","","301168","864","50","50","http://prism.test/procurement-office?year=2026","3120","0","0"
"1791034332426","4587","MEASURED - Procurement dashboard FY2026","200","OK","Authenticated users 1-13","text","true","","301168","864","50","50","http://prism.test/procurement-office?year=2026","4584","0","0"
"1791034334331","2700","MEASURED - Procurement dashboard FY2026","200","OK","Authenticated users 1-35","text","true","","301168","864","50","50","http://prism.test/procurement-office?year=2026","2697","0","0"
"1791034332347","4704","MEASURED - Procurement dashboard FY2026","200","OK","Authenticated users 1-18","text","true","","301168","864","50","50","http://prism.test/procurement-office?year=2026","4700","0","0"
"1791034333390","3707","MEASURED - Procurement dashboard FY2026","200","OK","Authenticated users 1-44","text","true","","301168","864","50","50","http://prism.test/procurement-office?year=2026","3703","0","0"
"1791034331914","5357","MEASURED - Procurement dashboard FY2026","200","OK","Authenticated users 1-28","text","true","","301168","864","50","50","http://prism.test/procurement-office?year=2026","5353","0","0"
"1791034330174","7132","MEASURED - Procurement dashboard FY2026","200","OK","Authenticated users 1-6","text","true","","301168","864","50","50","http://prism.test/procurement-office?year=2026","7128","0","0"
"1791034334182","3222","MEASURED - Procurement dashboard FY2026","200","OK","Authenticated users 1-47","text","true","","301168","864","50","50","http://prism.test/procurement-office?year=2026","3218","0","0"
"1791034331104","6309","MEASURED - Procurement dashboard FY2026","200","OK","Authenticated users 1-10","text","true","","301168","864","50","50","http://prism.test/procurement-office?year=2026","6305","0","0"
"1791034332931","4555","MEASURED - Procurement dashboard FY2026","200","OK","Authenticated users 1-34","text","true","","301168","864","50","50","http://prism.test/procurement-office?year=2026","4552","0","0"
"1791034332693","4810","MEASURED - Procurement dashboard FY2026","200","OK","Authenticated users 1-41","text","true","","301168","864","50","50","http://prism.test/procurement-office?year=2026","4807","0","0"
"1791034334343","3504","MEASURED - Procurement dashboard FY2026","200","OK","Authenticated users 1-23","text","true","","301168","864","50","50","http://prism.test/procurement-office?year=2026","3500","0","0"
"1791034328980","8901","MEASURED - Procurement dashboard FY2026","200","OK","Authenticated users 1-32","text","true","","301168","864","50","50","http://prism.test/procurement-office?year=2026","8893","0","0"
"1791034331093","6820","MEASURED - Procurement dashboard FY2026","200","OK","Authenticated users 1-27","text","true","","301168","864","50","50","http://prism.test/procurement-office?year=2026","6816","0","0"
"1791034333633","4406","MEASURED - Procurement dashboard FY2026","200","OK","Authenticated users 1-12","text","true","","301168","864","50","50","http://prism.test/procurement-office?year=2026","4403","0","0"
"1791034334340","3710","MEASURED - Procurement dashboard FY2026","200","OK","Authenticated users 1-43","text","true","","301168","864","50","50","http://prism.test/procurement-office?year=2026","3706","0","0"
"1791034335239","2887","MEASURED - Procurement dashboard FY2026","200","OK","Authenticated users 1-40","text","true","","301168","864","50","50","http://prism.test/procurement-office?year=2026","2883","0","0"
"1791034331076","7205","MEASURED - Procurement dashboard FY2026","200","OK","Authenticated users 1-37","text","true","","301168","864","50","50","http://prism.test/procurement-office?year=2026","7199","0","0"
"1791034331851","6552","MEASURED - Procurement dashboard FY2026","200","OK","Authenticated users 1-36","text","true","","301168","864","50","50","http://prism.test/procurement-office?year=2026","6548","0","0"
"1791034334255","4252","MEASURED - Procurement dashboard FY2026","200","OK","Authenticated users 1-8","text","true","","301168","864","50","50","http://prism.test/procurement-office?year=2026","4245","0","0"
"1791034334950","3763","MEASURED - Procurement dashboard FY2026","200","OK","Authenticated users 1-26","text","true","","301168","864","50","50","http://prism.test/procurement-office?year=2026","3759","0","0"
"1791034335183","3780","MEASURED - Procurement dashboard FY2026","200","OK","Authenticated users 1-31","text","true","","301168","864","50","50","http://prism.test/procurement-office?year=2026","3776","0","0"
"1791034332407","6574","MEASURED - Procurement dashboard FY2026","200","OK","Authenticated users 1-1","text","true","","301168","864","50","50","http://prism.test/procurement-office?year=2026","6569","0","0"
"1791034334867","4120","MEASURED - Procurement dashboard FY2026","200","OK","Authenticated users 1-21","text","true","","301168","864","50","50","http://prism.test/procurement-office?year=2026","4116","0","0"
"1791034334926","4083","MEASURED - Procurement dashboard FY2026","200","OK","Authenticated users 1-17","text","true","","301168","864","50","50","http://prism.test/procurement-office?year=2026","4078","0","0"
"1791034337053","2146","MEASURED - Procurement dashboard FY2026","200","OK","Authenticated users 1-18","text","true","","301168","864","50","50","http://prism.test/procurement-office?year=2026","2142","0","0"
"1791034335182","4087","MEASURED - Procurement dashboard FY2026","200","OK","Authenticated users 1-29","text","true","","301168","864","50","50","http://prism.test/procurement-office?year=2026","4083","0","0"
"1791034331614","7854","MEASURED - Procurement dashboard FY2026","200","OK","Authenticated users 1-33","text","true","","301168","864","50","50","http://prism.test/procurement-office?year=2026","7850","0","0"
"1791034334867","4839","MEASURED - Procurement dashboard FY2026","200","OK","Authenticated users 1-4","text","true","","301168","864","50","50","http://prism.test/procurement-office?year=2026","4836","0","0"
"1791034337016","2703","MEASURED - Procurement dashboard FY2026","200","OK","Authenticated users 1-13","text","true","","301168","864","50","50","http://prism.test/procurement-office?year=2026","2699","0","0"
"1791034335836","3891","MEASURED - Procurement dashboard FY2026","200","OK","Authenticated users 1-19","text","true","","301168","864","50","50","http://prism.test/procurement-office?year=2026","3887","0","0"
"1791034334318","5442","MEASURED - Procurement dashboard FY2026","200","OK","Authenticated users 1-42","text","true","","301168","864","50","50","http://prism.test/procurement-office?year=2026","5437","0","0"
"1791034328519","11265","MEASURED - Procurement dashboard FY2026","200","OK","Authenticated users 1-5","text","true","","301168","864","50","50","http://prism.test/procurement-office?year=2026","11260","0","0"
"1791034335012","4787","MEASURED - Procurement dashboard FY2026","200","OK","Authenticated users 1-16","text","true","","301168","864","50","50","http://prism.test/procurement-office?year=2026","4783","0","0"
"1791034337916","1892","MEASURED - Procurement dashboard FY2026","200","OK","Authenticated users 1-27","text","true","","301168","864","50","50","http://prism.test/procurement-office?year=2026","1888","0","0"
"1791034330396","9475","MEASURED - Procurement dashboard FY2026","200","OK","Authenticated users 1-3","text","true","","301168","864","50","50","http://prism.test/procurement-office?year=2026","9468","0","0"
"1791034335898","4412","MEASURED - Procurement dashboard FY2026","200","OK","Authenticated users 1-9","text","true","","301168","864","50","50","http://prism.test/procurement-office?year=2026","4407","0","0"
"1791034337415","2897","MEASURED - Procurement dashboard FY2026","200","OK","Authenticated users 1-10","text","true","","301168","864","50","50","http://prism.test/procurement-office?year=2026","2890","0","0"
"1791034337406","2906","MEASURED - Procurement dashboard FY2026","200","OK","Authenticated users 1-47","text","true","","301168","864","50","50","http://prism.test/procurement-office?year=2026","2901","0","0"
"1791034329888","10518","MEASURED - Procurement dashboard FY2026","200","OK","Authenticated users 1-14","text","true","","301168","864","50","50","http://prism.test/procurement-office?year=2026","10512","0","0"
"1791034332898","7520","MEASURED - Procurement dashboard FY2026","200","OK","Authenticated users 1-46","text","true","","301168","864","50","50","http://prism.test/procurement-office?year=2026","7515","0","0"
"1791034336542","3961","MEASURED - Procurement dashboard FY2026","200","OK","Authenticated users 1-20","text","true","","301168","864","50","50","http://prism.test/procurement-office?year=2026","3957","0","0"
"1791034335227","5334","MEASURED - Procurement dashboard FY2026","200","OK","Authenticated users 1-39","text","true","","301168","864","50","50","http://prism.test/procurement-office?year=2026","5330","0","0"
"1791034336477","4141","MEASURED - Procurement dashboard FY2026","200","OK","Authenticated users 1-2","text","true","","301168","864","50","50","http://prism.test/procurement-office?year=2026","4137","0","0"
"1791034337033","3599","MEASURED - Procurement dashboard FY2026","200","OK","Authenticated users 1-35","text","true","","301168","864","50","50","http://prism.test/procurement-office?year=2026","3596","0","0"
"1791034336098","4546","MEASURED - Procurement dashboard FY2026","200","OK","Authenticated users 1-11","text","true","","301168","864","50","50","http://prism.test/procurement-office?year=2026","4543","0","0"
"1791034337273","3446","MEASURED - Procurement dashboard FY2026","200","OK","Authenticated users 1-28","text","true","","301168","864","50","50","http://prism.test/procurement-office?year=2026","3443","0","0"
"1791034337489","3348","MEASURED - Procurement dashboard FY2026","200","OK","Authenticated users 1-34","text","true","","301168","864","50","50","http://prism.test/procurement-office?year=2026","3344","0","0"
"1791034338128","2721","MEASURED - Procurement dashboard FY2026","200","OK","Authenticated users 1-40","text","true","","301168","864","50","50","http://prism.test/procurement-office?year=2026","2718","0","0"
"1791034337849","3008","MEASURED - Procurement dashboard FY2026","200","OK","Authenticated users 1-23","text","true","","301168","864","50","50","http://prism.test/procurement-office?year=2026","3004","0","0"
"1791034335377","5618","MEASURED - Procurement dashboard FY2026","200","OK","Authenticated users 1-50","text","true","","301168","864","50","50","http://prism.test/procurement-office?year=2026","5614","0","0"
"1791034335876","5141","MEASURED - Procurement dashboard FY2026","200","OK","Authenticated users 1-38","text","true","","301168","864","50","50","http://prism.test/procurement-office?year=2026","5136","0","0"
"1791034331363","9743","MEASURED - Procurement dashboard FY2026","200","OK","Authenticated users 1-24","text","true","","301168","864","50","50","http://prism.test/procurement-office?year=2026","9742","0","0"
"1791034335547","5781","MEASURED - Procurement dashboard FY2026","200","OK","Authenticated users 1-48","text","true","","301168","864","50","50","http://prism.test/procurement-office?year=2026","5776","0","0"
"1791034337100","4289","MEASURED - Procurement dashboard FY2026","200","OK","Authenticated users 1-44","text","true","","301168","864","50","50","http://prism.test/procurement-office?year=2026","4285","0","0"
"1791034334990","6878","MEASURED - Procurement dashboard FY2026","200","OK","Authenticated users 1-30","text","true","","301168","864","50","50","http://prism.test/procurement-office?year=2026","6873","0","0"
"1791034339730","2221","MEASURED - Procurement dashboard FY2026","200","OK","Authenticated users 1-19","text","true","","301168","864","50","50","http://prism.test/procurement-office?year=2026","2218","0","0"
"1791034335908","6055","MEASURED - Procurement dashboard FY2026","200","OK","Authenticated users 1-7","text","true","","301168","864","50","50","http://prism.test/procurement-office?year=2026","6050","0","0"
"1791034335188","6929","MEASURED - Procurement dashboard FY2026","200","OK","Authenticated users 1-49","text","true","","301168","864","50","50","http://prism.test/procurement-office?year=2026","6925","0","0"
"1791034338984","3182","MEASURED - Procurement dashboard FY2026","200","OK","Authenticated users 1-1","text","true","","301168","864","50","50","http://prism.test/procurement-office?year=2026","3179","0","0"
"1791034336655","5565","MEASURED - Procurement dashboard FY2026","200","OK","Authenticated users 1-22","text","true","","301168","864","50","50","http://prism.test/procurement-office?year=2026","5562","0","0"
"1791034335525","6708","MEASURED - Procurement dashboard FY2026","200","OK","Authenticated users 1-45","text","true","","301168","864","50","50","http://prism.test/procurement-office?year=2026","6699","0","0"
"1791034338510","3731","MEASURED - Procurement dashboard FY2026","200","OK","Authenticated users 1-8","text","true","","301168","864","50","50","http://prism.test/procurement-office?year=2026","3728","0","0"
"1791034338966","3375","MEASURED - Procurement dashboard FY2026","200","OK","Authenticated users 1-31","text","true","","301168","864","50","50","http://prism.test/procurement-office?year=2026","3372","0","0"
"1791034339202","3224","MEASURED - Procurement dashboard FY2026","200","OK","Authenticated users 1-18","text","true","","301168","864","50","50","http://prism.test/procurement-office?year=2026","3220","0","0"
"1791034339709","2801","MEASURED - Procurement dashboard FY2026","200","OK","Authenticated users 1-4","text","true","","301168","864","50","50","http://prism.test/procurement-office?year=2026","2798","0","0"
"1791034338285","4255","MEASURED - Procurement dashboard FY2026","200","OK","Authenticated users 1-37","text","true","","301168","864","50","50","http://prism.test/procurement-office?year=2026","4234","0","0"
"1791034338406","4157","MEASURED - Procurement dashboard FY2026","200","OK","Authenticated users 1-36","text","true","","301168","864","50","50","http://prism.test/procurement-office?year=2026","4154","0","0"
"1791034338990","3671","MEASURED - Procurement dashboard FY2026","200","OK","Authenticated users 1-21","text","true","","301168","864","50","50","http://prism.test/procurement-office?year=2026","3667","0","0"
"1791034338053","4799","MEASURED - Procurement dashboard FY2026","500","Internal Server Error","Authenticated users 1-43","text","false","Expected authenticated Procurement Office dashboard and HTTP 200.","13629","864","50","50","http://prism.test/procurement-office?year=2026","4791","0","0"
"1791034337311","5731","MEASURED - Procurement dashboard FY2026","200","OK","Authenticated users 1-6","text","true","","301168","864","50","50","http://prism.test/procurement-office?year=2026","5727","0","0"
"1791034339811","3242","MEASURED - Procurement dashboard FY2026","200","OK","Authenticated users 1-27","text","true","","301168","864","50","50","http://prism.test/procurement-office?year=2026","3241","0","0"
"1791034339011","4118","MEASURED - Procurement dashboard FY2026","200","OK","Authenticated users 1-17","text","true","","301168","864","50","50","http://prism.test/procurement-office?year=2026","4115","0","0"
"1791034337505","5771","MEASURED - Procurement dashboard FY2026","200","OK","Authenticated users 1-41","text","true","","301168","864","50","50","http://prism.test/procurement-office?year=2026","5768","0","0"
"1791034336970","6457","MEASURED - Procurement dashboard FY2026","200","OK","Authenticated users 1-25","text","true","","301168","864","50","50","http://prism.test/procurement-office?year=2026","6453","0","0"
"1791034340635","3074","MEASURED - Procurement dashboard FY2026","200","OK","Authenticated users 1-35","text","true","","301168","864","50","50","http://prism.test/procurement-office?year=2026","3071","0","0"
"1791034339874","3884","MEASURED - Procurement dashboard FY2026","200","OK","Authenticated users 1-3","text","true","","301168","864","50","50","http://prism.test/procurement-office?year=2026","3882","0","0"
"1791034340412","3357","MEASURED - Procurement dashboard FY2026","200","OK","Authenticated users 1-14","text","true","","301168","864","50","50","http://prism.test/procurement-office?year=2026","3354","0","0"
"1791034340622","3153","MEASURED - Procurement dashboard FY2026","200","OK","Authenticated users 1-2","text","true","","301168","864","50","50","http://prism.test/procurement-office?year=2026","3150","0","0"
"1791034339722","4115","MEASURED - Procurement dashboard FY2026","200","OK","Authenticated users 1-13","text","true","","301168","864","50","50","http://prism.test/procurement-office?year=2026","4111","0","0"
"1791034341955","1913","MEASURED - Procurement dashboard FY2026","200","OK","Authenticated users 1-19","text","true","","301168","864","50","50","http://prism.test/procurement-office?year=2026","1910","0","0"
"1791034340723","3146","MEASURED - Procurement dashboard FY2026","200","OK","Authenticated users 1-28","text","true","","301168","864","50","50","http://prism.test/procurement-office?year=2026","3141","0","0"
"1791034340355","3571","MEASURED - Procurement dashboard FY2026","200","OK","Authenticated users 1-47","text","true","","301168","864","50","50","http://prism.test/procurement-office?year=2026","3568","0","0"
"1791034340313","3700","MEASURED - Procurement dashboard FY2026","200","OK","Authenticated users 1-9","text","true","","301168","864","50","50","http://prism.test/procurement-office?year=2026","3697","0","0"
"1791034338042","5998","MEASURED - Procurement dashboard FY2026","200","OK","Authenticated users 1-12","text","true","","301168","864","50","50","http://prism.test/procurement-office?year=2026","5994","0","0"
"1791034340420","3648","MEASURED - Procurement dashboard FY2026","200","OK","Authenticated users 1-46","text","true","","301168","864","50","50","http://prism.test/procurement-office?year=2026","3645","0","0"
"1791034340506","3762","MEASURED - Procurement dashboard FY2026","200","OK","Authenticated users 1-20","text","true","","301168","864","50","50","http://prism.test/procurement-office?year=2026","3759","0","0"
"1791034339763","4508","MEASURED - Procurement dashboard FY2026","200","OK","Authenticated users 1-42","text","true","","301168","864","50","50","http://prism.test/procurement-office?year=2026","4504","0","0"
"1791034339470","4910","MEASURED - Procurement dashboard FY2026","200","OK","Authenticated users 1-33","text","true","","301168","864","50","50","http://prism.test/procurement-office?year=2026","4906","0","0"
"1791034340315","4182","MEASURED - Procurement dashboard FY2026","200","OK","Authenticated users 1-10","text","true","","301168","864","50","50","http://prism.test/procurement-office?year=2026","4179","0","0"
"1791034340998","3521","MEASURED - Procurement dashboard FY2026","200","OK","Authenticated users 1-50","text","true","","301168","864","50","50","http://prism.test/procurement-office?year=2026","3517","0","0"
"1791034340647","4175","MEASURED - Procurement dashboard FY2026","200","OK","Authenticated users 1-11","text","true","","301168","864","50","50","http://prism.test/procurement-office?year=2026","4171","0","0"
"1791034341965","2890","MEASURED - Procurement dashboard FY2026","200","OK","Authenticated users 1-7","text","true","","301168","864","50","50","http://prism.test/procurement-office?year=2026","2887","0","0"
"1791034339787","5124","MEASURED - Procurement dashboard FY2026","200","OK","Authenticated users 1-5","text","true","","301168","864","50","50","http://prism.test/procurement-office?year=2026","5120","0","0"
"1791034338715","6291","MEASURED - Procurement dashboard FY2026","200","OK","Authenticated users 1-26","text","true","","301168","864","50","50","http://prism.test/procurement-office?year=2026","6287","0","0"
"1791034340852","4236","MEASURED - Procurement dashboard FY2026","200","OK","Authenticated users 1-40","text","true","","301168","864","50","50","http://prism.test/procurement-office?year=2026","4232","0","0"
"1791034340862","4287","MEASURED - Procurement dashboard FY2026","200","OK","Authenticated users 1-23","text","true","","301168","864","50","50","http://prism.test/procurement-office?year=2026","4284","0","0"
"1791034339802","5621","MEASURED - Procurement dashboard FY2026","200","OK","Authenticated users 1-16","text","true","","301168","864","50","50","http://prism.test/procurement-office?year=2026","5617","0","0"
"1791034341392","4116","MEASURED - Procurement dashboard FY2026","200","OK","Authenticated users 1-44","text","true","","301168","864","50","50","http://prism.test/procurement-office?year=2026","4113","0","0"
"1791034342224","3429","MEASURED - Procurement dashboard FY2026","200","OK","Authenticated users 1-22","text","true","","301168","864","50","50","http://prism.test/procurement-office?year=2026","3426","0","0"
"1791034342344","3366","MEASURED - Procurement dashboard FY2026","200","OK","Authenticated users 1-31","text","true","","301168","864","50","50","http://prism.test/procurement-office?year=2026","3363","0","0"
"1791034342853","3271","MEASURED - Procurement dashboard FY2026","200","OK","Authenticated users 1-43","text","true","","301169","864","50","50","http://prism.test/procurement-office?year=2026","3259","0","7"
"1791034341019","5105","MEASURED - Procurement dashboard FY2026","200","OK","Authenticated users 1-38","text","true","","301168","864","50","50","http://prism.test/procurement-office?year=2026","5105","0","0"
"1791034343132","2992","MEASURED - Procurement dashboard FY2026","200","OK","Authenticated users 1-17","text","true","","301168","864","50","50","http://prism.test/procurement-office?year=2026","2979","0","0"
"1791034344042","2100","MEASURED - Procurement dashboard FY2026","200","OK","Authenticated users 1-12","text","true","","301168","864","50","50","http://prism.test/procurement-office?year=2026","2086","0","0"
"1791034340564","5895","MEASURED - Procurement dashboard FY2026","200","OK","Authenticated users 1-39","text","true","","301168","864","50","50","http://prism.test/procurement-office?year=2026","5892","0","0"
"1791034342169","4307","MEASURED - Procurement dashboard FY2026","200","OK","Authenticated users 1-1","text","true","","301168","864","50","50","http://prism.test/procurement-office?year=2026","4303","0","0"
"1791034341870","4607","MEASURED - Procurement dashboard FY2026","200","OK","Authenticated users 1-30","text","true","","301168","864","50","50","http://prism.test/procurement-office?year=2026","4603","0","0"
"1791034342120","4359","MEASURED - Procurement dashboard FY2026","200","OK","Authenticated users 1-49","text","true","","301168","864","50","50","http://prism.test/procurement-office?year=2026","4354","0","0"
"1791034343712","3033","MEASURED - Procurement dashboard FY2026","200","OK","Authenticated users 1-35","text","true","","301168","864","50","50","http://prism.test/procurement-office?year=2026","3029","0","0"
"1791034343429","3316","MEASURED - Procurement dashboard FY2026","200","OK","Authenticated users 1-25","text","true","","301168","864","50","50","http://prism.test/procurement-office?year=2026","3312","0","0"
"1791034340840","5913","MEASURED - Procurement dashboard FY2026","200","OK","Authenticated users 1-34","text","true","","301168","864","50","50","http://prism.test/procurement-office?year=2026","5909","0","0"
"1791034343871","2951","MEASURED - Procurement dashboard FY2026","500","Internal Server Error","Authenticated users 1-19","text","false","Expected authenticated Procurement Office dashboard and HTTP 200.","13629","864","50","50","http://prism.test/procurement-office?year=2026","2710","0","0"
"1791034342243","4701","MEASURED - Procurement dashboard FY2026","200","OK","Authenticated users 1-8","text","true","","301168","864","50","50","http://prism.test/procurement-office?year=2026","4698","0","0"
"1791034343929","3075","MEASURED - Procurement dashboard FY2026","200","OK","Authenticated users 1-47","text","true","","301168","864","50","50","http://prism.test/procurement-office?year=2026","3071","0","0"
"1791034344015","2996","MEASURED - Procurement dashboard FY2026","200","OK","Authenticated users 1-9","text","true","","301168","864","50","50","http://prism.test/procurement-office?year=2026","2992","0","0"
"1791034343839","3172","MEASURED - Procurement dashboard FY2026","200","OK","Authenticated users 1-13","text","true","","301168","864","50","50","http://prism.test/procurement-office?year=2026","3168","0","0"
"1791034341108","5909","MEASURED - Procurement dashboard FY2026","200","OK","Authenticated users 1-24","text","true","","301168","864","50","50","http://prism.test/procurement-office?year=2026","5904","0","0"
"1791034343279","4086","MEASURED - Procurement dashboard FY2026","500","Internal Server Error","Authenticated users 1-41","text","false","Expected authenticated Procurement Office dashboard and HTTP 200.","13629","864","50","50","http://prism.test/procurement-office?year=2026","4081","0","0"
"1791034341331","6078","MEASURED - Procurement dashboard FY2026","200","OK","Authenticated users 1-48","text","true","","301168","864","50","50","http://prism.test/procurement-office?year=2026","6072","0","0"
"1791034342543","5261","MEASURED - Procurement dashboard FY2026","200","OK","Authenticated users 1-37","text","true","","301168","864","50","50","http://prism.test/procurement-office?year=2026","5256","0","0"
"1791034343056","4761","MEASURED - Procurement dashboard FY2026","200","OK","Authenticated users 1-27","text","true","","301168","864","50","50","http://prism.test/procurement-office?year=2026","4759","0","0"
"1791034342663","5155","MEASURED - Procurement dashboard FY2026","200","OK","Authenticated users 1-21","text","true","","301168","864","50","50","http://prism.test/procurement-office?year=2026","5153","0","0"
"1791034342428","5390","MEASURED - Procurement dashboard FY2026","200","OK","Authenticated users 1-18","text","true","","301168","864","50","50","http://prism.test/procurement-office?year=2026","5385","0","0"
"1791034343777","4055","MEASURED - Procurement dashboard FY2026","200","OK","Authenticated users 1-2","text","true","","301168","864","50","50","http://prism.test/procurement-office?year=2026","4050","0","0"
"1791034342566","5264","MEASURED - Procurement dashboard FY2026","200","OK","Authenticated users 1-36","text","true","","301168","864","50","50","http://prism.test/procurement-office?year=2026","5259","0","0"
"1791034342236","5601","MEASURED - Procurement dashboard FY2026","200","OK","Authenticated users 1-45","text","true","","301168","864","50","50","http://prism.test/procurement-office?year=2026","5594","0","0"
"1791034344274","3619","MEASURED - Procurement dashboard FY2026","200","OK","Authenticated users 1-42","text","true","","301168","864","50","50","http://prism.test/procurement-office?year=2026","3614","0","0"
"1791034343871","4022","MEASURED - Procurement dashboard FY2026","200","OK","Authenticated users 1-28","text","true","","301168","864","50","50","http://prism.test/procurement-office?year=2026","4018","0","0"
"1791034343772","4254","MEASURED - Procurement dashboard FY2026","200","OK","Authenticated users 1-14","text","true","","301168","864","50","50","http://prism.test/procurement-office?year=2026","4245","0","0"
"1791034344914","3139","MEASURED - Procurement dashboard FY2026","200","OK","Authenticated users 1-5","text","true","","301168","864","50","50","http://prism.test/procurement-office?year=2026","3134","0","0"
"1791034344521","3614","MEASURED - Procurement dashboard FY2026","200","OK","Authenticated users 1-50","text","true","","301168","864","50","50","http://prism.test/procurement-office?year=2026","3609","0","0"
"1791034344500","3663","MEASURED - Procurement dashboard FY2026","200","OK","Authenticated users 1-10","text","true","","301168","864","50","50","http://prism.test/procurement-office?year=2026","3656","0","0"
"1791034344071","4183","MEASURED - Procurement dashboard FY2026","200","OK","Authenticated users 1-46","text","true","","301168","864","50","50","http://prism.test/procurement-office?year=2026","4179","0","0"
"1791034344824","3465","MEASURED - Procurement dashboard FY2026","200","OK","Authenticated users 1-11","text","true","","301168","864","50","50","http://prism.test/procurement-office?year=2026","3461","0","0"
"1791034343761","4589","MEASURED - Procurement dashboard FY2026","500","Internal Server Error","Authenticated users 1-3","text","false","Expected authenticated Procurement Office dashboard and HTTP 200.","13629","864","50","50","http://prism.test/procurement-office?year=2026","4582","0","0"
"1791034343045","5428","MEASURED - Procurement dashboard FY2026","200","OK","Authenticated users 1-6","text","true","","301168","864","50","50","http://prism.test/procurement-office?year=2026","5424","0","0"
"1791034344273","4216","MEASURED - Procurement dashboard FY2026","200","OK","Authenticated users 1-20","text","true","","301168","864","50","50","http://prism.test/procurement-office?year=2026","4212","0","0"
"1791034339271","9222","MEASURED - Procurement dashboard FY2026","200","OK","Authenticated users 1-29","text","true","","301168","864","50","50","http://prism.test/procurement-office?year=2026","9217","0","0"
"1791034342513","6009","MEASURED - Procurement dashboard FY2026","200","OK","Authenticated users 1-4","text","true","","301168","864","50","50","http://prism.test/procurement-office?year=2026","6006","0","0"
"1791034347014","1542","MEASURED - Procurement dashboard FY2026","200","OK","Authenticated users 1-9","text","true","","301168","864","50","50","http://prism.test/procurement-office?year=2026","1539","0","0"
"1791034345151","3526","MEASURED - Procurement dashboard FY2026","200","OK","Authenticated users 1-23","text","true","","301168","864","50","50","http://prism.test/procurement-office?year=2026","3523","0","0"
"1791034345656","3060","MEASURED - Procurement dashboard FY2026","200","OK","Authenticated users 1-22","text","true","","301168","864","50","50","http://prism.test/procurement-office?year=2026","3057","0","0"
"1791034346947","2296","MEASURED - Procurement dashboard FY2026","200","OK","Authenticated users 1-8","text","true","","301168","864","50","50","http://prism.test/procurement-office?year=2026","2291","0","0"
"1791034344382","4874","MEASURED - Procurement dashboard FY2026","200","OK","Authenticated users 1-33","text","true","","301168","864","50","50","http://prism.test/procurement-office?year=2026","4871","0","0"
"1791034346748","2514","MEASURED - Procurement dashboard FY2026","200","OK","Authenticated users 1-25","text","true","","301168","864","50","50","http://prism.test/procurement-office?year=2026","2510","0","0"
"1791034345090","4176","MEASURED - Procurement dashboard FY2026","200","OK","Authenticated users 1-40","text","true","","301169","864","50","50","http://prism.test/procurement-office?year=2026","4172","0","2"
"1791034344858","4482","MEASURED - Procurement dashboard FY2026","200","OK","Authenticated users 1-7","text","true","","301168","864","50","50","http://prism.test/procurement-office?year=2026","4479","0","0"
"1791034346127","3228","MEASURED - Procurement dashboard FY2026","200","OK","Authenticated users 1-43","text","true","","301168","864","50","50","http://prism.test/procurement-office?year=2026","3224","0","0"
"1791034345712","3803","MEASURED - Procurement dashboard FY2026","200","OK","Authenticated users 1-31","text","true","","301168","864","50","50","http://prism.test/procurement-office?year=2026","3800","0","0"
"1791034345510","4314","MEASURED - Procurement dashboard FY2026","200","OK","Authenticated users 1-44","text","true","","301168","864","50","50","http://prism.test/procurement-office?year=2026","4311","0","0"
"1791034346127","4296","MEASURED - Procurement dashboard FY2026","200","OK","Authenticated users 1-38","text","true","","301168","864","50","50","http://prism.test/procurement-office?year=2026","4291","0","0"
"1791034347014","3457","MEASURED - Procurement dashboard FY2026","200","OK","Authenticated users 1-13","text","true","","301168","864","50","50","http://prism.test/procurement-office?year=2026","3452","0","0"
"1791034346748","3723","MEASURED - Procurement dashboard FY2026","200","OK","Authenticated users 1-35","text","true","","301168","864","50","50","http://prism.test/procurement-office?year=2026","3719","0","0"
"1791034346145","4406","MEASURED - Procurement dashboard FY2026","200","OK","Authenticated users 1-12","text","true","","301168","864","50","50","http://prism.test/procurement-office?year=2026","4401","0","0"
"1791034348028","2549","MEASURED - Procurement dashboard FY2026","200","OK","Authenticated users 1-14","text","true","","301168","864","50","50","http://prism.test/procurement-office?year=2026","2545","0","0"
"1791034347836","2827","MEASURED - Procurement dashboard FY2026","200","OK","Authenticated users 1-36","text","true","","301168","864","50","50","http://prism.test/procurement-office?year=2026","2824","0","0"
"1791034345008","5764","MEASURED - Procurement dashboard FY2026","200","OK","Authenticated users 1-26","text","true","","301168","864","50","50","http://prism.test/procurement-office?year=2026","5761","0","0"
"1791034347411","3619","MEASURED - Procurement dashboard FY2026","200","OK","Authenticated users 1-48","text","true","","301168","864","50","50","http://prism.test/procurement-office?year=2026","3616","0","0"
"1791034348138","2906","MEASURED - Procurement dashboard FY2026","200","OK","Authenticated users 1-50","text","true","","301168","864","50","50","http://prism.test/procurement-office?year=2026","2902","0","0"
"1791034348719","2326","MEASURED - Procurement dashboard FY2026","200","OK","Authenticated users 1-22","text","true","","301168","864","50","50","http://prism.test/procurement-office?year=2026","2321","0","0"
"1791034347019","4026","MEASURED - Procurement dashboard FY2026","200","OK","Authenticated users 1-24","text","true","","301168","864","50","50","http://prism.test/procurement-office?year=2026","4022","0","0"
"1791034348291","2850","MEASURED - Procurement dashboard FY2026","200","OK","Authenticated users 1-11","text","true","","301168","864","50","50","http://prism.test/procurement-office?year=2026","2841","0","0"
"1791034346479","4683","MEASURED - Procurement dashboard FY2026","200","OK","Authenticated users 1-1","text","true","","301168","864","50","50","http://prism.test/procurement-office?year=2026","4680","0","0"
"1791034347007","4209","MEASURED - Procurement dashboard FY2026","200","OK","Authenticated users 1-47","text","true","","301168","864","50","50","http://prism.test/procurement-office?year=2026","4205","0","0"
"1791034347840","3436","MEASURED - Procurement dashboard FY2026","200","OK","Authenticated users 1-45","text","true","","301169","864","50","50","http://prism.test/procurement-office?year=2026","3432","0","2"
"1791034346481","4807","MEASURED - Procurement dashboard FY2026","200","OK","Authenticated users 1-49","text","true","","301168","864","50","50","http://prism.test/procurement-office?year=2026","4794","0","0"
"1791034345425","5897","MEASURED - Procurement dashboard FY2026","200","OK","Authenticated users 1-16","text","true","","301168","864","50","50","http://prism.test/procurement-office?year=2026","5895","0","0"
"1791034349260","2099","MEASURED - Procurement dashboard FY2026","200","OK","Authenticated users 1-33","text","true","","301168","864","50","50","http://prism.test/procurement-office?year=2026","2087","0","0"
"1791034348476","2885","MEASURED - Procurement dashboard FY2026","200","OK","Authenticated users 1-6","text","true","","301168","864","50","50","http://prism.test/procurement-office?year=2026","2883","0","0"
"1791034347821","3636","MEASURED - Procurement dashboard FY2026","200","OK","Authenticated users 1-21","text","true","","301168","864","50","50","http://prism.test/procurement-office?year=2026","3633","0","0"
"1791034347821","3665","MEASURED - Procurement dashboard FY2026","200","OK","Authenticated users 1-18","text","true","","301168","864","50","50","http://prism.test/procurement-office?year=2026","3661","0","0"
"1791034346462","5025","MEASURED - Procurement dashboard FY2026","200","OK","Authenticated users 1-39","text","true","","301169","864","50","50","http://prism.test/procurement-office?year=2026","5020","0","3"
"1791034346755","4738","MEASURED - Procurement dashboard FY2026","200","OK","Authenticated users 1-34","text","true","","301168","864","50","50","http://prism.test/procurement-office?year=2026","4735","0","0"
"1791034346127","5682","MEASURED - Procurement dashboard FY2026","200","OK","Authenticated users 1-17","text","true","","301168","864","50","50","http://prism.test/procurement-office?year=2026","5678","0","0"
"1791034347821","4184","MEASURED - Procurement dashboard FY2026","200","OK","Authenticated users 1-27","text","true","","301168","864","50","50","http://prism.test/procurement-office?year=2026","4181","0","0"
"1791034347834","4186","MEASURED - Procurement dashboard FY2026","200","OK","Authenticated users 1-2","text","true","","301168","864","50","50","http://prism.test/procurement-office?year=2026","4183","0","0"
"1791034348256","3780","MEASURED - Procurement dashboard FY2026","200","OK","Authenticated users 1-46","text","true","","301168","864","50","50","http://prism.test/procurement-office?year=2026","3777","0","0"
"1791034349247","2799","MEASURED - Procurement dashboard FY2026","200","OK","Authenticated users 1-8","text","true","","301168","864","50","50","http://prism.test/procurement-office?year=2026","2796","0","0"
"1791034346479","5611","MEASURED - Procurement dashboard FY2026","200","OK","Authenticated users 1-30","text","true","","301168","864","50","50","http://prism.test/procurement-office?year=2026","5608","0","0"
"1791034348680","3420","MEASURED - Procurement dashboard FY2026","200","OK","Authenticated users 1-23","text","true","","301168","864","50","50","http://prism.test/procurement-office?year=2026","3417","0","0"
"1791034348495","3616","MEASURED - Procurement dashboard FY2026","200","OK","Authenticated users 1-29","text","true","","301168","864","50","50","http://prism.test/procurement-office?year=2026","3614","0","0"
"1791034348166","3950","MEASURED - Procurement dashboard FY2026","200","OK","Authenticated users 1-10","text","true","","301168","864","50","50","http://prism.test/procurement-office?year=2026","3946","0","0"
"1791034347806","4360","MEASURED - Procurement dashboard FY2026","200","OK","Authenticated users 1-37","text","true","","301168","864","50","50","http://prism.test/procurement-office?year=2026","4356","0","0"
"1791034347366","5202","MEASURED - Procurement dashboard FY2026","200","OK","Authenticated users 1-41","text","true","","301169","864","50","50","http://prism.test/procurement-office?year=2026","5196","0","2"
"1791034349266","3396","MEASURED - Procurement dashboard FY2026","200","OK","Authenticated users 1-25","text","true","","301168","864","50","50","http://prism.test/procurement-office?year=2026","3393","0","0"
"1791034347896","4819","MEASURED - Procurement dashboard FY2026","200","OK","Authenticated users 1-28","text","true","","301168","864","50","50","http://prism.test/procurement-office?year=2026","4815","0","0"
"1791034348525","4199","MEASURED - Procurement dashboard FY2026","200","OK","Authenticated users 1-4","text","true","","301168","864","50","50","http://prism.test/procurement-office?year=2026","4197","0","0"
"1791034348558","4171","MEASURED - Procurement dashboard FY2026","200","OK","Authenticated users 1-9","text","true","","301168","864","50","50","http://prism.test/procurement-office?year=2026","4163","0","0"
"1791034349270","3473","MEASURED - Procurement dashboard FY2026","200","OK","Authenticated users 1-40","text","true","","301168","864","50","50","http://prism.test/procurement-office?year=2026","3469","0","0"
"1791034349358","3407","MEASURED - Procurement dashboard FY2026","200","OK","Authenticated users 1-43","text","true","","301168","864","50","50","http://prism.test/procurement-office?year=2026","3403","0","0"
"1791034351461","1368","MEASURED - Procurement dashboard FY2026","200","OK","Authenticated users 1-21","text","true","","301168","864","50","50","http://prism.test/procurement-office?year=2026","1364","0","0"
"1791034348491","4369","MEASURED - Procurement dashboard FY2026","200","OK","Authenticated users 1-20","text","true","","301168","864","50","50","http://prism.test/procurement-office?year=2026","4356","0","0"
"1791034348352","4617","MEASURED - Procurement dashboard FY2026","200","OK","Authenticated users 1-3","text","true","","301169","864","50","50","http://prism.test/procurement-office?year=2026","4613","0","2"
"1791034351280","1885","MEASURED - Procurement dashboard FY2026","200","OK","Authenticated users 1-45","text","true","","301168","864","50","50","http://prism.test/procurement-office?year=2026","1882","0","0"
"1791034349344","3938","MEASURED - Procurement dashboard FY2026","200","OK","Authenticated users 1-7","text","true","","301168","864","50","50","http://prism.test/procurement-office?year=2026","3935","0","0"
"1791034347896","5427","MEASURED - Procurement dashboard FY2026","200","OK","Authenticated users 1-42","text","true","","301169","864","50","50","http://prism.test/procurement-office?year=2026","5423","0","2"
"1791034351364","2031","MEASURED - Procurement dashboard FY2026","200","OK","Authenticated users 1-6","text","true","","301168","864","50","50","http://prism.test/procurement-office?year=2026","2028","0","0"
"1791034348056","5358","MEASURED - Procurement dashboard FY2026","200","OK","Authenticated users 1-5","text","true","","301168","864","50","50","http://prism.test/procurement-office?year=2026","5355","0","0"
"1791034352832","627","MEASURED - Procurement dashboard FY2026","500","Internal Server Error","Authenticated users 1-21","text","false","Expected authenticated Procurement Office dashboard and HTTP 200.","13629","864","50","50","http://prism.test/procurement-office?year=2026","619","0","0"
"1791034349519","3979","MEASURED - Procurement dashboard FY2026","200","OK","Authenticated users 1-31","text","true","","301168","864","50","50","http://prism.test/procurement-office?year=2026","3977","0","0"
"1791034352040","1629","MEASURED - Procurement dashboard FY2026","200","OK","Authenticated users 1-46","text","true","","301168","864","50","50","http://prism.test/procurement-office?year=2026","1626","0","0"
"1791034352571","1167","MEASURED - Procurement dashboard FY2026","200","OK","Authenticated users 1-41","text","true","","301168","864","50","50","http://prism.test/procurement-office?year=2026","1163","0","0"
"1791034351490","2330","MEASURED - Procurement dashboard FY2026","200","OK","Authenticated users 1-39","text","true","","301168","864","50","50","http://prism.test/procurement-office?year=2026","2327","0","0"
"1791034350475","3401","MEASURED - Procurement dashboard FY2026","200","OK","Authenticated users 1-13","text","true","","301169","864","50","50","http://prism.test/procurement-office?year=2026","3398","0","2"
"1791034350430","3478","MEASURED - Procurement dashboard FY2026","200","OK","Authenticated users 1-38","text","true","","301169","864","50","50","http://prism.test/procurement-office?year=2026","3474","0","2"
"1791034349827","4176","MEASURED - Procurement dashboard FY2026","200","OK","Authenticated users 1-44","text","true","","301169","864","50","50","http://prism.test/procurement-office?year=2026","4173","0","2"
"1791034352767","1331","MEASURED - Procurement dashboard FY2026","200","OK","Authenticated users 1-43","text","true","","301168","864","50","50","http://prism.test/procurement-office?year=2026","1328","0","0"
"1791034351813","2416","MEASURED - Procurement dashboard FY2026","200","OK","Authenticated users 1-17","text","true","","301168","864","50","50","http://prism.test/procurement-office?year=2026","2413","0","0"
"1791034353326","1257","MEASURED - Procurement dashboard FY2026","200","OK","Authenticated users 1-42","text","true","","301168","864","50","50","http://prism.test/procurement-office?year=2026","1253","0","0"
"1791034352973","1628","MEASURED - Procurement dashboard FY2026","200","OK","Authenticated users 1-3","text","true","","301168","864","50","50","http://prism.test/procurement-office?year=2026","1624","0","0"
"1791034352745","1864","MEASURED - Procurement dashboard FY2026","200","OK","Authenticated users 1-40","text","true","","301168","864","50","50","http://prism.test/procurement-office?year=2026","1860","0","0"
"1791034353284","1363","MEASURED - Procurement dashboard FY2026","200","OK","Authenticated users 1-7","text","true","","301168","864","50","50","http://prism.test/procurement-office?year=2026","1360","0","0"
"1791034353397","1270","MEASURED - Procurement dashboard FY2026","200","OK","Authenticated users 1-6","text","true","","301168","864","50","50","http://prism.test/procurement-office?year=2026","1265","0","0"
"1791034350475","4469","MEASURED - Procurement dashboard FY2026","200","OK","Authenticated users 1-35","text","true","","301169","864","50","50","http://prism.test/procurement-office?year=2026","4466","0","2"
"1791034353911","1151","MEASURED - Procurement dashboard FY2026","200","OK","Authenticated users 1-38","text","true","","301168","864","50","50","http://prism.test/procurement-office?year=2026","1148","0","0"
"1791034353672","1421","MEASURED - Procurement dashboard FY2026","200","OK","Authenticated users 1-46","text","true","","301168","864","50","50","http://prism.test/procurement-office?year=2026","1418","0","0"
"1791034353822","1320","MEASURED - Procurement dashboard FY2026","200","OK","Authenticated users 1-39","text","true","","301168","864","50","50","http://prism.test/procurement-office?year=2026","1316","0","0"
"1791034353880","1295","MEASURED - Procurement dashboard FY2026","200","OK","Authenticated users 1-13","text","true","","301168","864","50","50","http://prism.test/procurement-office?year=2026","1292","0","0"
"1791034353167","2339","MEASURED - Procurement dashboard FY2026","200","OK","Authenticated users 1-45","text","true","","301168","864","50","50","http://prism.test/procurement-office?year=2026","2335","0","0"
"1791034354610","1060","MEASURED - Procurement dashboard FY2026","500","Internal Server Error","Authenticated users 1-40","text","false","Expected authenticated Procurement Office dashboard and HTTP 200.","13629","864","50","50","http://prism.test/procurement-office?year=2026","1055","0","0"
"1791034353740","1966","MEASURED - Procurement dashboard FY2026","200","OK","Authenticated users 1-41","text","true","","301168","864","50","50","http://prism.test/procurement-office?year=2026","1963","0","0"
"1791034350554","5207","MEASURED - Procurement dashboard FY2026","200","OK","Authenticated users 1-12","text","true","","301169","864","50","50","http://prism.test/procurement-office?year=2026","5204","0","2"
"1791034354648","1220","MEASURED - Procurement dashboard FY2026","200","OK","Authenticated users 1-7","text","true","","301168","864","50","50","http://prism.test/procurement-office?year=2026","1217","0","0"
"1791034354102","1940","MEASURED - Procurement dashboard FY2026","200","OK","Authenticated users 1-43","text","true","","301168","864","50","50","http://prism.test/procurement-office?year=2026","1936","0","0"
"1791034354005","2047","MEASURED - Procurement dashboard FY2026","200","OK","Authenticated users 1-44","text","true","","301168","864","50","50","http://prism.test/procurement-office?year=2026","2044","0","0"
"1791034354231","1829","MEASURED - Procurement dashboard FY2026","200","OK","Authenticated users 1-17","text","true","","301168","864","50","50","http://prism.test/procurement-office?year=2026","1825","0","0"
"1791034354946","1185","MEASURED - Procurement dashboard FY2026","200","OK","Authenticated users 1-35","text","true","","301168","864","50","50","http://prism.test/procurement-office?year=2026","1181","0","0"
"1791034355095","1174","MEASURED - Procurement dashboard FY2026","200","OK","Authenticated users 1-46","text","true","","301168","864","50","50","http://prism.test/procurement-office?year=2026","1171","0","0"
"1791034350581","5751","MEASURED - Procurement dashboard FY2026","200","OK","Authenticated users 1-14","text","true","","301169","864","50","50","http://prism.test/procurement-office?year=2026","5749","0","1"
"1791034355064","1391","MEASURED - Procurement dashboard FY2026","200","OK","Authenticated users 1-38","text","true","","301168","864","50","50","http://prism.test/procurement-office?year=2026","1388","0","0"
"1791034355507","983","MEASURED - Procurement dashboard FY2026","200","OK","Authenticated users 1-45","text","true","","301168","864","50","50","http://prism.test/procurement-office?year=2026","980","0","0"
"1791034355177","1339","MEASURED - Procurement dashboard FY2026","200","OK","Authenticated users 1-13","text","true","","301168","864","50","50","http://prism.test/procurement-office?year=2026","1336","0","0"
"1791034354602","1987","MEASURED - Procurement dashboard FY2026","200","OK","Authenticated users 1-3","text","true","","301168","864","50","50","http://prism.test/procurement-office?year=2026","1984","0","0"
"1791034354668","2003","MEASURED - Procurement dashboard FY2026","200","OK","Authenticated users 1-6","text","true","","301168","864","50","50","http://prism.test/procurement-office?year=2026","2000","0","0"
"1791034355708","1148","MEASURED - Procurement dashboard FY2026","200","OK","Authenticated users 1-41","text","true","","301168","864","50","50","http://prism.test/procurement-office?year=2026","1145","0","0"
"1791034354585","2302","MEASURED - Procurement dashboard FY2026","200","OK","Authenticated users 1-42","text","true","","301168","864","50","50","http://prism.test/procurement-office?year=2026","2298","0","0"
"1791034356054","910","MEASURED - Procurement dashboard FY2026","200","OK","Authenticated users 1-44","text","true","","301168","864","50","50","http://prism.test/procurement-office?year=2026","907","0","0"
"1791034355143","1964","MEASURED - Procurement dashboard FY2026","200","OK","Authenticated users 1-39","text","true","","301168","864","50","50","http://prism.test/procurement-office?year=2026","1962","0","0"
"1791034356043","1340","MEASURED - Procurement dashboard FY2026","200","OK","Authenticated users 1-43","text","true","","301168","864","50","50","http://prism.test/procurement-office?year=2026","1337","0","0"
"1791034355871","1660","MEASURED - Procurement dashboard FY2026","200","OK","Authenticated users 1-7","text","true","","301168","864","50","50","http://prism.test/procurement-office?year=2026","1657","0","0"
"1791034350667","6906","MEASURED - Procurement dashboard FY2026","200","OK","Authenticated users 1-36","text","true","","301169","864","50","50","http://prism.test/procurement-office?year=2026","6902","0","1"
"1791034356272","1327","MEASURED - Procurement dashboard FY2026","200","OK","Authenticated users 1-46","text","true","","301168","864","50","50","http://prism.test/procurement-office?year=2026","1323","0","0"
"1791034355763","1861","MEASURED - Procurement dashboard FY2026","200","OK","Authenticated users 1-12","text","true","","301168","864","50","50","http://prism.test/procurement-office?year=2026","1857","0","0"
"1791034350775","6910","MEASURED - Procurement dashboard FY2026","200","OK","Authenticated users 1-26","text","true","","301169","864","50","50","http://prism.test/procurement-office?year=2026","6907","0","1"
"1791034356457","1340","MEASURED - Procurement dashboard FY2026","200","OK","Authenticated users 1-38","text","true","","301168","864","50","50","http://prism.test/procurement-office?year=2026","1337","0","0"
"1791034357110","885","MEASURED - Procurement dashboard FY2026","200","OK","Authenticated users 1-39","text","true","","301168","864","50","50","http://prism.test/procurement-office?year=2026","882","0","0"
"1791034356492","1649","MEASURED - Procurement dashboard FY2026","200","OK","Authenticated users 1-45","text","true","","301168","864","50","50","http://prism.test/procurement-office?year=2026","1646","0","0"
"1791034356591","1586","MEASURED - Procurement dashboard FY2026","200","OK","Authenticated users 1-3","text","true","","301168","864","50","50","http://prism.test/procurement-office?year=2026","1583","0","0"
"1791034356859","1416","MEASURED - Procurement dashboard FY2026","200","OK","Authenticated users 1-41","text","true","","301168","864","50","50","http://prism.test/procurement-office?year=2026","1413","0","0"
"1791034356966","1370","MEASURED - Procurement dashboard FY2026","200","OK","Authenticated users 1-44","text","true","","301168","864","50","50","http://prism.test/procurement-office?year=2026","1366","0","0"
"1791034356133","2229","MEASURED - Procurement dashboard FY2026","200","OK","Authenticated users 1-35","text","true","","301168","864","50","50","http://prism.test/procurement-office?year=2026","2225","0","0"
"1791034356519","2172","MEASURED - Procurement dashboard FY2026","200","OK","Authenticated users 1-13","text","true","","301168","864","50","50","http://prism.test/procurement-office?year=2026","2169","0","0"
"1791034351049","7683","MEASURED - Procurement dashboard FY2026","200","OK","Authenticated users 1-50","text","true","","301169","864","50","50","http://prism.test/procurement-office?year=2026","7680","0","1"
"1791034357385","1359","MEASURED - Procurement dashboard FY2026","200","OK","Authenticated users 1-43","text","true","","301168","864","50","50","http://prism.test/procurement-office?year=2026","1357","0","0"
"1791034351033","7785","MEASURED - Procurement dashboard FY2026","200","OK","Authenticated users 1-48","text","true","","301169","864","50","50","http://prism.test/procurement-office?year=2026","7782","0","2"
"1791034357574","1441","MEASURED - Procurement dashboard FY2026","200","OK","Authenticated users 1-36","text","true","","301168","864","50","50","http://prism.test/procurement-office?year=2026","1437","0","0"
"1791034356889","2141","MEASURED - Procurement dashboard FY2026","200","OK","Authenticated users 1-42","text","true","","301168","864","50","50","http://prism.test/procurement-office?year=2026","2138","0","0"
"1791034357602","1432","MEASURED - Procurement dashboard FY2026","200","OK","Authenticated users 1-46","text","true","","301168","864","50","50","http://prism.test/procurement-office?year=2026","1428","0","0"
"1791034356334","2760","MEASURED - Procurement dashboard FY2026","200","OK","Authenticated users 1-14","text","true","","301168","864","50","50","http://prism.test/procurement-office?year=2026","2756","0","0"
"1791034358144","969","MEASURED - Procurement dashboard FY2026","200","OK","Authenticated users 1-45","text","true","","301168","864","50","50","http://prism.test/procurement-office?year=2026","966","0","0"
"1791034357800","1597","MEASURED - Procurement dashboard FY2026","200","OK","Authenticated users 1-38","text","true","","301168","864","50","50","http://prism.test/procurement-office?year=2026","1594","0","0"
"1791034357626","1811","MEASURED - Procurement dashboard FY2026","200","OK","Authenticated users 1-12","text","true","","301168","864","50","50","http://prism.test/procurement-office?year=2026","1808","0","0"
"1791034357534","1938","MEASURED - Procurement dashboard FY2026","200","OK","Authenticated users 1-7","text","true","","301168","864","50","50","http://prism.test/procurement-office?year=2026","1935","0","0"
"1791034357686","2401","MEASURED - Procurement dashboard FY2026","200","OK","Authenticated users 1-26","text","true","","301168","864","50","50","http://prism.test/procurement-office?year=2026","2398","0","0"
"1791034358338","1816","MEASURED - Procurement dashboard FY2026","200","OK","Authenticated users 1-44","text","true","","301168","864","50","50","http://prism.test/procurement-office?year=2026","1812","0","0"
"1791034357998","2508","MEASURED - Procurement dashboard FY2026","200","OK","Authenticated users 1-39","text","true","","301168","864","50","50","http://prism.test/procurement-office?year=2026","2505","0","0"
"1791034358746","1935","MEASURED - Procurement dashboard FY2026","200","OK","Authenticated users 1-43","text","true","","301168","864","50","50","http://prism.test/procurement-office?year=2026","1931","0","0"
"1791034358364","2358","MEASURED - Procurement dashboard FY2026","200","OK","Authenticated users 1-35","text","true","","301168","864","50","50","http://prism.test/procurement-office?year=2026","2355","0","0"
"1791034358694","2147","MEASURED - Procurement dashboard FY2026","200","OK","Authenticated users 1-13","text","true","","301168","864","50","50","http://prism.test/procurement-office?year=2026","2142","0","0"
"1791034352120","8821","MEASURED - Procurement dashboard FY2026","200","OK","Authenticated users 1-10","text","true","","301169","864","50","50","http://prism.test/procurement-office?year=2026","8817","0","2"
"1791034358277","2883","MEASURED - Procurement dashboard FY2026","200","OK","Authenticated users 1-41","text","true","","301168","864","50","50","http://prism.test/procurement-office?year=2026","2880","0","0"
"1791034359096","2223","MEASURED - Procurement dashboard FY2026","200","OK","Authenticated users 1-14","text","true","","301168","864","50","50","http://prism.test/procurement-office?year=2026","2219","0","0"
"1791034351364","10144","MEASURED - Procurement dashboard FY2026","200","OK","Authenticated users 1-33","text","true","","301169","864","50","50","http://prism.test/procurement-office?year=2026","10141","0","2"
"1791034358180","3344","MEASURED - Procurement dashboard FY2026","200","OK","Authenticated users 1-3","text","true","","301168","864","50","50","http://prism.test/procurement-office?year=2026","3342","0","0"
"1791034358820","2743","MEASURED - Procurement dashboard FY2026","200","OK","Authenticated users 1-48","text","true","","301168","864","50","50","http://prism.test/procurement-office?year=2026","2739","0","0"
"1791034351144","10424","MEASURED - Procurement dashboard FY2026","200","OK","Authenticated users 1-11","text","true","","301169","864","50","50","http://prism.test/procurement-office?year=2026","10419","0","2"
"1791034355671","6137","MEASURED - Procurement dashboard FY2026","200","OK","Authenticated users 1-40","text","true","","301169","864","50","50","http://prism.test/procurement-office?year=2026","6134","0","2"
"1791034352665","9277","MEASURED - Procurement dashboard FY2026","200","OK","Authenticated users 1-25","text","true","","301169","864","50","50","http://prism.test/procurement-office?year=2026","9273","0","2"
"1791034359018","2923","MEASURED - Procurement dashboard FY2026","200","OK","Authenticated users 1-36","text","true","","301168","864","50","50","http://prism.test/procurement-office?year=2026","2919","0","0"
"1791034351497","10451","MEASURED - Procurement dashboard FY2026","200","OK","Authenticated users 1-34","text","true","","301169","864","50","50","http://prism.test/procurement-office?year=2026","10445","0","1"
"1791034352169","9808","MEASURED - Procurement dashboard FY2026","200","OK","Authenticated users 1-37","text","true","","301169","864","50","50","http://prism.test/procurement-office?year=2026","9802","0","2"
"1791034359474","2513","MEASURED - Procurement dashboard FY2026","200","OK","Authenticated users 1-7","text","true","","301168","864","50","50","http://prism.test/procurement-office?year=2026","2510","0","0"
"1791034352728","9366","MEASURED - Procurement dashboard FY2026","500","Internal Server Error","Authenticated users 1-4","text","false","Expected authenticated Procurement Office dashboard and HTTP 200.","13629","864","50","50","http://prism.test/procurement-office?year=2026","9359","0","2"
"1791034359115","3087","MEASURED - Procurement dashboard FY2026","200","OK","Authenticated users 1-45","text","true","","301168","864","50","50","http://prism.test/procurement-office?year=2026","3085","0","0"
"1791034351049","11218","MEASURED - Procurement dashboard FY2026","200","OK","Authenticated users 1-22","text","true","","301169","864","50","50","http://prism.test/procurement-office?year=2026","11215","0","1"
"1791034351219","11049","MEASURED - Procurement dashboard FY2026","200","OK","Authenticated users 1-47","text","true","","301169","864","50","50","http://prism.test/procurement-office?year=2026","11046","0","2"
"1791034358734","3672","MEASURED - Procurement dashboard FY2026","200","OK","Authenticated users 1-50","text","true","","301168","864","50","50","http://prism.test/procurement-office?year=2026","3669","0","0"
"1791034359032","3398","MEASURED - Procurement dashboard FY2026","200","OK","Authenticated users 1-42","text","true","","301168","864","50","50","http://prism.test/procurement-office?year=2026","3395","0","0"
"1791034356062","6599","MEASURED - Procurement dashboard FY2026","200","OK","Authenticated users 1-17","text","true","","301169","864","50","50","http://prism.test/procurement-office?year=2026","6595","0","2"
"1791034302859","60018","MEASURED - Procurement dashboard FY2026","Non HTTP response code: java.net.SocketTimeoutException","Non HTTP response message: Read timed out","Authenticated users 1-15","text","false","Expected authenticated Procurement Office dashboard and HTTP 200.","2675","0","50","50","http://prism.test/procurement-office?year=2026","0","0","0"
"1791034360507","2397","MEASURED - Procurement dashboard FY2026","200","OK","Authenticated users 1-39","text","true","","301168","864","50","50","http://prism.test/procurement-office?year=2026","2394","0","0"
"1791034360089","2826","MEASURED - Procurement dashboard FY2026","200","OK","Authenticated users 1-26","text","true","","301168","864","50","50","http://prism.test/procurement-office?year=2026","2823","0","0"
"1791034351165","11955","MEASURED - Procurement dashboard FY2026","200","OK","Authenticated users 1-1","text","true","","301169","864","50","50","http://prism.test/procurement-office?year=2026","11952","0","2"
"1791034352008","11143","MEASURED - Procurement dashboard FY2026","200","OK","Authenticated users 1-27","text","true","","301169","864","50","50","http://prism.test/procurement-office?year=2026","11140","0","2"
"1791034346825","16448","MEASURED - Procurement dashboard FY2026","500","Internal Server Error","Authenticated users 1-19","text","false","Expected authenticated Procurement Office dashboard and HTTP 200.","879452","864","50","50","http://prism.test/procurement-office?year=2026","16441","0","2"
"1791034352103","11233","MEASURED - Procurement dashboard FY2026","200","OK","Authenticated users 1-23","text","true","","301169","864","50","50","http://prism.test/procurement-office?year=2026","11230","0","3"
"1791034352094","11247","MEASURED - Procurement dashboard FY2026","200","OK","Authenticated users 1-30","text","true","","301169","864","50","50","http://prism.test/procurement-office?year=2026","11243","0","2"
"1791034353418","9939","MEASURED - Procurement dashboard FY2026","200","OK","Authenticated users 1-5","text","true","","301169","864","50","50","http://prism.test/procurement-office?year=2026","9936","0","2"
"1791034351490","11877","MEASURED - Procurement dashboard FY2026","200","OK","Authenticated users 1-18","text","true","","301169","864","50","50","http://prism.test/procurement-office?year=2026","11873","0","2"
"1791034352864","10594","MEASURED - Procurement dashboard FY2026","200","OK","Authenticated users 1-20","text","true","","301169","864","50","50","http://prism.test/procurement-office?year=2026","10590","0","1"
"1791034360682","2904","MEASURED - Procurement dashboard FY2026","200","OK","Authenticated users 1-43","text","true","","301168","864","50","50","http://prism.test/procurement-office?year=2026","2899","0","0"
"1791034352114","11475","MEASURED - Procurement dashboard FY2026","200","OK","Authenticated users 1-29","text","true","","301169","864","50","50","http://prism.test/procurement-office?year=2026","11471","0","2"
"1791034361943","1826","MEASURED - Procurement dashboard FY2026","200","OK","Authenticated users 1-25","text","true","","301168","864","50","50","http://prism.test/procurement-office?year=2026","1823","0","0"
"1791034351311","12539","MEASURED - Procurement dashboard FY2026","200","OK","Authenticated users 1-49","text","true","","301169","864","50","50","http://prism.test/procurement-office?year=2026","12536","0","3"
"1791034353500","10484","MEASURED - Procurement dashboard FY2026","200","OK","Authenticated users 1-31","text","true","","301169","864","50","50","http://prism.test/procurement-office?year=2026","10481","0","2"
"1791034351053","13004","MEASURED - Procurement dashboard FY2026","200","OK","Authenticated users 1-24","text","true","","301169","864","50","50","http://prism.test/procurement-office?year=2026","13000","0","2"
"1791034353460","10655","MEASURED - Procurement dashboard FY2026","200","OK","Authenticated users 1-21","text","true","","301169","864","50","50","http://prism.test/procurement-office?year=2026","10652","0","1"
"1791034337884","26260","MEASURED - Procurement dashboard FY2026","500","Internal Server Error","Authenticated users 1-32","text","false","Expected authenticated Procurement Office dashboard and HTTP 200.","879452","864","50","50","http://prism.test/procurement-office?year=2026","26029","0","0"
"1791034352733","11414","MEASURED - Procurement dashboard FY2026","200","OK","Authenticated users 1-9","text","true","","301169","864","50","50","http://prism.test/procurement-office?year=2026","11410","0","2"
"1791034361943","2403","MEASURED - Procurement dashboard FY2026","200","OK","Authenticated users 1-36","text","true","","301168","864","50","50","http://prism.test/procurement-office?year=2026","2392","0","0"
"1791034362662","1735","MEASURED - Procurement dashboard FY2026","200","OK","Authenticated users 1-17","text","true","","301168","864","50","50","http://prism.test/procurement-office?year=2026","1732","0","0"
"1791034359439","4975","MEASURED - Procurement dashboard FY2026","200","OK","Authenticated users 1-12","text","true","","301168","864","50","50","http://prism.test/procurement-office?year=2026","4971","0","0"
"1791034359036","5415","MEASURED - Procurement dashboard FY2026","200","OK","Authenticated users 1-46","text","true","","301168","864","50","50","http://prism.test/procurement-office?year=2026","5414","0","0"
"1791034360723","3956","MEASURED - Procurement dashboard FY2026","200","OK","Authenticated users 1-35","text","true","","301168","864","50","50","http://prism.test/procurement-office?year=2026","3953","0","0"
"1791034362907","1847","MEASURED - Procurement dashboard FY2026","200","OK","Authenticated users 1-39","text","true","","301168","864","50","50","http://prism.test/procurement-office?year=2026","1845","0","0"
"1791034360155","4675","MEASURED - Procurement dashboard FY2026","200","OK","Authenticated users 1-44","text","true","","301168","864","50","50","http://prism.test/procurement-office?year=2026","4672","0","0"
"1791034361565","3304","MEASURED - Procurement dashboard FY2026","200","OK","Authenticated users 1-48","text","true","","301168","864","50","50","http://prism.test/procurement-office?year=2026","3300","0","0"
"1791034361949","2922","MEASURED - Procurement dashboard FY2026","200","OK","Authenticated users 1-34","text","true","","301168","864","50","50","http://prism.test/procurement-office?year=2026","2918","0","0"
"1791034352024","12855","MEASURED - Procurement dashboard FY2026","200","OK","Authenticated users 1-2","text","true","","301169","864","50","50","http://prism.test/procurement-office?year=2026","12851","0","2"
"1791034352048","12840","MEASURED - Procurement dashboard FY2026","200","OK","Authenticated users 1-8","text","true","","301169","864","50","50","http://prism.test/procurement-office?year=2026","12840","0","2"
"1791034360941","3965","MEASURED - Procurement dashboard FY2026","200","OK","Authenticated users 1-10","text","true","","301168","864","50","50","http://prism.test/procurement-office?year=2026","3962","0","0"
"1791034352718","12470","MEASURED - Procurement dashboard FY2026","200","OK","Authenticated users 1-28","text","true","","301169","864","50","50","http://prism.test/procurement-office?year=2026","12467","0","2"
"1791034361508","3680","MEASURED - Procurement dashboard FY2026","200","OK","Authenticated users 1-33","text","true","","301168","864","50","50","http://prism.test/procurement-office?year=2026","3676","0","0"
"1791034362204","3032","MEASURED - Procurement dashboard FY2026","200","OK","Authenticated users 1-45","text","true","","301168","864","50","50","http://prism.test/procurement-office?year=2026","3029","0","0"
"1791034360842","4439","MEASURED - Procurement dashboard FY2026","200","OK","Authenticated users 1-13","text","true","","301168","864","50","50","http://prism.test/procurement-office?year=2026","4436","0","0"
"1791034359399","5912","MEASURED - Procurement dashboard FY2026","200","OK","Authenticated users 1-38","text","true","","301168","864","50","50","http://prism.test/procurement-office?year=2026","5908","0","0"
"1791034361162","4210","MEASURED - Procurement dashboard FY2026","200","OK","Authenticated users 1-41","text","true","","301168","864","50","50","http://prism.test/procurement-office?year=2026","4206","0","0"
"1791034362268","3108","MEASURED - Procurement dashboard FY2026","200","OK","Authenticated users 1-22","text","true","","301168","864","50","50","http://prism.test/procurement-office?year=2026","3104","0","0"
"1791034362432","2977","MEASURED - Procurement dashboard FY2026","200","OK","Authenticated users 1-42","text","true","","301168","864","50","50","http://prism.test/procurement-office?year=2026","2973","0","0"
"1791034356673","8953","MEASURED - Procurement dashboard FY2026","200","OK","Authenticated users 1-6","text","true","","301169","864","50","50","http://prism.test/procurement-office?year=2026","8950","0","2"
"1791034361991","3656","MEASURED - Procurement dashboard FY2026","200","OK","Authenticated users 1-7","text","true","","301168","864","50","50","http://prism.test/procurement-office?year=2026","3656","0","0"
"1791034363124","2641","MEASURED - Procurement dashboard FY2026","200","OK","Authenticated users 1-1","text","true","","301168","864","50","50","http://prism.test/procurement-office?year=2026","2637","0","0"
"1791034361568","4262","MEASURED - Procurement dashboard FY2026","200","OK","Authenticated users 1-11","text","true","","301168","864","50","50","http://prism.test/procurement-office?year=2026","4259","0","0"
"1791034362408","3586","MEASURED - Procurement dashboard FY2026","200","OK","Authenticated users 1-50","text","true","","301168","864","50","50","http://prism.test/procurement-office?year=2026","3583","0","0"
"1791034361320","4717","MEASURED - Procurement dashboard FY2026","500","Internal Server Error","Authenticated users 1-14","text","false","Expected authenticated Procurement Office dashboard and HTTP 200.","13629","864","50","50","http://prism.test/procurement-office?year=2026","4713","0","0"
"1791034351327","14869","MEASURED - Procurement dashboard FY2026","200","OK","Authenticated users 1-16","text","true","","301169","864","50","50","http://prism.test/procurement-office?year=2026","14867","0","2"
"1791034362932","3270","MEASURED - Procurement dashboard FY2026","200","OK","Authenticated users 1-26","text","true","","301168","864","50","50","http://prism.test/procurement-office?year=2026","3266","0","0"
"1791034361811","4392","MEASURED - Procurement dashboard FY2026","200","OK","Authenticated users 1-40","text","true","","301168","864","50","50","http://prism.test/procurement-office?year=2026","4392","0","0"
"1791034361526","4678","MEASURED - Procurement dashboard FY2026","200","OK","Authenticated users 1-3","text","true","","301168","864","50","50","http://prism.test/procurement-office?year=2026","4677","0","0"
"1791034364400","2305","MEASURED - Procurement dashboard FY2026","200","OK","Authenticated users 1-17","text","true","","301168","864","50","50","http://prism.test/procurement-office?year=2026","2302","0","0"
"1791034363368","3337","MEASURED - Procurement dashboard FY2026","200","OK","Authenticated users 1-18","text","true","","301168","864","50","50","http://prism.test/procurement-office?year=2026","3333","0","0"
"1791034363985","2740","MEASURED - Procurement dashboard FY2026","200","OK","Authenticated users 1-31","text","true","","301168","864","50","50","http://prism.test/procurement-office?year=2026","2737","0","0"
"1791034363772","2958","MEASURED - Procurement dashboard FY2026","200","OK","Authenticated users 1-25","text","true","","301168","864","50","50","http://prism.test/procurement-office?year=2026","2955","0","0"
"1791034361977","5080","MEASURED - Procurement dashboard FY2026","200","OK","Authenticated users 1-37","text","true","","301168","864","50","50","http://prism.test/procurement-office?year=2026","5077","0","0"
"1791034364148","2933","MEASURED - Procurement dashboard FY2026","200","OK","Authenticated users 1-9","text","true","","301168","864","50","50","http://prism.test/procurement-office?year=2026","2930","0","0"
"1791034363357","3739","MEASURED - Procurement dashboard FY2026","200","OK","Authenticated users 1-5","text","true","","301168","864","50","50","http://prism.test/procurement-office?year=2026","3736","0","0"
"1791034364144","2959","MEASURED - Procurement dashboard FY2026","200","OK","Authenticated users 1-32","text","true","","301169","864","50","50","http://prism.test/procurement-office?year=2026","2957","0","2"
"1791034363589","3520","MEASURED - Procurement dashboard FY2026","200","OK","Authenticated users 1-29","text","true","","301168","864","50","50","http://prism.test/procurement-office?year=2026","3517","0","0"
"1791034364889","2259","MEASURED - Procurement dashboard FY2026","200","OK","Authenticated users 1-8","text","true","","301168","864","50","50","http://prism.test/procurement-office?year=2026","2255","0","0"
"1791034363458","3689","MEASURED - Procurement dashboard FY2026","200","OK","Authenticated users 1-20","text","true","","301168","864","50","50","http://prism.test/procurement-office?year=2026","3686","0","0"
"1791034363851","3298","MEASURED - Procurement dashboard FY2026","200","OK","Authenticated users 1-49","text","true","","301168","864","50","50","http://prism.test/procurement-office?year=2026","3294","0","0"
"1791034364057","3132","MEASURED - Procurement dashboard FY2026","200","OK","Authenticated users 1-24","text","true","","301168","864","50","50","http://prism.test/procurement-office?year=2026","3129","0","0"
"1791034364416","2846","MEASURED - Procurement dashboard FY2026","200","OK","Authenticated users 1-12","text","true","","301168","864","50","50","http://prism.test/procurement-office?year=2026","2843","0","0"
"1791034364757","2509","MEASURED - Procurement dashboard FY2026","200","OK","Authenticated users 1-39","text","true","","301168","864","50","50","http://prism.test/procurement-office?year=2026","2506","0","0"
"1791034364354","3038","MEASURED - Procurement dashboard FY2026","200","OK","Authenticated users 1-36","text","true","","301168","864","50","50","http://prism.test/procurement-office?year=2026","3034","0","0"
"1791034362887","4748","MEASURED - Procurement dashboard FY2026","200","OK","Authenticated users 1-15","text","true","","301169","864","50","50","http://prism.test/procurement-office?year=2026","4744","0","2"
"1791034364453","3250","MEASURED - Procurement dashboard FY2026","200","OK","Authenticated users 1-46","text","true","","301168","864","50","50","http://prism.test/procurement-office?year=2026","3247","0","0"
"1791034363337","4385","MEASURED - Procurement dashboard FY2026","200","OK","Authenticated users 1-23","text","true","","301168","864","50","50","http://prism.test/procurement-office?year=2026","4382","0","0"
"1791034363589","4198","MEASURED - Procurement dashboard FY2026","200","OK","Authenticated users 1-43","text","true","","301168","864","50","50","http://prism.test/procurement-office?year=2026","4194","0","0"
"1791034365375","2521","MEASURED - Procurement dashboard FY2026","200","OK","Authenticated users 1-41","text","true","","301168","864","50","50","http://prism.test/procurement-office?year=2026","2518","0","0"
"1791034365412","2517","MEASURED - Procurement dashboard FY2026","200","OK","Authenticated users 1-42","text","true","","301168","864","50","50","http://prism.test/procurement-office?year=2026","2513","0","0"
"1791034362268","5739","MEASURED - Procurement dashboard FY2026","200","OK","Authenticated users 1-47","text","true","","301168","864","50","50","http://prism.test/procurement-office?year=2026","5736","0","0"
"1791034364682","3353","MEASURED - Procurement dashboard FY2026","200","OK","Authenticated users 1-35","text","true","","301168","864","50","50","http://prism.test/procurement-office?year=2026","3352","0","0"
"1791034365188","2877","MEASURED - Procurement dashboard FY2026","200","OK","Authenticated users 1-28","text","true","","301168","864","50","50","http://prism.test/procurement-office?year=2026","2875","0","0"
"1791034362093","5976","MEASURED - Procurement dashboard FY2026","200","OK","Authenticated users 1-4","text","true","","301169","864","50","50","http://prism.test/procurement-office?year=2026","5972","0","2"
"1791034363273","4801","MEASURED - Procurement dashboard FY2026","200","OK","Authenticated users 1-19","text","true","","301169","864","50","50","http://prism.test/procurement-office?year=2026","4795","0","2"
"1791034364910","3392","MEASURED - Procurement dashboard FY2026","200","OK","Authenticated users 1-10","text","true","","301168","864","50","50","http://prism.test/procurement-office?year=2026","3388","0","0"
"1791034363342","4961","MEASURED - Procurement dashboard FY2026","200","OK","Authenticated users 1-30","text","true","","301168","864","50","50","http://prism.test/procurement-office?year=2026","4958","0","0"
"1791034364872","3446","MEASURED - Procurement dashboard FY2026","200","OK","Authenticated users 1-48","text","true","","301168","864","50","50","http://prism.test/procurement-office?year=2026","3442","0","0"
"1791034367105","1281","MEASURED - Procurement dashboard FY2026","200","OK","Authenticated users 1-32","text","true","","301168","864","50","50","http://prism.test/procurement-office?year=2026","1278","0","0"
"1791034365190","3201","MEASURED - Procurement dashboard FY2026","200","OK","Authenticated users 1-33","text","true","","301168","864","50","50","http://prism.test/procurement-office?year=2026","3197","0","0"
"1791034366205","2203","MEASURED - Procurement dashboard FY2026","200","OK","Authenticated users 1-40","text","true","","301168","864","50","50","http://prism.test/procurement-office?year=2026","2199","0","0"
"1791034364874","3571","MEASURED - Procurement dashboard FY2026","200","OK","Authenticated users 1-34","text","true","","301168","864","50","50","http://prism.test/procurement-office?year=2026","3567","0","0"
"1791034365283","3632","MEASURED - Procurement dashboard FY2026","200","OK","Authenticated users 1-13","text","true","","301168","864","50","50","http://prism.test/procurement-office?year=2026","3628","0","0"
"1791034363152","5763","MEASURED - Procurement dashboard FY2026","200","OK","Authenticated users 1-27","text","true","","301168","864","50","50","http://prism.test/procurement-office?year=2026","5759","0","0"
"1791034367158","1935","MEASURED - Procurement dashboard FY2026","200","OK","Authenticated users 1-49","text","true","","301168","864","50","50","http://prism.test/procurement-office?year=2026","1932","0","0"
"1791034364833","4286","MEASURED - Procurement dashboard FY2026","200","OK","Authenticated users 1-44","text","true","","301168","864","50","50","http://prism.test/procurement-office?year=2026","4283","0","0"
"1791034367192","1945","MEASURED - Procurement dashboard FY2026","200","OK","Authenticated users 1-24","text","true","","301168","864","50","50","http://prism.test/procurement-office?year=2026","1942","0","0"
"1791034365768","3562","MEASURED - Procurement dashboard FY2026","200","OK","Authenticated users 1-1","text","true","","301168","864","50","50","http://prism.test/procurement-office?year=2026","3549","0","0"
"1791034365628","3842","MEASURED - Procurement dashboard FY2026","200","OK","Authenticated users 1-6","text","true","","301168","864","50","50","http://prism.test/procurement-office?year=2026","3839","0","0"
"1791034364880","4605","MEASURED - Procurement dashboard FY2026","200","OK","Authenticated users 1-2","text","true","","301168","864","50","50","http://prism.test/procurement-office?year=2026","4601","0","0"
"1791034367112","2397","MEASURED - Procurement dashboard FY2026","200","OK","Authenticated users 1-29","text","true","","301168","864","50","50","http://prism.test/procurement-office?year=2026","2394","0","0"
"1791034365832","3742","MEASURED - Procurement dashboard FY2026","200","OK","Authenticated users 1-11","text","true","","301168","864","50","50","http://prism.test/procurement-office?year=2026","3739","0","0"
"1791034364115","5675","MEASURED - Procurement dashboard FY2026","200","OK","Authenticated users 1-21","text","true","","301168","864","50","50","http://prism.test/procurement-office?year=2026","5671","0","0"
"1791034367157","2649","MEASURED - Procurement dashboard FY2026","200","OK","Authenticated users 1-20","text","true","","301168","864","50","50","http://prism.test/procurement-office?year=2026","2645","0","0"
"1791034366197","3700","MEASURED - Procurement dashboard FY2026","200","OK","Authenticated users 1-16","text","true","","301168","864","50","50","http://prism.test/procurement-office?year=2026","3696","0","0"
"1791034365379","4543","MEASURED - Procurement dashboard FY2026","200","OK","Authenticated users 1-22","text","true","","301168","864","50","50","http://prism.test/procurement-office?year=2026","4539","0","0"
"1791034365238","4824","MEASURED - Procurement dashboard FY2026","200","OK","Authenticated users 1-45","text","true","","301168","864","50","50","http://prism.test/procurement-office?year=2026","4821","0","0"
"1791034365313","4805","MEASURED - Procurement dashboard FY2026","200","OK","Authenticated users 1-38","text","true","","301168","864","50","50","http://prism.test/procurement-office?year=2026","4802","0","0"
"1791034367060","3387","MEASURED - Procurement dashboard FY2026","200","OK","Authenticated users 1-37","text","true","","301168","864","50","50","http://prism.test/procurement-office?year=2026","3383","0","0"
"1791034366733","3720","MEASURED - Procurement dashboard FY2026","200","OK","Authenticated users 1-25","text","true","","301168","864","50","50","http://prism.test/procurement-office?year=2026","3717","0","0"
"1791034367084","3405","MEASURED - Procurement dashboard FY2026","200","OK","Authenticated users 1-9","text","true","","301168","864","50","50","http://prism.test/procurement-office?year=2026","3402","0","0"
"1791034368068","2502","MEASURED - Procurement dashboard FY2026","200","OK","Authenticated users 1-28","text","true","","301168","864","50","50","http://prism.test/procurement-office?year=2026","2499","0","0"
"1791034368393","2220","MEASURED - Procurement dashboard FY2026","200","OK","Authenticated users 1-33","text","true","","301168","864","50","50","http://prism.test/procurement-office?year=2026","2216","0","0"
"1791034366708","4187","MEASURED - Procurement dashboard FY2026","200","OK","Authenticated users 1-17","text","true","","301168","864","50","50","http://prism.test/procurement-office?year=2026","4184","0","0"
"1791034365997","4974","MEASURED - Procurement dashboard FY2026","200","OK","Authenticated users 1-50","text","true","","301168","864","50","50","http://prism.test/procurement-office?year=2026","4971","0","0"
"1791034367269","3818","MEASURED - Procurement dashboard FY2026","200","OK","Authenticated users 1-39","text","true","","301168","864","50","50","http://prism.test/procurement-office?year=2026","3814","0","0"
"1791034367265","3823","MEASURED - Procurement dashboard FY2026","200","OK","Authenticated users 1-12","text","true","","301168","864","50","50","http://prism.test/procurement-office?year=2026","3819","0","0"
"1791034369121","2061","MEASURED - Procurement dashboard FY2026","200","OK","Authenticated users 1-44","text","true","","301168","864","50","50","http://prism.test/procurement-office?year=2026","2058","0","0"
"1791034367789","3401","MEASURED - Procurement dashboard FY2026","200","OK","Authenticated users 1-43","text","true","","301168","864","50","50","http://prism.test/procurement-office?year=2026","3397","0","0"
"1791034368009","3212","MEASURED - Procurement dashboard FY2026","200","OK","Authenticated users 1-47","text","true","","301168","864","50","50","http://prism.test/procurement-office?year=2026","3208","0","0"
"1791034368304","3126","MEASURED - Procurement dashboard FY2026","200","OK","Authenticated users 1-10","text","true","","301168","864","50","50","http://prism.test/procurement-office?year=2026","3123","0","0"
"1791034366206","5235","MEASURED - Procurement dashboard FY2026","200","OK","Authenticated users 1-3","text","true","","301168","864","50","50","http://prism.test/procurement-office?year=2026","5230","0","0"
"1791034367157","4321","MEASURED - Procurement dashboard FY2026","200","OK","Authenticated users 1-8","text","true","","301168","864","50","50","http://prism.test/procurement-office?year=2026","4317","0","0"
"1791034366205","5319","MEASURED - Procurement dashboard FY2026","200","OK","Authenticated users 1-26","text","true","","301168","864","50","50","http://prism.test/procurement-office?year=2026","5316","0","0"
"1791034367931","3605","MEASURED - Procurement dashboard FY2026","200","OK","Authenticated users 1-42","text","true","","301168","864","50","50","http://prism.test/procurement-office?year=2026","3601","0","0"
"1791034367637","4003","MEASURED - Procurement dashboard FY2026","200","OK","Authenticated users 1-15","text","true","","301168","864","50","50","http://prism.test/procurement-office?year=2026","4000","0","0"
"1791034368077","3638","MEASURED - Procurement dashboard FY2026","200","OK","Authenticated users 1-19","text","true","","301168","864","50","50","http://prism.test/procurement-office?year=2026","3623","0","0"
"1791034366708","5139","MEASURED - Procurement dashboard FY2026","200","OK","Authenticated users 1-18","text","true","","301168","864","50","50","http://prism.test/procurement-office?year=2026","5136","0","0"
"1791034368389","3472","MEASURED - Procurement dashboard FY2026","200","OK","Authenticated users 1-32","text","true","","301168","864","50","50","http://prism.test/procurement-office?year=2026","3468","0","0"
"1791034368072","4029","MEASURED - Procurement dashboard FY2026","200","OK","Authenticated users 1-4","text","true","","301168","864","50","50","http://prism.test/procurement-office?year=2026","4026","0","0"
"1791034367394","4838","MEASURED - Procurement dashboard FY2026","200","OK","Authenticated users 1-36","text","true","","301168","864","50","50","http://prism.test/procurement-office?year=2026","4835","0","0"
"1791034367725","4510","MEASURED - Procurement dashboard FY2026","200","OK","Authenticated users 1-23","text","true","","301168","864","50","50","http://prism.test/procurement-office?year=2026","4504","0","0"
"1791034367098","5137","MEASURED - Procurement dashboard FY2026","200","OK","Authenticated users 1-5","text","true","","301168","864","50","50","http://prism.test/procurement-office?year=2026","5131","0","0"
"1791034368320","4219","MEASURED - Procurement dashboard FY2026","200","OK","Authenticated users 1-48","text","true","","301168","864","50","50","http://prism.test/procurement-office?year=2026","4215","0","0"
"1791034366728","5815","MEASURED - Procurement dashboard FY2026","200","OK","Authenticated users 1-31","text","true","","301168","864","50","50","http://prism.test/procurement-office?year=2026","5811","0","0"
"1791034367899","4650","MEASURED - Procurement dashboard FY2026","200","OK","Authenticated users 1-41","text","true","","301168","864","50","50","http://prism.test/procurement-office?year=2026","4646","0","0"
"1791034368447","4157","MEASURED - Procurement dashboard FY2026","200","OK","Authenticated users 1-34","text","true","","301168","864","50","50","http://prism.test/procurement-office?year=2026","4154","0","0"
"1791034368410","4235","MEASURED - Procurement dashboard FY2026","200","OK","Authenticated users 1-40","text","true","","301168","864","50","50","http://prism.test/procurement-office?year=2026","4234","0","0"
"1791034369793","2914","MEASURED - Procurement dashboard FY2026","200","OK","Authenticated users 1-21","text","true","","301168","864","50","50","http://prism.test/procurement-office?year=2026","2911","0","0"
"1791034369810","3176","MEASURED - Procurement dashboard FY2026","200","OK","Authenticated users 1-20","text","true","","301168","864","50","50","http://prism.test/procurement-office?year=2026","3176","0","0"
"1791034369513","3865","MEASURED - Procurement dashboard FY2026","200","OK","Authenticated users 1-29","text","true","","301168","864","50","50","http://prism.test/procurement-office?year=2026","3863","0","0"
"1791034368038","5340","MEASURED - Procurement dashboard FY2026","200","OK","Authenticated users 1-35","text","true","","301168","864","50","50","http://prism.test/procurement-office?year=2026","5340","0","0"
"1791034370974","2410","MEASURED - Procurement dashboard FY2026","200","OK","Authenticated users 1-50","text","true","","301168","864","50","50","http://prism.test/procurement-office?year=2026","2407","0","0"
"1791034369474","3935","MEASURED - Procurement dashboard FY2026","200","OK","Authenticated users 1-6","text","true","","301168","864","50","50","http://prism.test/procurement-office?year=2026","3932","0","0"
"1791034370900","2518","MEASURED - Procurement dashboard FY2026","200","OK","Authenticated users 1-17","text","true","","301168","864","50","50","http://prism.test/procurement-office?year=2026","2515","0","0"
"1791034368917","4602","MEASURED - Procurement dashboard FY2026","200","OK","Authenticated users 1-13","text","true","","301168","864","50","50","http://prism.test/procurement-office?year=2026","4599","0","0"
"1791034368305","5215","MEASURED - Procurement dashboard FY2026","200","OK","Authenticated users 1-30","text","true","","301168","864","50","50","http://prism.test/procurement-office?year=2026","5212","0","0"
"1791034369140","4387","MEASURED - Procurement dashboard FY2026","200","OK","Authenticated users 1-24","text","true","","301168","864","50","50","http://prism.test/procurement-office?year=2026","4384","0","0"
"1791034371090","2452","MEASURED - Procurement dashboard FY2026","200","OK","Authenticated users 1-39","text","true","","301168","864","50","50","http://prism.test/procurement-office?year=2026","2449","0","0"
"1791034369333","4214","MEASURED - Procurement dashboard FY2026","200","OK","Authenticated users 1-1","text","true","","301168","864","50","50","http://prism.test/procurement-office?year=2026","4209","0","0"
"1791034369095","4456","MEASURED - Procurement dashboard FY2026","200","OK","Authenticated users 1-49","text","true","","301168","864","50","50","http://prism.test/procurement-office?year=2026","4447","0","0"
"1791034370450","3123","MEASURED - Procurement dashboard FY2026","200","OK","Authenticated users 1-37","text","true","","301168","864","50","50","http://prism.test/procurement-office?year=2026","3118","0","0"
"1791034368917","4801","MEASURED - Procurement dashboard FY2026","200","OK","Authenticated users 1-27","text","true","","301168","864","50","50","http://prism.test/procurement-office?year=2026","4798","0","0"
"1791034367705","6023","MEASURED - Procurement dashboard FY2026","200","OK","Authenticated users 1-46","text","true","","301168","864","50","50","http://prism.test/procurement-office?year=2026","6019","0","0"
"1791034370457","3290","MEASURED - Procurement dashboard FY2026","200","OK","Authenticated users 1-25","text","true","","301168","864","50","50","http://prism.test/procurement-office?year=2026","3286","0","0"
"1791034369488","4380","MEASURED - Procurement dashboard FY2026","200","OK","Authenticated users 1-2","text","true","","301168","864","50","50","http://prism.test/procurement-office?year=2026","4376","0","0"
"1791034370122","3822","MEASURED - Procurement dashboard FY2026","200","OK","Authenticated users 1-38","text","true","","301168","864","50","50","http://prism.test/procurement-office?year=2026","3819","0","0"
"1791034371539","2609","MEASURED - Procurement dashboard FY2026","200","OK","Authenticated users 1-42","text","true","","301168","864","50","50","http://prism.test/procurement-office?year=2026","2605","0","0"
"1791034371445","2715","MEASURED - Procurement dashboard FY2026","200","OK","Authenticated users 1-3","text","true","","301168","864","50","50","http://prism.test/procurement-office?year=2026","2712","0","0"
"1791034371481","2869","MEASURED - Procurement dashboard FY2026","200","OK","Authenticated users 1-8","text","true","","301168","864","50","50","http://prism.test/procurement-office?year=2026","2865","0","0"
"1791034371527","2863","MEASURED - Procurement dashboard FY2026","200","OK","Authenticated users 1-26","text","true","","301168","864","50","50","http://prism.test/procurement-office?year=2026","2860","0","0"
"1791034371091","3315","MEASURED - Procurement dashboard FY2026","200","OK","Authenticated users 1-12","text","true","","301168","864","50","50","http://prism.test/procurement-office?year=2026","3311","0","0"
"1791034369925","4541","MEASURED - Procurement dashboard FY2026","200","OK","Authenticated users 1-22","text","true","","301168","864","50","50","http://prism.test/procurement-office?year=2026","4537","0","0"
"1791034370616","4042","MEASURED - Procurement dashboard FY2026","200","OK","Authenticated users 1-33","text","true","","301168","864","50","50","http://prism.test/procurement-office?year=2026","4039","0","0"
"1791034369901","4772","MEASURED - Procurement dashboard FY2026","200","OK","Authenticated users 1-16","text","true","","301168","864","50","50","http://prism.test/procurement-office?year=2026","4769","0","0"
"1791034371864","2822","MEASURED - Procurement dashboard FY2026","200","OK","Authenticated users 1-32","text","true","","301168","864","50","50","http://prism.test/procurement-office?year=2026","2819","0","0"
"1791034371725","3012","MEASURED - Procurement dashboard FY2026","200","OK","Authenticated users 1-19","text","true","","301168","864","50","50","http://prism.test/procurement-office?year=2026","3008","0","0"
"1791034365650","9142","MEASURED - Procurement dashboard FY2026","200","OK","Authenticated users 1-7","text","true","","301169","864","50","50","http://prism.test/procurement-office?year=2026","9139","0","2"
"1791034372238","2987","MEASURED - Procurement dashboard FY2026","200","OK","Authenticated users 1-23","text","true","","301168","864","50","50","http://prism.test/procurement-office?year=2026","2984","0","0"
"1791034370574","4652","MEASURED - Procurement dashboard FY2026","200","OK","Authenticated users 1-28","text","true","","301168","864","50","50","http://prism.test/procurement-office?year=2026","4648","0","0"
"1791034369577","5688","MEASURED - Procurement dashboard FY2026","200","OK","Authenticated users 1-11","text","true","","301168","864","50","50","http://prism.test/procurement-office?year=2026","5687","0","0"
"1791034373549","1744","MEASURED - Procurement dashboard FY2026","200","OK","Authenticated users 1-1","text","true","","301168","864","50","50","http://prism.test/procurement-office?year=2026","1740","0","0"
"1791034372648","2681","MEASURED - Procurement dashboard FY2026","200","OK","Authenticated users 1-40","text","true","","301168","864","50","50","http://prism.test/procurement-office?year=2026","2675","0","0"
"1791034371854","3524","MEASURED - Procurement dashboard FY2026","200","OK","Authenticated users 1-18","text","true","","301168","864","50","50","http://prism.test/procurement-office?year=2026","3521","0","0"
"1791034372709","2724","MEASURED - Procurement dashboard FY2026","200","OK","Authenticated users 1-21","text","true","","301168","864","50","50","http://prism.test/procurement-office?year=2026","2721","0","0"
"1791034372238","3207","MEASURED - Procurement dashboard FY2026","200","OK","Authenticated users 1-5","text","true","","301168","864","50","50","http://prism.test/procurement-office?year=2026","3203","0","0"
"1791034374162","1312","MEASURED - Procurement dashboard FY2026","200","OK","Authenticated users 1-3","text","true","","301168","864","50","50","http://prism.test/procurement-office?year=2026","1303","0","0"
"1791034372607","2906","MEASURED - Procurement dashboard FY2026","200","OK","Authenticated users 1-34","text","true","","301168","864","50","50","http://prism.test/procurement-office?year=2026","2903","0","0"
"1791034372542","2991","MEASURED - Procurement dashboard FY2026","200","OK","Authenticated users 1-48","text","true","","301168","864","50","50","http://prism.test/procurement-office?year=2026","2988","0","0"
"1791034370065","5511","MEASURED - Procurement dashboard FY2026","200","OK","Authenticated users 1-45","text","true","","301168","864","50","50","http://prism.test/procurement-office?year=2026","5508","0","0"
"1791034371186","4395","MEASURED - Procurement dashboard FY2026","200","OK","Authenticated users 1-44","text","true","","301168","864","50","50","http://prism.test/procurement-office?year=2026","4392","0","0"
"1791034371193","4390","MEASURED - Procurement dashboard FY2026","200","OK","Authenticated users 1-43","text","true","","301168","864","50","50","http://prism.test/procurement-office?year=2026","4387","0","0"
"1791034372553","3043","MEASURED - Procurement dashboard FY2026","200","OK","Authenticated users 1-41","text","true","","301168","864","50","50","http://prism.test/procurement-office?year=2026","3040","0","0"
"1791034371434","4282","MEASURED - Procurement dashboard FY2026","200","OK","Authenticated users 1-10","text","true","","301168","864","50","50","http://prism.test/procurement-office?year=2026","4278","0","0"
"1791034372236","3501","MEASURED - Procurement dashboard FY2026","200","OK","Authenticated users 1-36","text","true","","301168","864","50","50","http://prism.test/procurement-office?year=2026","3498","0","0"
"1791034366038","9842","MEASURED - Procurement dashboard FY2026","200","OK","Authenticated users 1-14","text","true","","301169","864","50","50","http://prism.test/procurement-office?year=2026","9839","0","2"
"1791034373546","2703","MEASURED - Procurement dashboard FY2026","200","OK","Authenticated users 1-39","text","true","","301168","864","50","50","http://prism.test/procurement-office?year=2026","2699","0","0"
"1791034371644","4667","MEASURED - Procurement dashboard FY2026","200","OK","Authenticated users 1-15","text","true","","301168","864","50","50","http://prism.test/procurement-office?year=2026","4664","0","0"
"1791034374467","1856","MEASURED - Procurement dashboard FY2026","200","OK","Authenticated users 1-22","text","true","","301168","864","50","50","http://prism.test/procurement-office?year=2026","1853","0","0"
"1791034372546","3806","MEASURED - Procurement dashboard FY2026","200","OK","Authenticated users 1-31","text","true","","301168","864","50","50","http://prism.test/procurement-office?year=2026","3802","0","0"
"1791034371224","5572","MEASURED - Procurement dashboard FY2026","200","OK","Authenticated users 1-47","text","true","","301168","864","50","50","http://prism.test/procurement-office?year=2026","5569","0","0"
"1791034373381","3491","MEASURED - Procurement dashboard FY2026","200","OK","Authenticated users 1-35","text","true","","301168","864","50","50","http://prism.test/procurement-office?year=2026","3479","0","0"
"1791034373556","3361","MEASURED - Procurement dashboard FY2026","200","OK","Authenticated users 1-49","text","true","","301168","864","50","50","http://prism.test/procurement-office?year=2026","3358","0","0"
"1791034373749","3186","MEASURED - Procurement dashboard FY2026","200","OK","Authenticated users 1-25","text","true","","301168","864","50","50","http://prism.test/procurement-office?year=2026","3184","0","0"
"1791034373411","3777","MEASURED - Procurement dashboard FY2026","200","OK","Authenticated users 1-6","text","true","","301168","864","50","50","http://prism.test/procurement-office?year=2026","3775","0","0"
"1791034373722","3579","MEASURED - Procurement dashboard FY2026","200","OK","Authenticated users 1-27","text","true","","301168","864","50","50","http://prism.test/procurement-office?year=2026","3576","0","0"
"1791034374408","2897","MEASURED - Procurement dashboard FY2026","200","OK","Authenticated users 1-12","text","true","","301168","864","50","50","http://prism.test/procurement-office?year=2026","2893","0","0"
"1791034373870","3505","MEASURED - Procurement dashboard FY2026","200","OK","Authenticated users 1-2","text","true","","301168","864","50","50","http://prism.test/procurement-office?year=2026","3502","0","0"
"1791034370493","6919","MEASURED - Procurement dashboard FY2026","200","OK","Authenticated users 1-9","text","true","","301168","864","50","50","http://prism.test/procurement-office?year=2026","6916","0","0"
"1791034372105","5309","MEASURED - Procurement dashboard FY2026","200","OK","Authenticated users 1-4","text","true","","301168","864","50","50","http://prism.test/procurement-office?year=2026","5307","0","0"
"1791034373522","4292","MEASURED - Procurement dashboard FY2026","200","OK","Authenticated users 1-13","text","true","","301168","864","50","50","http://prism.test/procurement-office?year=2026","4290","0","0"
"1791034375598","2224","MEASURED - Procurement dashboard FY2026","200","OK","Authenticated users 1-41","text","true","","301168","864","50","50","http://prism.test/procurement-office?year=2026","2220","0","0"
"1791034373387","4479","MEASURED - Procurement dashboard FY2026","200","OK","Authenticated users 1-50","text","true","","301168","864","50","50","http://prism.test/procurement-office?year=2026","4476","0","0"
"1791034373420","4447","MEASURED - Procurement dashboard FY2026","200","OK","Authenticated users 1-17","text","true","","301168","864","50","50","http://prism.test/procurement-office?year=2026","4444","0","0"
"1791034375446","2649","MEASURED - Procurement dashboard FY2026","200","OK","Authenticated users 1-5","text","true","","301168","864","50","50","http://prism.test/procurement-office?year=2026","2645","0","0"
"1791034373530","4565","MEASURED - Procurement dashboard FY2026","200","OK","Authenticated users 1-24","text","true","","301168","864","50","50","http://prism.test/procurement-office?year=2026","4561","0","0"
"1791034373380","4717","MEASURED - Procurement dashboard FY2026","200","OK","Authenticated users 1-29","text","true","","301168","864","50","50","http://prism.test/procurement-office?year=2026","4712","0","0"
"1791034375435","2842","MEASURED - Procurement dashboard FY2026","200","OK","Authenticated users 1-21","text","true","","301168","864","50","50","http://prism.test/procurement-office?year=2026","2839","0","0"
"1791034374351","3941","MEASURED - Procurement dashboard FY2026","200","OK","Authenticated users 1-8","text","true","","301168","864","50","50","http://prism.test/procurement-office?year=2026","3938","0","0"
"1791034375227","3215","MEASURED - Procurement dashboard FY2026","200","OK","Authenticated users 1-23","text","true","","301168","864","50","50","http://prism.test/procurement-office?year=2026","3212","0","0"
"1791034372989","5467","MEASURED - Procurement dashboard FY2026","200","OK","Authenticated users 1-20","text","true","","301168","864","50","50","http://prism.test/procurement-office?year=2026","5466","0","0"
"1791034374391","4475","MEASURED - Procurement dashboard FY2026","200","OK","Authenticated users 1-26","text","true","","301168","864","50","50","http://prism.test/procurement-office?year=2026","4471","0","0"
"1791034375227","3852","MEASURED - Procurement dashboard FY2026","200","OK","Authenticated users 1-28","text","true","","301168","864","50","50","http://prism.test/procurement-office?year=2026","3848","0","0"
"1791034374660","4419","MEASURED - Procurement dashboard FY2026","200","OK","Authenticated users 1-33","text","true","","301168","864","50","50","http://prism.test/procurement-office?year=2026","4415","0","0"
"1791034375582","3497","MEASURED - Procurement dashboard FY2026","200","OK","Authenticated users 1-44","text","true","","301168","864","50","50","http://prism.test/procurement-office?year=2026","3494","0","0"
"1791034375584","3588","MEASURED - Procurement dashboard FY2026","200","OK","Authenticated users 1-43","text","true","","301168","864","50","50","http://prism.test/procurement-office?year=2026","3584","0","0"
"1791034373576","5603","MEASURED - Procurement dashboard FY2026","200","OK","Authenticated users 1-37","text","true","","301168","864","50","50","http://prism.test/procurement-office?year=2026","5599","0","0"
"1791034375331","3895","MEASURED - Procurement dashboard FY2026","200","OK","Authenticated users 1-40","text","true","","301168","864","50","50","http://prism.test/procurement-office?year=2026","3891","0","0"
"1791034374687","4562","MEASURED - Procurement dashboard FY2026","200","OK","Authenticated users 1-32","text","true","","301168","864","50","50","http://prism.test/procurement-office?year=2026","4557","0","0"
"1791034373523","5748","MEASURED - Procurement dashboard FY2026","200","OK","Authenticated users 1-30","text","true","","301168","864","50","50","http://prism.test/procurement-office?year=2026","5744","0","0"
"1791034375380","3891","MEASURED - Procurement dashboard FY2026","200","OK","Authenticated users 1-18","text","true","","301168","864","50","50","http://prism.test/procurement-office?year=2026","3886","0","0"
"1791034376250","3068","MEASURED - Procurement dashboard FY2026","200","OK","Authenticated users 1-39","text","true","","301168","864","50","50","http://prism.test/procurement-office?year=2026","3056","0","0"
"1791034375515","3986","MEASURED - Procurement dashboard FY2026","200","OK","Authenticated users 1-34","text","true","","301168","864","50","50","http://prism.test/procurement-office?year=2026","3982","0","0"
"1791034374150","5355","MEASURED - Procurement dashboard FY2026","200","OK","Authenticated users 1-42","text","true","","301168","864","50","50","http://prism.test/procurement-office?year=2026","5352","0","0"
"1791034374795","4738","MEASURED - Procurement dashboard FY2026","200","OK","Authenticated users 1-7","text","true","","301168","864","50","50","http://prism.test/procurement-office?year=2026","4733","0","0"
"1791034373732","5808","MEASURED - Procurement dashboard FY2026","200","OK","Authenticated users 1-46","text","true","","301169","864","50","50","http://prism.test/procurement-office?year=2026","5804","0","12"
"1791034375883","3882","MEASURED - Procurement dashboard FY2026","200","OK","Authenticated users 1-14","text","true","","301168","864","50","50","http://prism.test/procurement-office?year=2026","3879","0","0"
"1791034374675","5093","MEASURED - Procurement dashboard FY2026","200","OK","Authenticated users 1-16","text","true","","301168","864","50","50","http://prism.test/procurement-office?year=2026","5090","0","0"
"1791034375577","4215","MEASURED - Procurement dashboard FY2026","200","OK","Authenticated users 1-45","text","true","","301168","864","50","50","http://prism.test/procurement-office?year=2026","4212","0","0"
"1791034377307","2649","MEASURED - Procurement dashboard FY2026","200","OK","Authenticated users 1-12","text","true","","301168","864","50","50","http://prism.test/procurement-office?year=2026","2645","0","0"
"1791034376325","3785","MEASURED - Procurement dashboard FY2026","200","OK","Authenticated users 1-22","text","true","","301168","864","50","50","http://prism.test/procurement-office?year=2026","3781","0","0"
"1791034375717","4413","MEASURED - Procurement dashboard FY2026","200","OK","Authenticated users 1-10","text","true","","301168","864","50","50","http://prism.test/procurement-office?year=2026","4410","0","0"
"1791034375534","4700","MEASURED - Procurement dashboard FY2026","200","OK","Authenticated users 1-48","text","true","","301168","864","50","50","http://prism.test/procurement-office?year=2026","4697","0","0"
"1791034375266","5006","MEASURED - Procurement dashboard FY2026","200","OK","Authenticated users 1-11","text","true","","301168","864","50","50","http://prism.test/procurement-office?year=2026","5002","0","0"
"1791034376919","3423","MEASURED - Procurement dashboard FY2026","200","OK","Authenticated users 1-49","text","true","","301168","864","50","50","http://prism.test/procurement-office?year=2026","3420","0","0"
"1791034375294","5212","MEASURED - Procurement dashboard FY2026","500","Internal Server Error","Authenticated users 1-1","text","false","Expected authenticated Procurement Office dashboard and HTTP 200.","13629","864","50","50","http://prism.test/procurement-office?year=2026","5207","0","0"
"1791034376353","4161","MEASURED - Procurement dashboard FY2026","200","OK","Authenticated users 1-31","text","true","","301168","864","50","50","http://prism.test/procurement-office?year=2026","4158","0","0"
"1791034378097","2531","MEASURED - Procurement dashboard FY2026","500","Internal Server Error","Authenticated users 1-24","text","false","Expected authenticated Procurement Office dashboard and HTTP 200.","13629","864","50","50","http://prism.test/procurement-office?year=2026","2524","0","0"
"1791034375739","4947","MEASURED - Procurement dashboard FY2026","200","OK","Authenticated users 1-36","text","true","","301168","864","50","50","http://prism.test/procurement-office?year=2026","4944","0","0"
"1791034376937","3887","MEASURED - Procurement dashboard FY2026","500","Internal Server Error","Authenticated users 1-25","text","false","Expected authenticated Procurement Office dashboard and HTTP 200.","13629","864","50","50","http://prism.test/procurement-office?year=2026","3867","0","0"
"1791034378444","2411","MEASURED - Procurement dashboard FY2026","200","OK","Authenticated users 1-23","text","true","","301168","864","50","50","http://prism.test/procurement-office?year=2026","2410","0","0"
"1791034376873","3990","MEASURED - Procurement dashboard FY2026","200","OK","Authenticated users 1-35","text","true","","301168","864","50","50","http://prism.test/procurement-office?year=2026","3986","0","0"
"1791034375477","5566","MEASURED - Procurement dashboard FY2026","200","OK","Authenticated users 1-3","text","true","","301168","864","50","50","http://prism.test/procurement-office?year=2026","5563","0","0"
"1791034377415","3749","MEASURED - Procurement dashboard FY2026","200","OK","Authenticated users 1-4","text","true","","301168","864","50","50","http://prism.test/procurement-office?year=2026","3746","0","0"
"1791034373947","7219","MEASURED - Procurement dashboard FY2026","200","OK","Authenticated users 1-38","text","true","","301168","864","50","50","http://prism.test/procurement-office?year=2026","7215","0","0"
"1791034379082","2161","MEASURED - Procurement dashboard FY2026","200","OK","Authenticated users 1-28","text","true","","301168","864","50","50","http://prism.test/procurement-office?year=2026","2157","0","0"
"1791034376798","4494","MEASURED - Procurement dashboard FY2026","200","OK","Authenticated users 1-47","text","true","","301168","864","50","50","http://prism.test/procurement-office?year=2026","4491","0","0"
"1791034379322","2233","MEASURED - Procurement dashboard FY2026","200","OK","Authenticated users 1-39","text","true","","301168","864","50","50","http://prism.test/procurement-office?year=2026","2230","0","0"
"1791034374738","6824","MEASURED - Procurement dashboard FY2026","200","OK","Authenticated users 1-19","text","true","","301168","864","50","50","http://prism.test/procurement-office?year=2026","6822","0","0"
"1791034379230","2339","MEASURED - Procurement dashboard FY2026","200","OK","Authenticated users 1-40","text","true","","301168","864","50","50","http://prism.test/procurement-office?year=2026","2335","0","0"
"1791034378097","3481","MEASURED - Procurement dashboard FY2026","200","OK","Authenticated users 1-29","text","true","","301168","864","50","50","http://prism.test/procurement-office?year=2026","3478","0","0"
"1791034378868","2975","MEASURED - Procurement dashboard FY2026","200","OK","Authenticated users 1-26","text","true","","301168","864","50","50","http://prism.test/procurement-office?year=2026","2972","0","0"
"1791034379542","2455","MEASURED - Procurement dashboard FY2026","200","OK","Authenticated users 1-46","text","true","","301168","864","50","50","http://prism.test/procurement-office?year=2026","2451","0","0"
"1791034376312","5684","MEASURED - Procurement dashboard FY2026","200","OK","Authenticated users 1-15","text","true","","301168","864","50","50","http://prism.test/procurement-office?year=2026","5680","0","0"
"1791034379506","2549","MEASURED - Procurement dashboard FY2026","200","OK","Authenticated users 1-34","text","true","","301168","864","50","50","http://prism.test/procurement-office?year=2026","2546","0","0"
"1791034377302","4959","MEASURED - Procurement dashboard FY2026","500","Internal Server Error","Authenticated users 1-27","text","false","Expected authenticated Procurement Office dashboard and HTTP 200.","13629","864","50","50","http://prism.test/procurement-office?year=2026","4941","0","0"
"1791034379772","2500","MEASURED - Procurement dashboard FY2026","200","OK","Authenticated users 1-16","text","true","","301168","864","50","50","http://prism.test/procurement-office?year=2026","2498","0","0"
"1791034380689","1727","MEASURED - Procurement dashboard FY2026","200","OK","Authenticated users 1-36","text","true","","301168","864","50","50","http://prism.test/procurement-office?year=2026","1724","0","0"
"1791034378295","4178","MEASURED - Procurement dashboard FY2026","200","OK","Authenticated users 1-8","text","true","","301168","864","50","50","http://prism.test/procurement-office?year=2026","4174","0","0"
"1791034379960","2516","MEASURED - Procurement dashboard FY2026","200","OK","Authenticated users 1-12","text","true","","301168","864","50","50","http://prism.test/procurement-office?year=2026","2511","0","0"
"1791034377190","5286","MEASURED - Procurement dashboard FY2026","200","OK","Authenticated users 1-6","text","true","","301168","864","50","50","http://prism.test/procurement-office?year=2026","5281","0","0"
"1791034378457","4035","MEASURED - Procurement dashboard FY2026","200","OK","Authenticated users 1-20","text","true","","301168","864","50","50","http://prism.test/procurement-office?year=2026","4020","0","0"
"1791034377824","4669","MEASURED - Procurement dashboard FY2026","200","OK","Authenticated users 1-41","text","true","","301168","864","50","50","http://prism.test/procurement-office?year=2026","4666","0","0"
"1791034379252","3260","MEASURED - Procurement dashboard FY2026","200","OK","Authenticated users 1-32","text","true","","301168","864","50","50","http://prism.test/procurement-office?year=2026","3256","0","0"
"1791034377868","4718","MEASURED - Procurement dashboard FY2026","200","OK","Authenticated users 1-50","text","true","","301168","864","50","50","http://prism.test/procurement-office?year=2026","4716","0","0"
"1791034379769","2861","MEASURED - Procurement dashboard FY2026","200","OK","Authenticated users 1-14","text","true","","301168","864","50","50","http://prism.test/procurement-office?year=2026","2858","0","0"
"1791034377868","4768","MEASURED - Procurement dashboard FY2026","200","OK","Authenticated users 1-17","text","true","","301168","864","50","50","http://prism.test/procurement-office?year=2026","4764","0","0"
"1791034379796","3213","MEASURED - Procurement dashboard FY2026","200","OK","Authenticated users 1-45","text","true","","301168","864","50","50","http://prism.test/procurement-office?year=2026","3210","0","0"
"1791034379082","3950","MEASURED - Procurement dashboard FY2026","200","OK","Authenticated users 1-44","text","true","","301168","864","50","50","http://prism.test/procurement-office?year=2026","3947","0","0"
"1791034377376","5665","MEASURED - Procurement dashboard FY2026","200","OK","Authenticated users 1-2","text","true","","301168","864","50","50","http://prism.test/procurement-office?year=2026","5661","0","0"
"1791034379175","3922","MEASURED - Procurement dashboard FY2026","200","OK","Authenticated users 1-43","text","true","","301168","864","50","50","http://prism.test/procurement-office?year=2026","3919","0","0"
"1791034379181","3916","MEASURED - Procurement dashboard FY2026","200","OK","Authenticated users 1-37","text","true","","301168","864","50","50","http://prism.test/procurement-office?year=2026","3913","0","0"
"1791034380237","2930","MEASURED - Procurement dashboard FY2026","200","OK","Authenticated users 1-48","text","true","","301168","864","50","50","http://prism.test/procurement-office?year=2026","2927","0","0"
"1791034379082","4084","MEASURED - Procurement dashboard FY2026","200","OK","Authenticated users 1-33","text","true","","301168","864","50","50","http://prism.test/procurement-office?year=2026","4081","0","0"
"1791034377414","5834","MEASURED - Procurement dashboard FY2026","200","OK","Authenticated users 1-9","text","true","","301168","864","50","50","http://prism.test/procurement-office?year=2026","5830","0","0"
"1791034379537","3724","MEASURED - Procurement dashboard FY2026","200","OK","Authenticated users 1-7","text","true","","301168","864","50","50","http://prism.test/procurement-office?year=2026","3720","0","0"
"1791034380133","3128","MEASURED - Procurement dashboard FY2026","200","OK","Authenticated users 1-10","text","true","","301168","864","50","50","http://prism.test/procurement-office?year=2026","3124","0","0"
"1791034379508","3763","MEASURED - Procurement dashboard FY2026","200","OK","Authenticated users 1-42","text","true","","301168","864","50","50","http://prism.test/procurement-office?year=2026","3760","0","0"
"1791034381999","1477","MEASURED - Procurement dashboard FY2026","500","Internal Server Error","Authenticated users 1-46","text","false","Expected authenticated Procurement Office dashboard and HTTP 200.","13629","864","50","50","http://prism.test/procurement-office?year=2026","1340","0","0"
"1791034379274","4256","MEASURED - Procurement dashboard FY2026","200","OK","Authenticated users 1-30","text","true","","301168","864","50","50","http://prism.test/procurement-office?year=2026","4254","0","0"
"1791034380115","3496","MEASURED - Procurement dashboard FY2026","200","OK","Authenticated users 1-22","text","true","","301168","864","50","50","http://prism.test/procurement-office?year=2026","3493","0","0"
"1791034381168","2539","MEASURED - Procurement dashboard FY2026","200","OK","Authenticated users 1-4","text","true","","301168","864","50","50","http://prism.test/procurement-office?year=2026","2536","0","0"
"1791034380275","3588","MEASURED - Procurement dashboard FY2026","200","OK","Authenticated users 1-11","text","true","","301168","864","50","50","http://prism.test/procurement-office?year=2026","3585","0","0"
"1791034382633","1391","MEASURED - Procurement dashboard FY2026","200","OK","Authenticated users 1-14","text","true","","301168","864","50","50","http://prism.test/procurement-office?year=2026","1388","0","0"
"1791034380345","3692","MEASURED - Procurement dashboard FY2026","200","OK","Authenticated users 1-49","text","true","","301168","864","50","50","http://prism.test/procurement-office?year=2026","3689","0","0"
"1791034382593","1453","MEASURED - Procurement dashboard FY2026","200","OK","Authenticated users 1-50","text","true","","301168","864","50","50","http://prism.test/procurement-office?year=2026","1449","0","0"
"1791034379274","4790","MEASURED - Procurement dashboard FY2026","200","OK","Authenticated users 1-18","text","true","","301168","864","50","50","http://prism.test/procurement-office?year=2026","4788","0","0"
"1791034381247","3222","MEASURED - Procurement dashboard FY2026","200","OK","Authenticated users 1-28","text","true","","301168","864","50","50","http://prism.test/procurement-office?year=2026","3219","0","0"
"1791034378097","6504","MEASURED - Procurement dashboard FY2026","200","OK","Authenticated users 1-5","text","true","","301168","864","50","50","http://prism.test/procurement-office?year=2026","6502","0","0"
"1791034381046","3612","MEASURED - Procurement dashboard FY2026","200","OK","Authenticated users 1-3","text","true","","301168","864","50","50","http://prism.test/procurement-office?year=2026","3612","0","0"
"1791034380866","3840","MEASURED - Procurement dashboard FY2026","200","OK","Authenticated users 1-35","text","true","","301168","864","50","50","http://prism.test/procurement-office?year=2026","3837","0","0"
"1791034377816","6889","MEASURED - Procurement dashboard FY2026","200","OK","Authenticated users 1-13","text","true","","301168","864","50","50","http://prism.test/procurement-office?year=2026","6885","0","0"
"1791034381565","3229","MEASURED - Procurement dashboard FY2026","200","OK","Authenticated users 1-19","text","true","","301168","864","50","50","http://prism.test/procurement-office?year=2026","3222","0","0"
"1791034383273","1829","MEASURED - Procurement dashboard FY2026","200","OK","Authenticated users 1-42","text","true","","301168","864","50","50","http://prism.test/procurement-office?year=2026","1827","0","0"
"1791034382479","2702","MEASURED - Procurement dashboard FY2026","200","OK","Authenticated users 1-6","text","true","","301168","864","50","50","http://prism.test/procurement-office?year=2026","2699","0","0"
"1791034381847","3378","MEASURED - Procurement dashboard FY2026","200","OK","Authenticated users 1-26","text","true","","301168","864","50","50","http://prism.test/procurement-office?year=2026","3375","0","0"
"1791034383169","2234","MEASURED - Procurement dashboard FY2026","200","OK","Authenticated users 1-48","text","true","","301168","864","50","50","http://prism.test/procurement-office?year=2026","2230","0","0"
"1791034383099","2403","MEASURED - Procurement dashboard FY2026","200","OK","Authenticated users 1-43","text","true","","301168","864","50","50","http://prism.test/procurement-office?year=2026","2399","0","0"
"1791034383035","2693","MEASURED - Procurement dashboard FY2026","500","Internal Server Error","Authenticated users 1-44","text","false","Expected authenticated Procurement Office dashboard and HTTP 200.","13629","864","50","50","http://prism.test/procurement-office?year=2026","2686","0","0"
"1791034381572","4166","MEASURED - Procurement dashboard FY2026","200","OK","Authenticated users 1-40","text","true","","301168","864","50","50","http://prism.test/procurement-office?year=2026","4163","0","0"
"1791034383614","2291","MEASURED - Procurement dashboard FY2026","500","Internal Server Error","Authenticated users 1-22","text","false","Expected authenticated Procurement Office dashboard and HTTP 200.","13629","864","50","50","http://prism.test/procurement-office?year=2026","2286","0","0"
"1791034383011","2906","MEASURED - Procurement dashboard FY2026","200","OK","Authenticated users 1-45","text","true","","301168","864","50","50","http://prism.test/procurement-office?year=2026","2903","0","0"
"1791034381581","4342","MEASURED - Procurement dashboard FY2026","200","OK","Authenticated users 1-29","text","true","","301168","864","50","50","http://prism.test/procurement-office?year=2026","4339","0","0"
"1791034383251","2910","MEASURED - Procurement dashboard FY2026","200","OK","Authenticated users 1-9","text","true","","301168","864","50","50","http://prism.test/procurement-office?year=2026","2907","0","0"
"1791034382058","4124","MEASURED - Procurement dashboard FY2026","200","OK","Authenticated users 1-34","text","true","","301168","864","50","50","http://prism.test/procurement-office?year=2026","4120","0","0"
"1791034384027","2155","MEASURED - Procurement dashboard FY2026","200","OK","Authenticated users 1-14","text","true","","301168","864","50","50","http://prism.test/procurement-office?year=2026","2152","0","0"
"1791034382505","3697","MEASURED - Procurement dashboard FY2026","200","OK","Authenticated users 1-20","text","true","","301168","864","50","50","http://prism.test/procurement-office?year=2026","3695","0","0"
"1791034383263","3166","MEASURED - Procurement dashboard FY2026","200","OK","Authenticated users 1-10","text","true","","301168","864","50","50","http://prism.test/procurement-office?year=2026","3162","0","0"
"1791034383169","3259","MEASURED - Procurement dashboard FY2026","200","OK","Authenticated users 1-33","text","true","","301168","864","50","50","http://prism.test/procurement-office?year=2026","3256","0","0"
"1791034381558","4903","MEASURED - Procurement dashboard FY2026","200","OK","Authenticated users 1-39","text","true","","301168","864","50","50","http://prism.test/procurement-office?year=2026","4901","0","0"
"1791034383044","3425","MEASURED - Procurement dashboard FY2026","200","OK","Authenticated users 1-2","text","true","","301168","864","50","50","http://prism.test/procurement-office?year=2026","3421","0","0"
"1791034381999","4478","MEASURED - Procurement dashboard FY2026","200","OK","Authenticated users 1-15","text","true","","301168","864","50","50","http://prism.test/procurement-office?year=2026","4469","0","0"
"1791034380859","5617","MEASURED - Procurement dashboard FY2026","200","OK","Authenticated users 1-23","text","true","","301168","864","50","50","http://prism.test/procurement-office?year=2026","5609","0","0"
"1791034380630","5872","MEASURED - Procurement dashboard FY2026","200","OK","Authenticated users 1-24","text","true","","301169","864","50","50","http://prism.test/procurement-office?year=2026","5868","0","1"
"1791034382477","4031","MEASURED - Procurement dashboard FY2026","200","OK","Authenticated users 1-8","text","true","","301168","864","50","50","http://prism.test/procurement-office?year=2026","4028","0","0"
"1791034382419","4242","MEASURED - Procurement dashboard FY2026","200","OK","Authenticated users 1-36","text","true","","301168","864","50","50","http://prism.test/procurement-office?year=2026","4239","0","0"
"1791034382275","4393","MEASURED - Procurement dashboard FY2026","200","OK","Authenticated users 1-16","text","true","","301168","864","50","50","http://prism.test/procurement-office?year=2026","4391","0","0"
"1791034383478","3220","MEASURED - Procurement dashboard FY2026","200","OK","Authenticated users 1-46","text","true","","301169","864","50","50","http://prism.test/procurement-office?year=2026","3216","0","2"
"1791034384040","2670","MEASURED - Procurement dashboard FY2026","200","OK","Authenticated users 1-49","text","true","","301168","864","50","50","http://prism.test/procurement-office?year=2026","2667","0","0"
"1791034383533","3180","MEASURED - Procurement dashboard FY2026","500","Internal Server Error","Authenticated users 1-30","text","false","Expected authenticated Procurement Office dashboard and HTTP 200.","13629","864","50","50","http://prism.test/procurement-office?year=2026","3174","0","0"
"1791034381295","5602","MEASURED - Procurement dashboard FY2026","200","OK","Authenticated users 1-47","text","true","","301168","864","50","50","http://prism.test/procurement-office?year=2026","5599","0","0"
"1791034382505","4478","MEASURED - Procurement dashboard FY2026","200","OK","Authenticated users 1-41","text","true","","301168","864","50","50","http://prism.test/procurement-office?year=2026","4474","0","0"
"1791034383099","3907","MEASURED - Procurement dashboard FY2026","200","OK","Authenticated users 1-37","text","true","","301168","864","50","50","http://prism.test/procurement-office?year=2026","3903","0","0"
"1791034384470","2559","MEASURED - Procurement dashboard FY2026","200","OK","Authenticated users 1-28","text","true","","301168","864","50","50","http://prism.test/procurement-office?year=2026","2556","0","0"
"1791034383263","3872","MEASURED - Procurement dashboard FY2026","200","OK","Authenticated users 1-7","text","true","","301168","864","50","50","http://prism.test/procurement-office?year=2026","3868","0","0"
"1791034382515","4654","MEASURED - Procurement dashboard FY2026","200","OK","Authenticated users 1-32","text","true","","301168","864","50","50","http://prism.test/procurement-office?year=2026","4651","0","0"
"1791034384048","3143","MEASURED - Procurement dashboard FY2026","200","OK","Authenticated users 1-50","text","true","","301168","864","50","50","http://prism.test/procurement-office?year=2026","3140","0","0"
"1791034380508","6695","MEASURED - Procurement dashboard FY2026","200","OK","Authenticated users 1-1","text","true","","301169","864","50","50","http://prism.test/procurement-office?year=2026","6691","0","2"
"1791034382640","4897","MEASURED - Procurement dashboard FY2026","200","OK","Authenticated users 1-17","text","true","","301168","864","50","50","http://prism.test/procurement-office?year=2026","4894","0","0"
"1791034384796","2757","MEASURED - Procurement dashboard FY2026","200","OK","Authenticated users 1-19","text","true","","301168","864","50","50","http://prism.test/procurement-office?year=2026","2748","0","0"
"1791034382263","5319","MEASURED - Procurement dashboard FY2026","200","OK","Authenticated users 1-27","text","true","","301169","864","50","50","http://prism.test/procurement-office?year=2026","5315","0","2"
"1791034382479","5175","MEASURED - Procurement dashboard FY2026","200","OK","Authenticated users 1-12","text","true","","301168","864","50","50","http://prism.test/procurement-office?year=2026","5171","0","0"
"1791034384604","3075","MEASURED - Procurement dashboard FY2026","200","OK","Authenticated users 1-5","text","true","","301168","864","50","50","http://prism.test/procurement-office?year=2026","3072","0","0"
"1791034385404","2322","MEASURED - Procurement dashboard FY2026","200","OK","Authenticated users 1-48","text","true","","301168","864","50","50","http://prism.test/procurement-office?year=2026","2319","0","0"
"1791034381168","6591","MEASURED - Procurement dashboard FY2026","200","OK","Authenticated users 1-38","text","true","","301168","864","50","50","http://prism.test/procurement-office?year=2026","6588","0","0"
"1791034383709","4050","MEASURED - Procurement dashboard FY2026","200","OK","Authenticated users 1-4","text","true","","301168","864","50","50","http://prism.test/procurement-office?year=2026","4046","0","0"
"1791034384660","3175","MEASURED - Procurement dashboard FY2026","200","OK","Authenticated users 1-3","text","true","","301168","864","50","50","http://prism.test/procurement-office?year=2026","3172","0","0"
"1791034380518","7581","MEASURED - Procurement dashboard FY2026","200","OK","Authenticated users 1-31","text","true","","301168","864","50","50","http://prism.test/procurement-office?year=2026","7578","0","0"
"1791034385182","2940","MEASURED - Procurement dashboard FY2026","200","OK","Authenticated users 1-6","text","true","","301168","864","50","50","http://prism.test/procurement-office?year=2026","2937","0","0"
"1791034386184","1947","MEASURED - Procurement dashboard FY2026","200","OK","Authenticated users 1-14","text","true","","301168","864","50","50","http://prism.test/procurement-office?year=2026","1943","0","0"
"1791034383865","4409","MEASURED - Procurement dashboard FY2026","200","OK","Authenticated users 1-11","text","true","","301168","864","50","50","http://prism.test/procurement-office?year=2026","4406","0","0"
"1791034384708","3582","MEASURED - Procurement dashboard FY2026","200","OK","Authenticated users 1-35","text","true","","301168","864","50","50","http://prism.test/procurement-office?year=2026","3579","0","0"
"1791034385226","3077","MEASURED - Procurement dashboard FY2026","200","OK","Authenticated users 1-26","text","true","","301168","864","50","50","http://prism.test/procurement-office?year=2026","3074","0","0"
"1791034380826","7584","MEASURED - Procurement dashboard FY2026","200","OK","Authenticated users 1-25","text","true","","301169","864","50","50","http://prism.test/procurement-office?year=2026","7581","0","2"
"1791034386509","1907","MEASURED - Procurement dashboard FY2026","200","OK","Authenticated users 1-8","text","true","","301168","864","50","50","http://prism.test/procurement-office?year=2026","1905","0","0"
"1791034385924","2541","MEASURED - Procurement dashboard FY2026","200","OK","Authenticated users 1-29","text","true","","301168","864","50","50","http://prism.test/procurement-office?year=2026","2538","0","0"
"1791034386711","1762","MEASURED - Procurement dashboard FY2026","500","Internal Server Error","Authenticated users 1-49","text","false","Expected authenticated Procurement Office dashboard and HTTP 200.","13629","864","50","50","http://prism.test/procurement-office?year=2026","1754","0","0"
"1791034386463","2424","MEASURED - Procurement dashboard FY2026","200","OK","Authenticated users 1-39","text","true","","301168","864","50","50","http://prism.test/procurement-office?year=2026","2421","0","0"
"1791034384067","4828","MEASURED - Procurement dashboard FY2026","200","OK","Authenticated users 1-18","text","true","","301168","864","50","50","http://prism.test/procurement-office?year=2026","4825","0","0"
"1791034384708","4289","MEASURED - Procurement dashboard FY2026","200","OK","Authenticated users 1-13","text","true","","301168","864","50","50","http://prism.test/procurement-office?year=2026","4286","0","0"
"1791034386184","3116","MEASURED - Procurement dashboard FY2026","200","OK","Authenticated users 1-34","text","true","","301168","864","50","50","http://prism.test/procurement-office?year=2026","3112","0","0"
"1791034386430","2872","MEASURED - Procurement dashboard FY2026","200","OK","Authenticated users 1-33","text","true","","301168","864","50","50","http://prism.test/procurement-office?year=2026","2868","0","0"
"1791034386985","2427","MEASURED - Procurement dashboard FY2026","200","OK","Authenticated users 1-41","text","true","","301168","864","50","50","http://prism.test/procurement-office?year=2026","2423","0","0"
"1791034387583","1856","MEASURED - Procurement dashboard FY2026","200","OK","Authenticated users 1-27","text","true","","301168","864","50","50","http://prism.test/procurement-office?year=2026","1853","0","0"
"1791034385103","4355","MEASURED - Procurement dashboard FY2026","200","OK","Authenticated users 1-42","text","true","","301168","864","50","50","http://prism.test/procurement-office?year=2026","4352","0","0"
"1791034385503","3998","MEASURED - Procurement dashboard FY2026","200","OK","Authenticated users 1-43","text","true","","301168","864","50","50","http://prism.test/procurement-office?year=2026","3995","0","0"
"1791034386478","3034","MEASURED - Procurement dashboard FY2026","200","OK","Authenticated users 1-15","text","true","","301168","864","50","50","http://prism.test/procurement-office?year=2026","3031","0","0"
"1791034386430","3256","MEASURED - Procurement dashboard FY2026","200","OK","Authenticated users 1-10","text","true","","301168","864","50","50","http://prism.test/procurement-office?year=2026","3253","0","0"
"1791034386203","3600","MEASURED - Procurement dashboard FY2026","200","OK","Authenticated users 1-20","text","true","","301168","864","50","50","http://prism.test/procurement-office?year=2026","3598","0","0"
"1791034387205","2729","MEASURED - Procurement dashboard FY2026","200","OK","Authenticated users 1-1","text","true","","301168","864","50","50","http://prism.test/procurement-office?year=2026","2726","0","0"
"1791034386700","3435","MEASURED - Procurement dashboard FY2026","200","OK","Authenticated users 1-46","text","true","","301168","864","50","50","http://prism.test/procurement-office?year=2026","3432","0","0"
"1791034387193","2998","MEASURED - Procurement dashboard FY2026","200","OK","Authenticated users 1-50","text","true","","301168","864","50","50","http://prism.test/procurement-office?year=2026","2995","0","0"
"1791034387728","2586","MEASURED - Procurement dashboard FY2026","200","OK","Authenticated users 1-48","text","true","","301168","864","50","50","http://prism.test/procurement-office?year=2026","2582","0","0"
"1791034388467","1873","MEASURED - Procurement dashboard FY2026","200","OK","Authenticated users 1-29","text","true","","301168","864","50","50","http://prism.test/procurement-office?year=2026","1870","0","0"
"1791034387136","3237","MEASURED - Procurement dashboard FY2026","200","OK","Authenticated users 1-7","text","true","","301168","864","50","50","http://prism.test/procurement-office?year=2026","3235","0","0"
"1791034388293","2126","MEASURED - Procurement dashboard FY2026","200","OK","Authenticated users 1-35","text","true","","301168","864","50","50","http://prism.test/procurement-office?year=2026","2126","0","0"
"1791034388305","2116","MEASURED - Procurement dashboard FY2026","200","OK","Authenticated users 1-26","text","true","","301168","864","50","50","http://prism.test/procurement-office?year=2026","2112","0","0"
"1791034387032","3390","MEASURED - Procurement dashboard FY2026","200","OK","Authenticated users 1-28","text","true","","301168","864","50","50","http://prism.test/procurement-office?year=2026","3381","0","0"
"1791034387170","3313","MEASURED - Procurement dashboard FY2026","200","OK","Authenticated users 1-32","text","true","","301168","864","50","50","http://prism.test/procurement-office?year=2026","3310","0","0"
"1791034386471","4025","MEASURED - Procurement dashboard FY2026","200","OK","Authenticated users 1-2","text","true","","301168","864","50","50","http://prism.test/procurement-office?year=2026","4023","0","0"
"1791034388100","2453","MEASURED - Procurement dashboard FY2026","200","OK","Authenticated users 1-31","text","true","","301168","864","50","50","http://prism.test/procurement-office?year=2026","2453","0","0"
"1791034386163","4394","MEASURED - Procurement dashboard FY2026","200","OK","Authenticated users 1-9","text","true","","301168","864","50","50","http://prism.test/procurement-office?year=2026","4390","0","0"
"1791034385918","4979","MEASURED - Procurement dashboard FY2026","200","OK","Authenticated users 1-45","text","true","","301168","864","50","50","http://prism.test/procurement-office?year=2026","4975","0","0"
"1791034387681","3228","MEASURED - Procurement dashboard FY2026","200","OK","Authenticated users 1-5","text","true","","301168","864","50","50","http://prism.test/procurement-office?year=2026","3226","0","0"
"1791034386478","4431","MEASURED - Procurement dashboard FY2026","200","OK","Authenticated users 1-23","text","true","","301168","864","50","50","http://prism.test/procurement-office?year=2026","4428","0","0"
"1791034386899","4040","MEASURED - Procurement dashboard FY2026","200","OK","Authenticated users 1-47","text","true","","301168","864","50","50","http://prism.test/procurement-office?year=2026","4037","0","0"
"1791034387539","3569","MEASURED - Procurement dashboard FY2026","200","OK","Authenticated users 1-17","text","true","","301168","864","50","50","http://prism.test/procurement-office?year=2026","3565","0","0"
"1791034386669","4444","MEASURED - Procurement dashboard FY2026","200","OK","Authenticated users 1-16","text","true","","301168","864","50","50","http://prism.test/procurement-office?year=2026","4439","0","0"
"1791034388124","3177","MEASURED - Procurement dashboard FY2026","200","OK","Authenticated users 1-6","text","true","","301168","864","50","50","http://prism.test/procurement-office?year=2026","3174","0","0"
"1791034385739","5563","MEASURED - Procurement dashboard FY2026","200","OK","Authenticated users 1-40","text","true","","301168","864","50","50","http://prism.test/procurement-office?year=2026","5559","0","0"
"1791034390316","1116","MEASURED - Procurement dashboard FY2026","200","OK","Authenticated users 1-48","text","true","","301168","864","50","50","http://prism.test/procurement-office?year=2026","1109","0","0"
"1791034389304","2144","MEASURED - Procurement dashboard FY2026","200","OK","Authenticated users 1-33","text","true","","301168","864","50","50","http://prism.test/procurement-office?year=2026","2140","0","0"
"1791034387007","4497","MEASURED - Procurement dashboard FY2026","200","OK","Authenticated users 1-37","text","true","","301168","864","50","50","http://prism.test/procurement-office?year=2026","4493","0","0"
"1791034387655","3898","MEASURED - Procurement dashboard FY2026","200","OK","Authenticated users 1-12","text","true","","301168","864","50","50","http://prism.test/procurement-office?year=2026","3894","0","0"
"1791034388897","2656","MEASURED - Procurement dashboard FY2026","200","OK","Authenticated users 1-18","text","true","","301168","864","50","50","http://prism.test/procurement-office?year=2026","2653","0","0"
"1791034387760","3866","MEASURED - Procurement dashboard FY2026","200","OK","Authenticated users 1-38","text","true","","301168","864","50","50","http://prism.test/procurement-office?year=2026","3863","0","0"
"1791034387838","3966","MEASURED - Procurement dashboard FY2026","200","OK","Authenticated users 1-3","text","true","","301168","864","50","50","http://prism.test/procurement-office?year=2026","3958","0","0"
"1791034389302","2550","MEASURED - Procurement dashboard FY2026","200","OK","Authenticated users 1-34","text","true","","301168","864","50","50","http://prism.test/procurement-office?year=2026","2547","0","0"
"1791034388418","3519","MEASURED - Procurement dashboard FY2026","200","OK","Authenticated users 1-8","text","true","","301168","864","50","50","http://prism.test/procurement-office?year=2026","3517","0","0"
"1791034389414","2545","MEASURED - Procurement dashboard FY2026","200","OK","Authenticated users 1-41","text","true","","301168","864","50","50","http://prism.test/procurement-office?year=2026","2543","0","0"
"1791034386662","5349","MEASURED - Procurement dashboard FY2026","200","OK","Authenticated users 1-36","text","true","","301168","864","50","50","http://prism.test/procurement-office?year=2026","5347","0","0"
"1791034388275","3856","MEASURED - Procurement dashboard FY2026","200","OK","Authenticated users 1-11","text","true","","301168","864","50","50","http://prism.test/procurement-office?year=2026","3853","0","0"
"1791034388411","3851","MEASURED - Procurement dashboard FY2026","200","OK","Authenticated users 1-25","text","true","","301168","864","50","50","http://prism.test/procurement-office?year=2026","3847","0","0"
"1791034389000","3469","MEASURED - Procurement dashboard FY2026","200","OK","Authenticated users 1-13","text","true","","301168","864","50","50","http://prism.test/procurement-office?year=2026","3466","0","0"
"1791034387760","4737","MEASURED - Procurement dashboard FY2026","200","OK","Authenticated users 1-4","text","true","","301168","864","50","50","http://prism.test/procurement-office?year=2026","4733","0","0"
"1791034389936","2890","MEASURED - Procurement dashboard FY2026","200","OK","Authenticated users 1-1","text","true","","301168","864","50","50","http://prism.test/procurement-office?year=2026","2887","0","0"
"1791034390193","2646","MEASURED - Procurement dashboard FY2026","200","OK","Authenticated users 1-50","text","true","","301168","864","50","50","http://prism.test/procurement-office?year=2026","2642","0","0"
"1791034390485","2369","MEASURED - Procurement dashboard FY2026","200","OK","Authenticated users 1-32","text","true","","301168","864","50","50","http://prism.test/procurement-office?year=2026","2366","0","0"
"1791034387555","5309","MEASURED - Procurement dashboard FY2026","200","OK","Authenticated users 1-19","text","true","","301168","864","50","50","http://prism.test/procurement-office?year=2026","5307","0","0"
"1791034386503","6412","MEASURED - Procurement dashboard FY2026","200","OK","Authenticated users 1-24","text","true","","301168","864","50","50","http://prism.test/procurement-office?year=2026","6409","0","0"
"1791034388133","4910","MEASURED - Procurement dashboard FY2026","200","OK","Authenticated users 1-14","text","true","","301168","864","50","50","http://prism.test/procurement-office?year=2026","4907","0","0"
"1791034389441","3673","MEASURED - Procurement dashboard FY2026","200","OK","Authenticated users 1-27","text","true","","301168","864","50","50","http://prism.test/procurement-office?year=2026","3668","0","0"
"1791034389689","3483","MEASURED - Procurement dashboard FY2026","200","OK","Authenticated users 1-10","text","true","","301168","864","50","50","http://prism.test/procurement-office?year=2026","3479","0","0"
"1791034390911","2335","MEASURED - Procurement dashboard FY2026","200","OK","Authenticated users 1-5","text","true","","301168","864","50","50","http://prism.test/procurement-office?year=2026","2332","0","0"
"1791034389503","3745","MEASURED - Procurement dashboard FY2026","200","OK","Authenticated users 1-43","text","true","","301168","864","50","50","http://prism.test/procurement-office?year=2026","3740","0","0"
"1791034389460","3790","MEASURED - Procurement dashboard FY2026","200","OK","Authenticated users 1-42","text","true","","301168","864","50","50","http://prism.test/procurement-office?year=2026","3786","0","0"
"1791034391434","2306","MEASURED - Procurement dashboard FY2026","500","Internal Server Error","Authenticated users 1-48","text","false","Expected authenticated Procurement Office dashboard and HTTP 200.","13629","864","50","50","http://prism.test/procurement-office?year=2026","2300","0","0"
"1791034389806","4099","MEASURED - Procurement dashboard FY2026","200","OK","Authenticated users 1-20","text","true","","301168","864","50","50","http://prism.test/procurement-office?year=2026","4096","0","0"
"1791034390422","3485","MEASURED - Procurement dashboard FY2026","200","OK","Authenticated users 1-35","text","true","","301168","864","50","50","http://prism.test/procurement-office?year=2026","3482","0","0"
"1791034391961","1972","MEASURED - Procurement dashboard FY2026","200","OK","Authenticated users 1-41","text","true","","301168","864","50","50","http://prism.test/procurement-office?year=2026","1968","0","0"
"1791034390138","3809","MEASURED - Procurement dashboard FY2026","200","OK","Authenticated users 1-46","text","true","","301168","864","50","50","http://prism.test/procurement-office?year=2026","3803","0","0"
"1791034391304","2681","MEASURED - Procurement dashboard FY2026","200","OK","Authenticated users 1-40","text","true","","301168","864","50","50","http://prism.test/procurement-office?year=2026","2677","0","0"
"1791034390343","3653","MEASURED - Procurement dashboard FY2026","200","OK","Authenticated users 1-29","text","true","","301168","864","50","50","http://prism.test/procurement-office?year=2026","3650","0","0"
"1791034389515","4486","MEASURED - Procurement dashboard FY2026","200","OK","Authenticated users 1-15","text","true","","301168","864","50","50","http://prism.test/procurement-office?year=2026","4483","0","0"
"1791034390424","3703","MEASURED - Procurement dashboard FY2026","200","OK","Authenticated users 1-28","text","true","","301168","864","50","50","http://prism.test/procurement-office?year=2026","3700","0","0"
"1791034391506","2754","MEASURED - Procurement dashboard FY2026","200","OK","Authenticated users 1-37","text","true","","301168","864","50","50","http://prism.test/procurement-office?year=2026","2751","0","0"
"1791034390499","3771","MEASURED - Procurement dashboard FY2026","200","OK","Authenticated users 1-2","text","true","","301168","864","50","50","http://prism.test/procurement-office?year=2026","3768","0","0"
"1791034390556","3728","MEASURED - Procurement dashboard FY2026","200","OK","Authenticated users 1-31","text","true","","301168","864","50","50","http://prism.test/procurement-office?year=2026","3725","0","0"
"1791034388889","5438","MEASURED - Procurement dashboard FY2026","200","OK","Authenticated users 1-39","text","true","","301168","864","50","50","http://prism.test/procurement-office?year=2026","5434","0","0"
"1791034390423","3917","MEASURED - Procurement dashboard FY2026","200","OK","Authenticated users 1-26","text","true","","301168","864","50","50","http://prism.test/procurement-office?year=2026","3914","0","0"
"1791034391807","2534","MEASURED - Procurement dashboard FY2026","200","OK","Authenticated users 1-3","text","true","","301168","864","50","50","http://prism.test/procurement-office?year=2026","2531","0","0"
"1791034390942","3429","MEASURED - Procurement dashboard FY2026","200","OK","Authenticated users 1-47","text","true","","301168","864","50","50","http://prism.test/procurement-office?year=2026","3426","0","0"
"1791034390559","3826","MEASURED - Procurement dashboard FY2026","200","OK","Authenticated users 1-9","text","true","","301168","864","50","50","http://prism.test/procurement-office?year=2026","3823","0","0"
"1791034390911","3488","MEASURED - Procurement dashboard FY2026","200","OK","Authenticated users 1-23","text","true","","301168","864","50","50","http://prism.test/procurement-office?year=2026","3485","0","0"
"1791034391110","3303","MEASURED - Procurement dashboard FY2026","200","OK","Authenticated users 1-17","text","true","","301168","864","50","50","http://prism.test/procurement-office?year=2026","3299","0","0"
"1791034392133","2606","MEASURED - Procurement dashboard FY2026","200","OK","Authenticated users 1-11","text","true","","301168","864","50","50","http://prism.test/procurement-office?year=2026","2606","0","0"
"1791034391555","3268","MEASURED - Procurement dashboard FY2026","200","OK","Authenticated users 1-18","text","true","","301168","864","50","50","http://prism.test/procurement-office?year=2026","3262","0","0"
"1791034392264","2566","MEASURED - Procurement dashboard FY2026","200","OK","Authenticated users 1-25","text","true","","301168","864","50","50","http://prism.test/procurement-office?year=2026","2563","0","0"
"1791034390899","3944","MEASURED - Procurement dashboard FY2026","200","OK","Authenticated users 1-45","text","true","","301168","864","50","50","http://prism.test/procurement-office?year=2026","3941","0","0"
"1791034391115","3782","MEASURED - Procurement dashboard FY2026","200","OK","Authenticated users 1-16","text","true","","301168","864","50","50","http://prism.test/procurement-office?year=2026","3779","0","0"
"1791034392519","2462","MEASURED - Procurement dashboard FY2026","500","Internal Server Error","Authenticated users 1-4","text","false","Expected authenticated Procurement Office dashboard and HTTP 200.","13629","864","50","50","http://prism.test/procurement-office?year=2026","2454","0","0"
"1791034390375","4625","MEASURED - Procurement dashboard FY2026","200","OK","Authenticated users 1-7","text","true","","301168","864","50","50","http://prism.test/procurement-office?year=2026","4622","0","0"
"1791034393249","1790","MEASURED - Procurement dashboard FY2026","200","OK","Authenticated users 1-5","text","true","","301168","864","50","50","http://prism.test/procurement-office?year=2026","1787","0","0"
"1791034391854","3449","MEASURED - Procurement dashboard FY2026","200","OK","Authenticated users 1-34","text","true","","301168","864","50","50","http://prism.test/procurement-office?year=2026","3446","0","0"
"1791034392831","2479","MEASURED - Procurement dashboard FY2026","200","OK","Authenticated users 1-1","text","true","","301168","864","50","50","http://prism.test/procurement-office?year=2026","2476","0","0"
"1791034391451","4128","MEASURED - Procurement dashboard FY2026","200","OK","Authenticated users 1-33","text","true","","301168","864","50","50","http://prism.test/procurement-office?year=2026","4124","0","0"
"1791034392013","3622","MEASURED - Procurement dashboard FY2026","200","OK","Authenticated users 1-36","text","true","","301168","864","50","50","http://prism.test/procurement-office?year=2026","3618","0","0"
"1791034391628","4140","MEASURED - Procurement dashboard FY2026","200","OK","Authenticated users 1-38","text","true","","301168","864","50","50","http://prism.test/procurement-office?year=2026","4137","0","0"
"1791034391555","4438","MEASURED - Procurement dashboard FY2026","200","OK","Authenticated users 1-12","text","true","","301168","864","50","50","http://prism.test/procurement-office?year=2026","4435","0","0"
"1791034392841","3329","MEASURED - Procurement dashboard FY2026","200","OK","Authenticated users 1-50","text","true","","301168","864","50","50","http://prism.test/procurement-office?year=2026","3325","0","0"
"1791034392857","3344","MEASURED - Procurement dashboard FY2026","200","OK","Authenticated users 1-32","text","true","","301168","864","50","50","http://prism.test/procurement-office?year=2026","3341","0","0"
"1791034394129","2477","MEASURED - Procurement dashboard FY2026","200","OK","Authenticated users 1-28","text","true","","301168","864","50","50","http://prism.test/procurement-office?year=2026","2474","0","0"
"1791034391940","4687","MEASURED - Procurement dashboard FY2026","200","OK","Authenticated users 1-8","text","true","","301168","864","50","50","http://prism.test/procurement-office?year=2026","4684","0","0"
"1791034394344","2294","MEASURED - Procurement dashboard FY2026","200","OK","Authenticated users 1-3","text","true","","301168","864","50","50","http://prism.test/procurement-office?year=2026","2291","0","0"
"1791034393935","2733","MEASURED - Procurement dashboard FY2026","200","OK","Authenticated users 1-41","text","true","","301168","864","50","50","http://prism.test/procurement-office?year=2026","2731","0","0"
"1791034393250","3426","MEASURED - Procurement dashboard FY2026","200","OK","Authenticated users 1-43","text","true","","301168","864","50","50","http://prism.test/procurement-office?year=2026","3423","0","0"
"1791034385906","10830","MEASURED - Procurement dashboard FY2026","200","OK","Authenticated users 1-22","text","true","","301169","864","50","50","http://prism.test/procurement-office?year=2026","10826","0","2"
"1791034394273","2470","MEASURED - Procurement dashboard FY2026","200","OK","Authenticated users 1-2","text","true","","301168","864","50","50","http://prism.test/procurement-office?year=2026","2467","0","0"
"1791034393174","3567","MEASURED - Procurement dashboard FY2026","200","OK","Authenticated users 1-10","text","true","","301168","864","50","50","http://prism.test/procurement-office?year=2026","3564","0","0"
"1791034394263","2485","MEASURED - Procurement dashboard FY2026","200","OK","Authenticated users 1-37","text","true","","301168","864","50","50","http://prism.test/procurement-office?year=2026","2481","0","0"
"1791034394344","2410","MEASURED - Procurement dashboard FY2026","200","OK","Authenticated users 1-26","text","true","","301168","864","50","50","http://prism.test/procurement-office?year=2026","2407","0","0"
"1791034393046","3720","MEASURED - Procurement dashboard FY2026","200","OK","Authenticated users 1-14","text","true","","301168","864","50","50","http://prism.test/procurement-office?year=2026","3716","0","0"
"1791034392917","3917","MEASURED - Procurement dashboard FY2026","200","OK","Authenticated users 1-24","text","true","","301168","864","50","50","http://prism.test/procurement-office?year=2026","3914","0","0"
"1791034392867","3984","MEASURED - Procurement dashboard FY2026","200","OK","Authenticated users 1-19","text","true","","301168","864","50","50","http://prism.test/procurement-office?year=2026","3981","0","0"
"1791034393116","3778","MEASURED - Procurement dashboard FY2026","200","OK","Authenticated users 1-27","text","true","","301168","864","50","50","http://prism.test/procurement-office?year=2026","3774","0","0"
"1791034393950","2998","MEASURED - Procurement dashboard FY2026","200","OK","Authenticated users 1-46","text","true","","301168","864","50","50","http://prism.test/procurement-office?year=2026","2994","0","0"
"1791034393998","2950","MEASURED - Procurement dashboard FY2026","200","OK","Authenticated users 1-29","text","true","","301168","864","50","50","http://prism.test/procurement-office?year=2026","2947","0","0"
"1791034388474","8734","MEASURED - Procurement dashboard FY2026","200","OK","Authenticated users 1-49","text","true","","301169","864","50","50","http://prism.test/procurement-office?year=2026","8723","0","1"
"1791034393252","3995","MEASURED - Procurement dashboard FY2026","200","OK","Authenticated users 1-42","text","true","","301168","864","50","50","http://prism.test/procurement-office?year=2026","3992","0","0"
"1791034394374","2914","MEASURED - Procurement dashboard FY2026","200","OK","Authenticated users 1-47","text","true","","301168","864","50","50","http://prism.test/procurement-office?year=2026","2911","0","0"
"1791034394330","3006","MEASURED - Procurement dashboard FY2026","200","OK","Authenticated users 1-39","text","true","","301168","864","50","50","http://prism.test/procurement-office?year=2026","3003","0","0"
"1791034394389","2969","MEASURED - Procurement dashboard FY2026","200","OK","Authenticated users 1-9","text","true","","301168","864","50","50","http://prism.test/procurement-office?year=2026","2966","0","0"
"1791034393909","3574","MEASURED - Procurement dashboard FY2026","200","OK","Authenticated users 1-35","text","true","","301168","864","50","50","http://prism.test/procurement-office?year=2026","3569","0","0"
"1791034391304","6206","MEASURED - Procurement dashboard FY2026","200","OK","Authenticated users 1-6","text","true","","301168","864","50","50","http://prism.test/procurement-office?year=2026","6203","0","0"
"1791034394416","3100","MEASURED - Procurement dashboard FY2026","200","OK","Authenticated users 1-17","text","true","","301168","864","50","50","http://prism.test/procurement-office?year=2026","3097","0","0"
"1791034393741","3775","MEASURED - Procurement dashboard FY2026","200","OK","Authenticated users 1-48","text","true","","301169","864","50","50","http://prism.test/procurement-office?year=2026","3771","0","2"
"1791034394003","3610","MEASURED - Procurement dashboard FY2026","200","OK","Authenticated users 1-15","text","true","","301168","864","50","50","http://prism.test/procurement-office?year=2026","3607","0","0"
"1791034394287","3328","MEASURED - Procurement dashboard FY2026","200","OK","Authenticated users 1-31","text","true","","301168","864","50","50","http://prism.test/procurement-office?year=2026","3324","0","0"
"1791034378279","19488","MEASURED - Procurement dashboard FY2026","500","Internal Server Error","Authenticated users 1-21","text","false","Expected authenticated Procurement Office dashboard and HTTP 200.","879452","864","50","50","http://prism.test/procurement-office?year=2026","19483","0","0"
"1791034393908","4117","MEASURED - Procurement dashboard FY2026","200","OK","Authenticated users 1-20","text","true","","301168","864","50","50","http://prism.test/procurement-office?year=2026","4113","0","0"
"1791034392471","5691","MEASURED - Procurement dashboard FY2026","200","OK","Authenticated users 1-13","text","true","","301168","864","50","50","http://prism.test/procurement-office?year=2026","5688","0","0"
"1791034393987","4306","MEASURED - Procurement dashboard FY2026","200","OK","Authenticated users 1-40","text","true","","301168","864","50","50","http://prism.test/procurement-office?year=2026","4302","0","0"
"1791034395306","3353","MEASURED - Procurement dashboard FY2026","500","Internal Server Error","Authenticated users 1-34","text","false","Expected authenticated Procurement Office dashboard and HTTP 200.","13629","864","50","50","http://prism.test/procurement-office?year=2026","3347","0","0"
"1791034394847","3848","MEASURED - Procurement dashboard FY2026","200","OK","Authenticated users 1-45","text","true","","301168","864","50","50","http://prism.test/procurement-office?year=2026","3845","0","0"
"1791034394834","3862","MEASURED - Procurement dashboard FY2026","200","OK","Authenticated users 1-25","text","true","","301168","864","50","50","http://prism.test/procurement-office?year=2026","3858","0","0"
"1791034394900","3797","MEASURED - Procurement dashboard FY2026","200","OK","Authenticated users 1-16","text","true","","301168","864","50","50","http://prism.test/procurement-office?year=2026","3797","0","0"
"1791034395639","3057","MEASURED - Procurement dashboard FY2026","200","OK","Authenticated users 1-36","text","true","","301168","864","50","50","http://prism.test/procurement-office?year=2026","3048","0","0"
"1791034394403","4388","MEASURED - Procurement dashboard FY2026","200","OK","Authenticated users 1-23","text","true","","301168","864","50","50","http://prism.test/procurement-office?year=2026","4386","0","0"
"1791034385728","13112","MEASURED - Procurement dashboard FY2026","200","OK","Authenticated users 1-44","text","true","","301169","864","50","50","http://prism.test/procurement-office?year=2026","13111","0","3"
"1791034386713","12126","MEASURED - Procurement dashboard FY2026","200","OK","Authenticated users 1-30","text","true","","301169","864","50","50","http://prism.test/procurement-office?year=2026","12122","0","2"
"1791034396630","2211","MEASURED - Procurement dashboard FY2026","200","OK","Authenticated users 1-8","text","true","","301168","864","50","50","http://prism.test/procurement-office?year=2026","2210","0","0"
"1791034395582","3344","MEASURED - Procurement dashboard FY2026","200","OK","Authenticated users 1-33","text","true","","301168","864","50","50","http://prism.test/procurement-office?year=2026","3340","0","0"
"1791034395314","4068","MEASURED - Procurement dashboard FY2026","200","OK","Authenticated users 1-1","text","true","","301168","864","50","50","http://prism.test/procurement-office?year=2026","4064","0","0"
"1791034395003","4393","MEASURED - Procurement dashboard FY2026","200","OK","Authenticated users 1-7","text","true","","301168","864","50","50","http://prism.test/procurement-office?year=2026","4390","0","0"
"1791034394742","4853","MEASURED - Procurement dashboard FY2026","200","OK","Authenticated users 1-11","text","true","","301168","864","50","50","http://prism.test/procurement-office?year=2026","4849","0","0"
"1791034396204","3560","MEASURED - Procurement dashboard FY2026","200","OK","Authenticated users 1-32","text","true","","301168","864","50","50","http://prism.test/procurement-office?year=2026","3556","0","0"
"1791034396739","3094","MEASURED - Procurement dashboard FY2026","200","OK","Authenticated users 1-22","text","true","","301168","864","50","50","http://prism.test/procurement-office?year=2026","3090","0","0"
"1791034396854","3133","MEASURED - Procurement dashboard FY2026","200","OK","Authenticated users 1-19","text","true","","301168","864","50","50","http://prism.test/procurement-office?year=2026","3130","0","0"
"1791034394826","5187","MEASURED - Procurement dashboard FY2026","200","OK","Authenticated users 1-18","text","true","","301168","864","50","50","http://prism.test/procurement-office?year=2026","5184","0","0"
"1791034395043","5019","MEASURED - Procurement dashboard FY2026","200","OK","Authenticated users 1-5","text","true","","301168","864","50","50","http://prism.test/procurement-office?year=2026","5016","0","0"
"1791034397250","2821","MEASURED - Procurement dashboard FY2026","200","OK","Authenticated users 1-42","text","true","","301168","864","50","50","http://prism.test/procurement-office?year=2026","2817","0","0"
"1791034395996","4136","MEASURED - Procurement dashboard FY2026","200","OK","Authenticated users 1-12","text","true","","301168","864","50","50","http://prism.test/procurement-office?year=2026","4133","0","0"
"1791034396769","3536","MEASURED - Procurement dashboard FY2026","200","OK","Authenticated users 1-14","text","true","","301168","864","50","50","http://prism.test/procurement-office?year=2026","3532","0","0"
"1791034397361","2982","MEASURED - Procurement dashboard FY2026","200","OK","Authenticated users 1-9","text","true","","301168","864","50","50","http://prism.test/procurement-office?year=2026","2978","0","0"
"1791034396838","3527","MEASURED - Procurement dashboard FY2026","200","OK","Authenticated users 1-24","text","true","","301168","864","50","50","http://prism.test/procurement-office?year=2026","3518","0","0"
"1791034398699","1745","MEASURED - Procurement dashboard FY2026","200","OK","Authenticated users 1-16","text","true","","301168","864","50","50","http://prism.test/procurement-office?year=2026","1741","0","0"
"1791034396751","3736","MEASURED - Procurement dashboard FY2026","200","OK","Authenticated users 1-37","text","true","","301168","864","50","50","http://prism.test/procurement-office?year=2026","3733","0","0"
"1791034395772","4730","MEASURED - Procurement dashboard FY2026","200","OK","Authenticated users 1-38","text","true","","301168","864","50","50","http://prism.test/procurement-office?year=2026","4727","0","0"
"1791034397519","3019","MEASURED - Procurement dashboard FY2026","200","OK","Authenticated users 1-17","text","true","","301168","864","50","50","http://prism.test/procurement-office?year=2026","3016","0","0"
"1791034396756","4011","MEASURED - Procurement dashboard FY2026","200","OK","Authenticated users 1-26","text","true","","301168","864","50","50","http://prism.test/procurement-office?year=2026","4007","0","0"
"1791034397486","3285","MEASURED - Procurement dashboard FY2026","200","OK","Authenticated users 1-35","text","true","","301168","864","50","50","http://prism.test/procurement-office?year=2026","3281","0","0"
"1791034396897","3922","MEASURED - Procurement dashboard FY2026","200","OK","Authenticated users 1-27","text","true","","301168","864","50","50","http://prism.test/procurement-office?year=2026","3918","0","0"
"1791034396609","4221","MEASURED - Procurement dashboard FY2026","200","OK","Authenticated users 1-28","text","true","","301168","864","50","50","http://prism.test/procurement-office?year=2026","4218","0","0"
"1791034397290","3554","MEASURED - Procurement dashboard FY2026","200","OK","Authenticated users 1-47","text","true","","301168","864","50","50","http://prism.test/procurement-office?year=2026","3550","0","0"
"1791034396952","3922","MEASURED - Procurement dashboard FY2026","200","OK","Authenticated users 1-29","text","true","","301168","864","50","50","http://prism.test/procurement-office?year=2026","3919","0","0"
"1791034398297","2606","MEASURED - Procurement dashboard FY2026","200","OK","Authenticated users 1-40","text","true","","301168","864","50","50","http://prism.test/procurement-office?year=2026","2602","0","0"
"1791034396671","4347","MEASURED - Procurement dashboard FY2026","200","OK","Authenticated users 1-41","text","true","","301168","864","50","50","http://prism.test/procurement-office?year=2026","4344","0","0"
"1791034397514","3677","MEASURED - Procurement dashboard FY2026","200","OK","Authenticated users 1-6","text","true","","301168","864","50","50","http://prism.test/procurement-office?year=2026","3673","0","0"
"1791034398661","2549","MEASURED - Procurement dashboard FY2026","200","OK","Authenticated users 1-34","text","true","","301169","864","50","50","http://prism.test/procurement-office?year=2026","2545","0","1"
"1791034397519","3712","MEASURED - Procurement dashboard FY2026","200","OK","Authenticated users 1-48","text","true","","301168","864","50","50","http://prism.test/procurement-office?year=2026","3708","0","0"
"1791034396952","4278","MEASURED - Procurement dashboard FY2026","200","OK","Authenticated users 1-46","text","true","","301168","864","50","50","http://prism.test/procurement-office?year=2026","4274","0","0"
"1791034396745","4629","MEASURED - Procurement dashboard FY2026","200","OK","Authenticated users 1-10","text","true","","301168","864","50","50","http://prism.test/procurement-office?year=2026","4624","0","0"
"1791034396641","4792","MEASURED - Procurement dashboard FY2026","200","OK","Authenticated users 1-3","text","true","","301168","864","50","50","http://prism.test/procurement-office?year=2026","4788","0","0"
"1791034397617","4018","MEASURED - Procurement dashboard FY2026","200","OK","Authenticated users 1-31","text","true","","301168","864","50","50","http://prism.test/procurement-office?year=2026","4016","0","0"
"1791034397617","4020","MEASURED - Procurement dashboard FY2026","200","OK","Authenticated users 1-15","text","true","","301168","864","50","50","http://prism.test/procurement-office?year=2026","4010","0","0"
"1791034397769","3903","MEASURED - Procurement dashboard FY2026","200","OK","Authenticated users 1-21","text","true","","301169","864","50","50","http://prism.test/procurement-office?year=2026","3900","0","2"
"1791034398843","2901","MEASURED - Procurement dashboard FY2026","200","OK","Authenticated users 1-30","text","true","","301168","864","50","50","http://prism.test/procurement-office?year=2026","2897","0","0"
"1791034396679","5128","MEASURED - Procurement dashboard FY2026","200","OK","Authenticated users 1-43","text","true","","301168","864","50","50","http://prism.test/procurement-office?year=2026","5125","0","0"
"1791034396745","5074","MEASURED - Procurement dashboard FY2026","200","OK","Authenticated users 1-2","text","true","","301168","864","50","50","http://prism.test/procurement-office?year=2026","5071","0","0"
"1791034398699","3161","MEASURED - Procurement dashboard FY2026","200","OK","Authenticated users 1-25","text","true","","301168","864","50","50","http://prism.test/procurement-office?year=2026","3157","0","0"
"1791034399385","2486","MEASURED - Procurement dashboard FY2026","200","OK","Authenticated users 1-1","text","true","","301168","864","50","50","http://prism.test/procurement-office?year=2026","2482","0","0"
"1791034399597","2295","MEASURED - Procurement dashboard FY2026","200","OK","Authenticated users 1-11","text","true","","301168","864","50","50","http://prism.test/procurement-office?year=2026","2295","0","0"
"1791034398701","3223","MEASURED - Procurement dashboard FY2026","200","OK","Authenticated users 1-36","text","true","","301168","864","50","50","http://prism.test/procurement-office?year=2026","3221","0","0"
"1791034400769","1262","MEASURED - Procurement dashboard FY2026","200","OK","Authenticated users 1-26","text","true","","301168","864","50","50","http://prism.test/procurement-office?year=2026","1260","0","0"
"1791034400345","2028","MEASURED - Procurement dashboard FY2026","200","OK","Authenticated users 1-9","text","true","","301168","864","50","50","http://prism.test/procurement-office?year=2026","2025","0","0"
"1791034397339","5053","MEASURED - Procurement dashboard FY2026","200","OK","Authenticated users 1-39","text","true","","301168","864","50","50","http://prism.test/procurement-office?year=2026","5048","0","0"
"1791034397212","5184","MEASURED - Procurement dashboard FY2026","200","OK","Authenticated users 1-49","text","true","","301168","864","50","50","http://prism.test/procurement-office?year=2026","5180","0","0"
"1791034398843","3562","MEASURED - Procurement dashboard FY2026","200","OK","Authenticated users 1-8","text","true","","301168","864","50","50","http://prism.test/procurement-office?year=2026","3559","0","0"
"1791034399397","3101","MEASURED - Procurement dashboard FY2026","200","OK","Authenticated users 1-7","text","true","","301168","864","50","50","http://prism.test/procurement-office?year=2026","3099","0","0"
"1791034396174","6382","MEASURED - Procurement dashboard FY2026","200","OK","Authenticated users 1-50","text","true","","301168","864","50","50","http://prism.test/procurement-office?year=2026","6378","0","0"
"1791034398844","3869","MEASURED - Procurement dashboard FY2026","200","OK","Authenticated users 1-44","text","true","","301168","864","50","50","http://prism.test/procurement-office?year=2026","3865","0","0"
"1791034399989","2826","MEASURED - Procurement dashboard FY2026","200","OK","Authenticated users 1-19","text","true","","301168","864","50","50","http://prism.test/procurement-office?year=2026","2825","0","0"
"1791034400367","2480","MEASURED - Procurement dashboard FY2026","200","OK","Authenticated users 1-24","text","true","","301168","864","50","50","http://prism.test/procurement-office?year=2026","2473","0","0"
"1791034400074","2804","MEASURED - Procurement dashboard FY2026","200","OK","Authenticated users 1-42","text","true","","301168","864","50","50","http://prism.test/procurement-office?year=2026","2800","0","0"
"1791034399766","3204","MEASURED - Procurement dashboard FY2026","200","OK","Authenticated users 1-32","text","true","","301168","864","50","50","http://prism.test/procurement-office?year=2026","3201","0","0"
"1791034398698","4329","MEASURED - Procurement dashboard FY2026","500","Internal Server Error","Authenticated users 1-45","text","false","Expected authenticated Procurement Office dashboard and HTTP 200.","13629","864","50","50","http://prism.test/procurement-office?year=2026","4324","0","0"
"1791034394983","8512","MEASURED - Procurement dashboard FY2026","200","OK","Authenticated users 1-4","text","true","","301169","864","50","50","http://prism.test/procurement-office?year=2026","8509","0","2"
"1791034400064","3432","MEASURED - Procurement dashboard FY2026","200","OK","Authenticated users 1-5","text","true","","301168","864","50","50","http://prism.test/procurement-office?year=2026","3429","0","0"
"1791034398028","5562","MEASURED - Procurement dashboard FY2026","200","OK","Authenticated users 1-20","text","true","","301168","864","50","50","http://prism.test/procurement-office?year=2026","5558","0","0"
"1791034400016","3815","MEASURED - Procurement dashboard FY2026","500","Internal Server Error","Authenticated users 1-18","text","false","Expected authenticated Procurement Office dashboard and HTTP 200.","13629","864","50","50","http://prism.test/procurement-office?year=2026","3808","0","0"
"1791034398167","5809","MEASURED - Procurement dashboard FY2026","200","OK","Authenticated users 1-13","text","true","","301168","864","50","50","http://prism.test/procurement-office?year=2026","5803","0","0"
"1791034400774","3206","MEASURED - Procurement dashboard FY2026","200","OK","Authenticated users 1-35","text","true","","301168","864","50","50","http://prism.test/procurement-office?year=2026","3205","0","0"
"1791034400307","3673","MEASURED - Procurement dashboard FY2026","200","OK","Authenticated users 1-14","text","true","","301168","864","50","50","http://prism.test/procurement-office?year=2026","3665","0","0"
"1791034400134","3845","MEASURED - Procurement dashboard FY2026","200","OK","Authenticated users 1-12","text","true","","301168","864","50","50","http://prism.test/procurement-office?year=2026","3844","0","0"
"1791034401640","2391","MEASURED - Procurement dashboard FY2026","200","OK","Authenticated users 1-15","text","true","","301168","864","50","50","http://prism.test/procurement-office?year=2026","2387","0","0"
"1791034400504","3571","MEASURED - Procurement dashboard FY2026","200","OK","Authenticated users 1-38","text","true","","301168","864","50","50","http://prism.test/procurement-office?year=2026","3567","0","0"
"1791034400822","3287","MEASURED - Procurement dashboard FY2026","200","OK","Authenticated users 1-27","text","true","","301168","864","50","50","http://prism.test/procurement-office?year=2026","3283","0","0"
"1791034401377","2852","MEASURED - Procurement dashboard FY2026","200","OK","Authenticated users 1-10","text","true","","301168","864","50","50","http://prism.test/procurement-office?year=2026","2849","0","0"
"1791034400833","3419","MEASURED - Procurement dashboard FY2026","200","OK","Authenticated users 1-28","text","true","","301168","864","50","50","http://prism.test/procurement-office?year=2026","3416","0","0"
"1791034400876","3385","MEASURED - Procurement dashboard FY2026","200","OK","Authenticated users 1-29","text","true","","301168","864","50","50","http://prism.test/procurement-office?year=2026","3381","0","0"
"1791034398929","5555","MEASURED - Procurement dashboard FY2026","200","OK","Authenticated users 1-33","text","true","","301168","864","50","50","http://prism.test/procurement-office?year=2026","5552","0","0"
"1791034400905","3642","MEASURED - Procurement dashboard FY2026","200","OK","Authenticated users 1-40","text","true","","301168","864","50","50","http://prism.test/procurement-office?year=2026","3639","0","0"
"1791034398794","5810","MEASURED - Procurement dashboard FY2026","200","OK","Authenticated users 1-23","text","true","","301168","864","50","50","http://prism.test/procurement-office?year=2026","5808","0","0"
"1791034399835","4941","MEASURED - Procurement dashboard FY2026","200","OK","Authenticated users 1-22","text","true","","301168","864","50","50","http://prism.test/procurement-office?year=2026","4938","0","0"
"1791034401863","3061","MEASURED - Procurement dashboard FY2026","200","OK","Authenticated users 1-25","text","true","","301168","864","50","50","http://prism.test/procurement-office?year=2026","3058","0","0"
"1791034402375","2583","MEASURED - Procurement dashboard FY2026","200","OK","Authenticated users 1-9","text","true","","301168","864","50","50","http://prism.test/procurement-office?year=2026","2580","0","0"
"1791034400446","4560","MEASURED - Procurement dashboard FY2026","200","OK","Authenticated users 1-16","text","true","","301168","864","50","50","http://prism.test/procurement-office?year=2026","4556","0","0"
"1791034400540","4589","MEASURED - Procurement dashboard FY2026","200","OK","Authenticated users 1-17","text","true","","301168","864","50","50","http://prism.test/procurement-office?year=2026","4586","0","0"
"1791034401233","3925","MEASURED - Procurement dashboard FY2026","200","OK","Authenticated users 1-48","text","true","","301168","864","50","50","http://prism.test/procurement-office?year=2026","3922","0","0"
"1791034400846","4348","MEASURED - Procurement dashboard FY2026","200","OK","Authenticated users 1-47","text","true","","301168","864","50","50","http://prism.test/procurement-office?year=2026","4345","0","0"
"1791034402398","2822","MEASURED - Procurement dashboard FY2026","200","OK","Authenticated users 1-49","text","true","","301168","864","50","50","http://prism.test/procurement-office?year=2026","2819","0","0"
"1791034404033","1222","MEASURED - Procurement dashboard FY2026","200","OK","Authenticated users 1-15","text","true","","301168","864","50","50","http://prism.test/procurement-office?year=2026","1219","0","0"
"1791034402395","2907","MEASURED - Procurement dashboard FY2026","200","OK","Authenticated users 1-39","text","true","","301168","864","50","50","http://prism.test/procurement-office?year=2026","2904","0","0"
"1791034401810","3559","MEASURED - Procurement dashboard FY2026","200","OK","Authenticated users 1-43","text","true","","301168","864","50","50","http://prism.test/procurement-office?year=2026","3556","0","0"
"1791034403592","1826","MEASURED - Procurement dashboard FY2026","200","OK","Authenticated users 1-20","text","true","","301168","864","50","50","http://prism.test/procurement-office?year=2026","1822","0","0"
"1791034401233","4231","MEASURED - Procurement dashboard FY2026","200","OK","Authenticated users 1-46","text","true","","301168","864","50","50","http://prism.test/procurement-office?year=2026","4227","0","0"
"1791034401889","3582","MEASURED - Procurement dashboard FY2026","200","OK","Authenticated users 1-1","text","true","","301168","864","50","50","http://prism.test/procurement-office?year=2026","3579","0","0"
"1791034400489","5012","MEASURED - Procurement dashboard FY2026","200","OK","Authenticated users 1-37","text","true","","301168","864","50","50","http://prism.test/procurement-office?year=2026","5009","0","0"
"1791034401675","4089","MEASURED - Procurement dashboard FY2026","200","OK","Authenticated users 1-21","text","true","","301168","864","50","50","http://prism.test/procurement-office?year=2026","4085","0","0"
"1791034402408","3590","MEASURED - Procurement dashboard FY2026","200","OK","Authenticated users 1-8","text","true","","301168","864","50","50","http://prism.test/procurement-office?year=2026","3586","0","0"
"1791034401212","4789","MEASURED - Procurement dashboard FY2026","200","OK","Authenticated users 1-34","text","true","","301168","864","50","50","http://prism.test/procurement-office?year=2026","4784","0","0"
"1791034401435","4584","MEASURED - Procurement dashboard FY2026","200","OK","Authenticated users 1-3","text","true","","301168","864","50","50","http://prism.test/procurement-office?year=2026","4582","0","0"
"1791034401020","4999","MEASURED - Procurement dashboard FY2026","200","OK","Authenticated users 1-41","text","true","","301168","864","50","50","http://prism.test/procurement-office?year=2026","4996","0","0"
"1791034402501","3661","MEASURED - Procurement dashboard FY2026","200","OK","Authenticated users 1-7","text","true","","301168","864","50","50","http://prism.test/procurement-office?year=2026","3658","0","0"
"1791034403982","2414","MEASURED - Procurement dashboard FY2026","200","OK","Authenticated users 1-35","text","true","","301168","864","50","50","http://prism.test/procurement-office?year=2026","2411","0","0"
"1791034402036","4385","MEASURED - Procurement dashboard FY2026","200","OK","Authenticated users 1-26","text","true","","301168","864","50","50","http://prism.test/procurement-office?year=2026","4382","0","0"
"1791034401896","4597","MEASURED - Procurement dashboard FY2026","200","OK","Authenticated users 1-11","text","true","","301168","864","50","50","http://prism.test/procurement-office?year=2026","4594","0","0"
"1791034401821","4711","MEASURED - Procurement dashboard FY2026","200","OK","Authenticated users 1-2","text","true","","301168","864","50","50","http://prism.test/procurement-office?year=2026","4707","0","0"
"1791034402881","3678","MEASURED - Procurement dashboard FY2026","200","OK","Authenticated users 1-42","text","true","","301168","864","50","50","http://prism.test/procurement-office?year=2026","3675","0","0"
"1791034401746","4862","MEASURED - Procurement dashboard FY2026","200","OK","Authenticated users 1-30","text","true","","301168","864","50","50","http://prism.test/procurement-office?year=2026","4854","0","0"
"1791034403979","2821","MEASURED - Procurement dashboard FY2026","200","OK","Authenticated users 1-13","text","true","","301168","864","50","50","http://prism.test/procurement-office?year=2026","2818","0","0"
"1791034402849","3971","MEASURED - Procurement dashboard FY2026","200","OK","Authenticated users 1-24","text","true","","301168","864","50","50","http://prism.test/procurement-office?year=2026","3968","0","0"
"1791034404778","2081","MEASURED - Procurement dashboard FY2026","200","OK","Authenticated users 1-22","text","true","","301168","864","50","50","http://prism.test/procurement-office?year=2026","2078","0","0"
"1791034402817","4046","MEASURED - Procurement dashboard FY2026","200","OK","Authenticated users 1-19","text","true","","301168","864","50","50","http://prism.test/procurement-office?year=2026","4042","0","0"
"1791034404077","2914","MEASURED - Procurement dashboard FY2026","200","OK","Authenticated users 1-38","text","true","","301168","864","50","50","http://prism.test/procurement-office?year=2026","2904","0","0"
"1791034403498","3620","MEASURED - Procurement dashboard FY2026","200","OK","Authenticated users 1-5","text","true","","301168","864","50","50","http://prism.test/procurement-office?year=2026","3617","0","0"
"1791034402558","4680","MEASURED - Procurement dashboard FY2026","200","OK","Authenticated users 1-50","text","true","","301168","864","50","50","http://prism.test/procurement-office?year=2026","4677","0","0"
"1791034404111","3185","MEASURED - Procurement dashboard FY2026","200","OK","Authenticated users 1-27","text","true","","301168","864","50","50","http://prism.test/procurement-office?year=2026","3182","0","0"
"1791034405256","2062","MEASURED - Procurement dashboard FY2026","200","OK","Authenticated users 1-15","text","true","","301168","864","50","50","http://prism.test/procurement-office?year=2026","2058","0","0"
"1791034402973","4440","MEASURED - Procurement dashboard FY2026","200","OK","Authenticated users 1-32","text","true","","301168","864","50","50","http://prism.test/procurement-office?year=2026","4437","0","0"
"1791034403983","3434","MEASURED - Procurement dashboard FY2026","200","OK","Authenticated users 1-12","text","true","","301168","864","50","50","http://prism.test/procurement-office?year=2026","3431","0","0"
"1791034403983","3495","MEASURED - Procurement dashboard FY2026","200","OK","Authenticated users 1-14","text","true","","301168","864","50","50","http://prism.test/procurement-office?year=2026","3491","0","0"
"1791034401640","5852","MEASURED - Procurement dashboard FY2026","200","OK","Authenticated users 1-31","text","true","","301168","864","50","50","http://prism.test/procurement-office?year=2026","5849","0","0"
"1791034401927","5579","MEASURED - Procurement dashboard FY2026","200","OK","Authenticated users 1-36","text","true","","301168","864","50","50","http://prism.test/procurement-office?year=2026","5575","0","0"
"1791034401193","6359","MEASURED - Procurement dashboard FY2026","200","OK","Authenticated users 1-6","text","true","","301168","864","50","50","http://prism.test/procurement-office?year=2026","6356","0","0"
"1791034403498","4136","MEASURED - Procurement dashboard FY2026","200","OK","Authenticated users 1-4","text","true","","301168","864","50","50","http://prism.test/procurement-office?year=2026","4132","0","0"
"1791034404606","3059","MEASURED - Procurement dashboard FY2026","200","OK","Authenticated users 1-23","text","true","","301168","864","50","50","http://prism.test/procurement-office?year=2026","3052","0","0"
"1791034404960","2726","MEASURED - Procurement dashboard FY2026","200","OK","Authenticated users 1-9","text","true","","301168","864","50","50","http://prism.test/procurement-office?year=2026","2724","0","0"
"1791034404230","3551","MEASURED - Procurement dashboard FY2026","200","OK","Authenticated users 1-10","text","true","","301168","864","50","50","http://prism.test/procurement-office?year=2026","3548","0","0"
"1791034404486","3357","MEASURED - Procurement dashboard FY2026","200","OK","Authenticated users 1-33","text","true","","301168","864","50","50","http://prism.test/procurement-office?year=2026","3354","0","0"
"1791034405130","2736","MEASURED - Procurement dashboard FY2026","200","OK","Authenticated users 1-17","text","true","","301168","864","50","50","http://prism.test/procurement-office?year=2026","2733","0","0"
"1791034405007","3155","MEASURED - Procurement dashboard FY2026","200","OK","Authenticated users 1-16","text","true","","301168","864","50","50","http://prism.test/procurement-office?year=2026","3152","0","0"
"1791034402715","5689","MEASURED - Procurement dashboard FY2026","200","OK","Authenticated users 1-44","text","true","","301168","864","50","50","http://prism.test/procurement-office?year=2026","5685","0","0"
"1791034405195","3247","MEASURED - Procurement dashboard FY2026","200","OK","Authenticated users 1-47","text","true","","301168","864","50","50","http://prism.test/procurement-office?year=2026","3244","0","0"
"1791034406533","1949","MEASURED - Procurement dashboard FY2026","200","OK","Authenticated users 1-2","text","true","","301168","864","50","50","http://prism.test/procurement-office?year=2026","1946","0","0"
"1791034405473","3033","MEASURED - Procurement dashboard FY2026","200","OK","Authenticated users 1-1","text","true","","301168","864","50","50","http://prism.test/procurement-office?year=2026","3030","0","0"
"1791034404549","4046","MEASURED - Procurement dashboard FY2026","200","OK","Authenticated users 1-40","text","true","","301168","864","50","50","http://prism.test/procurement-office?year=2026","4043","0","0"
"1791034405222","3520","MEASURED - Procurement dashboard FY2026","200","OK","Authenticated users 1-49","text","true","","301168","864","50","50","http://prism.test/procurement-office?year=2026","3516","0","0"
"1791034405503","3257","MEASURED - Procurement dashboard FY2026","200","OK","Authenticated users 1-37","text","true","","301168","864","50","50","http://prism.test/procurement-office?year=2026","3254","0","0"
"1791034406162","2963","MEASURED - Procurement dashboard FY2026","200","OK","Authenticated users 1-7","text","true","","301168","864","50","50","http://prism.test/procurement-office?year=2026","2960","0","0"
"1791034406423","2716","MEASURED - Procurement dashboard FY2026","200","OK","Authenticated users 1-26","text","true","","301168","864","50","50","http://prism.test/procurement-office?year=2026","2713","0","0"
"1791034407119","2074","MEASURED - Procurement dashboard FY2026","200","OK","Authenticated users 1-5","text","true","","301168","864","50","50","http://prism.test/procurement-office?year=2026","2070","0","0"
"1791034406397","2823","MEASURED - Procurement dashboard FY2026","200","OK","Authenticated users 1-35","text","true","","301168","864","50","50","http://prism.test/procurement-office?year=2026","2820","0","0"
"1791034406802","2449","MEASURED - Procurement dashboard FY2026","200","OK","Authenticated users 1-13","text","true","","301168","864","50","50","http://prism.test/procurement-office?year=2026","2445","0","0"
"1791034404925","4335","MEASURED - Procurement dashboard FY2026","200","OK","Authenticated users 1-25","text","true","","301168","864","50","50","http://prism.test/procurement-office?year=2026","4332","0","0"
"1791034406020","3500","MEASURED - Procurement dashboard FY2026","200","OK","Authenticated users 1-3","text","true","","301168","864","50","50","http://prism.test/procurement-office?year=2026","3496","0","0"
"1791034404262","5282","MEASURED - Procurement dashboard FY2026","200","OK","Authenticated users 1-29","text","true","","301168","864","50","50","http://prism.test/procurement-office?year=2026","5278","0","0"
"1791034406020","3618","MEASURED - Procurement dashboard FY2026","200","OK","Authenticated users 1-41","text","true","","301168","864","50","50","http://prism.test/procurement-office?year=2026","3612","0","0"
"1791034406000","3641","MEASURED - Procurement dashboard FY2026","200","OK","Authenticated users 1-8","text","true","","301168","864","50","50","http://prism.test/procurement-office?year=2026","3637","0","0"
"1791034406823","2819","MEASURED - Procurement dashboard FY2026","200","OK","Authenticated users 1-24","text","true","","301168","864","50","50","http://prism.test/procurement-office?year=2026","2815","0","0"
"1791034404253","5453","MEASURED - Procurement dashboard FY2026","200","OK","Authenticated users 1-28","text","true","","301168","864","50","50","http://prism.test/procurement-office?year=2026","5449","0","0"
"1791034405159","4551","MEASURED - Procurement dashboard FY2026","200","OK","Authenticated users 1-48","text","true","","301168","864","50","50","http://prism.test/procurement-office?year=2026","4547","0","0"
"1791034405765","3958","MEASURED - Procurement dashboard FY2026","200","OK","Authenticated users 1-21","text","true","","301168","864","50","50","http://prism.test/procurement-office?year=2026","3954","0","0"
"1791034405465","4384","MEASURED - Procurement dashboard FY2026","200","OK","Authenticated users 1-46","text","true","","301168","864","50","50","http://prism.test/procurement-office?year=2026","4381","0","0"
"1791034405304","4557","MEASURED - Procurement dashboard FY2026","200","OK","Authenticated users 1-39","text","true","","301168","864","50","50","http://prism.test/procurement-office?year=2026","4555","0","0"
"1791034406002","4004","MEASURED - Procurement dashboard FY2026","200","OK","Authenticated users 1-34","text","true","","301168","864","50","50","http://prism.test/procurement-office?year=2026","4000","0","0"
"1791034406494","3575","MEASURED - Procurement dashboard FY2026","200","OK","Authenticated users 1-11","text","true","","301168","864","50","50","http://prism.test/procurement-office?year=2026","3571","0","0"
"1791034407479","2649","MEASURED - Procurement dashboard FY2026","200","OK","Authenticated users 1-14","text","true","","301168","864","50","50","http://prism.test/procurement-office?year=2026","2646","0","0"
"1791034406561","3700","MEASURED - Procurement dashboard FY2026","200","OK","Authenticated users 1-42","text","true","","301168","864","50","50","http://prism.test/procurement-office?year=2026","3696","0","0"
"1791034407553","2822","MEASURED - Procurement dashboard FY2026","200","OK","Authenticated users 1-6","text","true","","301168","864","50","50","http://prism.test/procurement-office?year=2026","2819","0","0"
"1791034407240","3269","MEASURED - Procurement dashboard FY2026","200","OK","Authenticated users 1-50","text","true","","301168","864","50","50","http://prism.test/procurement-office?year=2026","3265","0","0"
"1791034408444","2160","MEASURED - Procurement dashboard FY2026","200","OK","Authenticated users 1-47","text","true","","301168","864","50","50","http://prism.test/procurement-office?year=2026","2159","0","0"
"1791034407635","3110","MEASURED - Procurement dashboard FY2026","200","OK","Authenticated users 1-4","text","true","","301168","864","50","50","http://prism.test/procurement-office?year=2026","3107","0","0"
"1791034405419","5401","MEASURED - Procurement dashboard FY2026","200","OK","Authenticated users 1-20","text","true","","301168","864","50","50","http://prism.test/procurement-office?year=2026","5397","0","0"
"1791034407418","3423","MEASURED - Procurement dashboard FY2026","200","OK","Authenticated users 1-12","text","true","","301168","864","50","50","http://prism.test/procurement-office?year=2026","3420","0","0"
"1791034409712","1298","MEASURED - Procurement dashboard FY2026","200","OK","Authenticated users 1-48","text","true","","301168","864","50","50","http://prism.test/procurement-office?year=2026","1295","0","0"
"1791034410071","1005","MEASURED - Procurement dashboard FY2026","200","OK","Authenticated users 1-11","text","true","","301168","864","50","50","http://prism.test/procurement-office?year=2026","1002","0","0"
"1791034406609","4497","MEASURED - Procurement dashboard FY2026","200","OK","Authenticated users 1-30","text","true","","301168","864","50","50","http://prism.test/procurement-office?year=2026","4493","0","0"
"1791034407493","3649","MEASURED - Procurement dashboard FY2026","200","OK","Authenticated users 1-31","text","true","","301168","864","50","50","http://prism.test/procurement-office?year=2026","3646","0","0"
"1791034409725","1429","MEASURED - Procurement dashboard FY2026","200","OK","Authenticated users 1-21","text","true","","301168","864","50","50","http://prism.test/procurement-office?year=2026","1425","0","0"
"1791034407320","3843","MEASURED - Procurement dashboard FY2026","200","OK","Authenticated users 1-15","text","true","","301168","864","50","50","http://prism.test/procurement-office?year=2026","3840","0","0"
"1791034407298","3917","MEASURED - Procurement dashboard FY2026","200","OK","Authenticated users 1-27","text","true","","301168","864","50","50","http://prism.test/procurement-office?year=2026","3914","0","0"
"1791034406992","4329","MEASURED - Procurement dashboard FY2026","200","OK","Authenticated users 1-38","text","true","","301168","864","50","50","http://prism.test/procurement-office?year=2026","4326","0","0"
"1791034407845","3510","MEASURED - Procurement dashboard FY2026","200","OK","Authenticated users 1-33","text","true","","301168","864","50","50","http://prism.test/procurement-office?year=2026","3506","0","0"
"1791034408763","2654","MEASURED - Procurement dashboard FY2026","200","OK","Authenticated users 1-37","text","true","","301168","864","50","50","http://prism.test/procurement-office?year=2026","2651","0","0"
"1791034407507","3945","MEASURED - Procurement dashboard FY2026","200","OK","Authenticated users 1-36","text","true","","301168","864","50","50","http://prism.test/procurement-office?year=2026","3941","0","0"
"1791034408744","2758","MEASURED - Procurement dashboard FY2026","200","OK","Authenticated users 1-49","text","true","","301168","864","50","50","http://prism.test/procurement-office?year=2026","2747","0","0"
"1791034408166","3500","MEASURED - Procurement dashboard FY2026","200","OK","Authenticated users 1-16","text","true","","301168","864","50","50","http://prism.test/procurement-office?year=2026","3497","0","0"
"1791034409128","2799","MEASURED - Procurement dashboard FY2026","200","OK","Authenticated users 1-7","text","true","","301168","864","50","50","http://prism.test/procurement-office?year=2026","2796","0","0"
"1791034409709","2219","MEASURED - Procurement dashboard FY2026","200","OK","Authenticated users 1-28","text","true","","301168","864","50","50","http://prism.test/procurement-office?year=2026","2215","0","0"
"1791034409644","2286","MEASURED - Procurement dashboard FY2026","200","OK","Authenticated users 1-8","text","true","","301168","864","50","50","http://prism.test/procurement-office?year=2026","2281","0","0"
"1791034407689","4377","MEASURED - Procurement dashboard FY2026","200","OK","Authenticated users 1-9","text","true","","301168","864","50","50","http://prism.test/procurement-office?year=2026","4374","0","0"
"1791034409142","2928","MEASURED - Procurement dashboard FY2026","200","OK","Authenticated users 1-26","text","true","","301168","864","50","50","http://prism.test/procurement-office?year=2026","2925","0","0"
"1791034408484","3615","MEASURED - Procurement dashboard FY2026","200","OK","Authenticated users 1-2","text","true","","301168","864","50","50","http://prism.test/procurement-office?year=2026","3611","0","0"
"1791034408406","3718","MEASURED - Procurement dashboard FY2026","200","OK","Authenticated users 1-44","text","true","","301168","864","50","50","http://prism.test/procurement-office?year=2026","3715","0","0"
"1791034406865","5406","MEASURED - Procurement dashboard FY2026","200","OK","Authenticated users 1-19","text","true","","301168","864","50","50","http://prism.test/procurement-office?year=2026","5406","0","0"
"1791034407415","5020","MEASURED - Procurement dashboard FY2026","200","OK","Authenticated users 1-32","text","true","","301168","864","50","50","http://prism.test/procurement-office?year=2026","5011","0","0"
"1791034410607","1976","MEASURED - Procurement dashboard FY2026","200","OK","Authenticated users 1-47","text","true","","301168","864","50","50","http://prism.test/procurement-office?year=2026","1974","0","0"
"1791034408597","4058","MEASURED - Procurement dashboard FY2026","200","OK","Authenticated users 1-40","text","true","","301168","864","50","50","http://prism.test/procurement-office?year=2026","4057","0","0"
"1791034409262","3560","MEASURED - Procurement dashboard FY2026","200","OK","Authenticated users 1-25","text","true","","301168","864","50","50","http://prism.test/procurement-office?year=2026","3558","0","0"
"1791034409223","3604","MEASURED - Procurement dashboard FY2026","200","OK","Authenticated users 1-35","text","true","","301168","864","50","50","http://prism.test/procurement-office?year=2026","3600","0","0"
"1791034409546","3300","MEASURED - Procurement dashboard FY2026","200","OK","Authenticated users 1-29","text","true","","301168","864","50","50","http://prism.test/procurement-office?year=2026","3297","0","0"
"1791034410377","2475","MEASURED - Procurement dashboard FY2026","200","OK","Authenticated users 1-6","text","true","","301168","864","50","50","http://prism.test/procurement-office?year=2026","2471","0","0"
"1791034409851","3209","MEASURED - Procurement dashboard FY2026","200","OK","Authenticated users 1-46","text","true","","301168","864","50","50","http://prism.test/procurement-office?year=2026","3206","0","0"
"1791034411013","2052","MEASURED - Procurement dashboard FY2026","200","OK","Authenticated users 1-48","text","true","","301168","864","50","50","http://prism.test/procurement-office?year=2026","2048","0","0"
"1791034409195","3911","MEASURED - Procurement dashboard FY2026","200","OK","Authenticated users 1-5","text","true","","301168","864","50","50","http://prism.test/procurement-office?year=2026","3908","0","0"
"1791034407667","5514","MEASURED - Procurement dashboard FY2026","200","OK","Authenticated users 1-23","text","true","","301168","864","50","50","http://prism.test/procurement-office?year=2026","5511","0","0"
"1791034407784","5532","MEASURED - Procurement dashboard FY2026","200","OK","Authenticated users 1-10","text","true","","301168","864","50","50","http://prism.test/procurement-office?year=2026","5529","0","0"
"1791034410130","3206","MEASURED - Procurement dashboard FY2026","200","OK","Authenticated users 1-14","text","true","","301168","864","50","50","http://prism.test/procurement-office?year=2026","3203","0","0"
"1791034403029","10390","MEASURED - Procurement dashboard FY2026","200","OK","Authenticated users 1-45","text","true","","301169","864","50","50","http://prism.test/procurement-office?year=2026","10387","0","2"
"1791034408509","4972","MEASURED - Procurement dashboard FY2026","200","OK","Authenticated users 1-1","text","true","","301168","864","50","50","http://prism.test/procurement-office?year=2026","4968","0","0"
"1791034403832","9892","MEASURED - Procurement dashboard FY2026","200","OK","Authenticated users 1-18","text","true","","301169","864","50","50","http://prism.test/procurement-office?year=2026","9889","0","3"
"1791034411080","2700","MEASURED - Procurement dashboard FY2026","200","OK","Authenticated users 1-11","text","true","","301168","864","50","50","http://prism.test/procurement-office?year=2026","2697","0","0"
"1791034410010","3777","MEASURED - Procurement dashboard FY2026","200","OK","Authenticated users 1-34","text","true","","301168","864","50","50","http://prism.test/procurement-office?year=2026","3774","0","0"
"1791034406862","6931","MEASURED - Procurement dashboard FY2026","200","OK","Authenticated users 1-22","text","true","","301168","864","50","50","http://prism.test/procurement-office?year=2026","6926","0","0"
"1791034409645","4183","MEASURED - Procurement dashboard FY2026","200","OK","Authenticated users 1-24","text","true","","301168","864","50","50","http://prism.test/procurement-office?year=2026","4181","0","0"
"1791034410747","3083","MEASURED - Procurement dashboard FY2026","200","OK","Authenticated users 1-4","text","true","","301168","864","50","50","http://prism.test/procurement-office?year=2026","3080","0","0"
"1791034412438","1482","MEASURED - Procurement dashboard FY2026","200","OK","Authenticated users 1-32","text","true","","301168","864","50","50","http://prism.test/procurement-office?year=2026","1478","0","0"
"1791034412127","1805","MEASURED - Procurement dashboard FY2026","200","OK","Authenticated users 1-44","text","true","","301168","864","50","50","http://prism.test/procurement-office?year=2026","1802","0","0"
"1791034411156","2866","MEASURED - Procurement dashboard FY2026","200","OK","Authenticated users 1-21","text","true","","301168","864","50","50","http://prism.test/procurement-office?year=2026","2861","0","0"
"1791034411510","2511","MEASURED - Procurement dashboard FY2026","200","OK","Authenticated users 1-49","text","true","","301168","864","50","50","http://prism.test/procurement-office?year=2026","2506","0","0"
"1791034410512","3510","MEASURED - Procurement dashboard FY2026","200","OK","Authenticated users 1-50","text","true","","301168","864","50","50","http://prism.test/procurement-office?year=2026","3505","0","0"
"1791034411144","2879","MEASURED - Procurement dashboard FY2026","200","OK","Authenticated users 1-31","text","true","","301168","864","50","50","http://prism.test/procurement-office?year=2026","2874","0","0"
"1791034411357","2834","MEASURED - Procurement dashboard FY2026","200","OK","Authenticated users 1-33","text","true","","301168","864","50","50","http://prism.test/procurement-office?year=2026","2830","0","0"
"1791034411419","2772","MEASURED - Procurement dashboard FY2026","200","OK","Authenticated users 1-37","text","true","","301168","864","50","50","http://prism.test/procurement-office?year=2026","2768","0","0"
"1791034411931","2325","MEASURED - Procurement dashboard FY2026","500","Internal Server Error","Authenticated users 1-28","text","false","Expected authenticated Procurement Office dashboard and HTTP 200.","13629","864","50","50","http://prism.test/procurement-office?year=2026","2318","0","0"
"1791034409641","4631","MEASURED - Procurement dashboard FY2026","200","OK","Authenticated users 1-41","text","true","","301169","864","50","50","http://prism.test/procurement-office?year=2026","4628","0","2"
"1791034412273","2015","MEASURED - Procurement dashboard FY2026","200","OK","Authenticated users 1-19","text","true","","301168","864","50","50","http://prism.test/procurement-office?year=2026","2012","0","0"
"1791034410823","3537","MEASURED - Procurement dashboard FY2026","200","OK","Authenticated users 1-20","text","true","","301168","864","50","50","http://prism.test/procurement-office?year=2026","3533","0","0"
"1791034409254","5211","MEASURED - Procurement dashboard FY2026","200","OK","Authenticated users 1-13","text","true","","301168","864","50","50","http://prism.test/procurement-office?year=2026","5205","0","0"
"1791034407868","6748","MEASURED - Procurement dashboard FY2026","200","OK","Authenticated users 1-17","text","true","","301168","864","50","50","http://prism.test/procurement-office?year=2026","6744","0","0"
"1791034411218","3453","MEASURED - Procurement dashboard FY2026","200","OK","Authenticated users 1-27","text","true","","301168","864","50","50","http://prism.test/procurement-office?year=2026","3449","0","0"
"1791034411108","3580","MEASURED - Procurement dashboard FY2026","200","OK","Authenticated users 1-30","text","true","","301168","864","50","50","http://prism.test/procurement-office?year=2026","3576","0","0"
"1791034409523","5577","MEASURED - Procurement dashboard FY2026","200","OK","Authenticated users 1-3","text","true","","301169","864","50","50","http://prism.test/procurement-office?year=2026","5573","0","2"
"1791034411165","4021","MEASURED - Procurement dashboard FY2026","200","OK","Authenticated users 1-15","text","true","","301168","864","50","50","http://prism.test/procurement-office?year=2026","4018","0","0"
"1791034412069","3266","MEASURED - Procurement dashboard FY2026","200","OK","Authenticated users 1-9","text","true","","301168","864","50","50","http://prism.test/procurement-office?year=2026","3263","0","0"
"1791034412825","2560","MEASURED - Procurement dashboard FY2026","200","OK","Authenticated users 1-25","text","true","","301168","864","50","50","http://prism.test/procurement-office?year=2026","2557","0","0"
"1791034413109","2360","MEASURED - Procurement dashboard FY2026","200","OK","Authenticated users 1-5","text","true","","301168","864","50","50","http://prism.test/procurement-office?year=2026","2358","0","0"
"1791034414362","1164","MEASURED - Procurement dashboard FY2026","200","OK","Authenticated users 1-20","text","true","","301169","864","50","50","http://prism.test/procurement-office?year=2026","1161","0","3"
"1791034413830","1782","MEASURED - Procurement dashboard FY2026","200","OK","Authenticated users 1-24","text","true","","301168","864","50","50","http://prism.test/procurement-office?year=2026","1779","0","0"
"1791034412855","2818","MEASURED - Procurement dashboard FY2026","200","OK","Authenticated users 1-6","text","true","","301168","864","50","50","http://prism.test/procurement-office?year=2026","2816","0","0"
"1791034410844","4862","MEASURED - Procurement dashboard FY2026","200","OK","Authenticated users 1-12","text","true","","301169","864","50","50","http://prism.test/procurement-office?year=2026","4859","0","1"
"1791034413062","2870","MEASURED - Procurement dashboard FY2026","200","OK","Authenticated users 1-46","text","true","","301168","864","50","50","http://prism.test/procurement-office?year=2026","2867","0","0"
"1791034411930","4056","MEASURED - Procurement dashboard FY2026","200","OK","Authenticated users 1-7","text","true","","301168","864","50","50","http://prism.test/procurement-office?year=2026","4052","0","0"
"1791034411323","4843","MEASURED - Procurement dashboard FY2026","200","OK","Authenticated users 1-38","text","true","","301169","864","50","50","http://prism.test/procurement-office?year=2026","4840","0","2"
"1791034413922","2288","MEASURED - Procurement dashboard FY2026","200","OK","Authenticated users 1-32","text","true","","301168","864","50","50","http://prism.test/procurement-office?year=2026","2280","0","0"
"1791034411932","4492","MEASURED - Procurement dashboard FY2026","200","OK","Authenticated users 1-8","text","true","","301168","864","50","50","http://prism.test/procurement-office?year=2026","4489","0","0"
"1791034409864","6596","MEASURED - Procurement dashboard FY2026","200","OK","Authenticated users 1-39","text","true","","301169","864","50","50","http://prism.test/procurement-office?year=2026","6593","0","1"
"1791034405371","11124","MEASURED - Procurement dashboard FY2026","200","OK","Authenticated users 1-43","text","true","","301169","864","50","50","http://prism.test/procurement-office?year=2026","11120","0","1"
"1791034411455","5193","MEASURED - Procurement dashboard FY2026","200","OK","Authenticated users 1-36","text","true","","301169","864","50","50","http://prism.test/procurement-office?year=2026","5190","0","2"
"1791034413725","3360","MEASURED - Procurement dashboard FY2026","200","OK","Authenticated users 1-18","text","true","","301168","864","50","50","http://prism.test/procurement-office?year=2026","3356","0","0"
"1791034412829","4257","MEASURED - Procurement dashboard FY2026","200","OK","Authenticated users 1-35","text","true","","301169","864","50","50","http://prism.test/procurement-office?year=2026","4252","0","2"
"1791034414024","3203","MEASURED - Procurement dashboard FY2026","200","OK","Authenticated users 1-50","text","true","","301169","864","50","50","http://prism.test/procurement-office?year=2026","3199","0","2"
"1791034413338","3891","MEASURED - Procurement dashboard FY2026","200","OK","Authenticated users 1-14","text","true","","301168","864","50","50","http://prism.test/procurement-office?year=2026","3886","0","0"
"1791034413067","4162","MEASURED - Procurement dashboard FY2026","200","OK","Authenticated users 1-48","text","true","","301168","864","50","50","http://prism.test/procurement-office?year=2026","4160","0","0"
"1791034412586","4642","MEASURED - Procurement dashboard FY2026","200","OK","Authenticated users 1-47","text","true","","301169","864","50","50","http://prism.test/procurement-office?year=2026","4637","0","1"
"1791034413421","3813","MEASURED - Procurement dashboard FY2026","200","OK","Authenticated users 1-45","text","true","","301168","864","50","50","http://prism.test/procurement-office?year=2026","3807","0","0"
"1791034414673","2564","MEASURED - Procurement dashboard FY2026","200","OK","Authenticated users 1-27","text","true","","301168","864","50","50","http://prism.test/procurement-office?year=2026","2556","0","0"
"1791034415188","2113","MEASURED - Procurement dashboard FY2026","200","OK","Authenticated users 1-15","text","true","","301168","864","50","50","http://prism.test/procurement-office?year=2026","2110","0","0"
"1791034414024","3277","MEASURED - Procurement dashboard FY2026","200","OK","Authenticated users 1-21","text","true","","301168","864","50","50","http://prism.test/procurement-office?year=2026","3273","0","0"
"1791034413934","3443","MEASURED - Procurement dashboard FY2026","200","OK","Authenticated users 1-44","text","true","","301168","864","50","50","http://prism.test/procurement-office?year=2026","3440","0","0"
"1791034413789","3638","MEASURED - Procurement dashboard FY2026","200","OK","Authenticated users 1-34","text","true","","301168","864","50","50","http://prism.test/procurement-office?year=2026","3635","0","0"
"1791034412101","5525","MEASURED - Procurement dashboard FY2026","200","OK","Authenticated users 1-2","text","true","","301169","864","50","50","http://prism.test/procurement-office?year=2026","5523","0","1"
"1791034414690","3025","MEASURED - Procurement dashboard FY2026","200","OK","Authenticated users 1-30","text","true","","301168","864","50","50","http://prism.test/procurement-office?year=2026","3021","0","0"
"1791034412657","5063","MEASURED - Procurement dashboard FY2026","200","OK","Authenticated users 1-40","text","true","","301168","864","50","50","http://prism.test/procurement-office?year=2026","5060","0","0"
"1791034411670","6083","MEASURED - Procurement dashboard FY2026","200","OK","Authenticated users 1-16","text","true","","301169","864","50","50","http://prism.test/procurement-office?year=2026","6080","0","3"
"1791034412072","5681","MEASURED - Procurement dashboard FY2026","200","OK","Authenticated users 1-26","text","true","","301169","864","50","50","http://prism.test/procurement-office?year=2026","5678","0","2"
"1791034414618","3182","MEASURED - Procurement dashboard FY2026","200","OK","Authenticated users 1-17","text","true","","301168","864","50","50","http://prism.test/procurement-office?year=2026","3178","0","0"
"1791034413795","4058","MEASURED - Procurement dashboard FY2026","200","OK","Authenticated users 1-22","text","true","","301168","864","50","50","http://prism.test/procurement-office?year=2026","4055","0","0"
"1791034413483","4582","MEASURED - Procurement dashboard FY2026","200","OK","Authenticated users 1-1","text","true","","301168","864","50","50","http://prism.test/procurement-office?year=2026","4579","0","0"
"1791034414193","3873","MEASURED - Procurement dashboard FY2026","200","OK","Authenticated users 1-37","text","true","","301169","864","50","50","http://prism.test/procurement-office?year=2026","3869","0","1"
"1791034413183","4988","MEASURED - Procurement dashboard FY2026","200","OK","Authenticated users 1-23","text","true","","301169","864","50","50","http://prism.test/procurement-office?year=2026","4985","0","1"
"1791034415102","3073","MEASURED - Procurement dashboard FY2026","200","OK","Authenticated users 1-3","text","true","","301168","864","50","50","http://prism.test/procurement-office?year=2026","3070","0","0"
"1791034413832","4361","MEASURED - Procurement dashboard FY2026","200","OK","Authenticated users 1-4","text","true","","301168","864","50","50","http://prism.test/procurement-office?year=2026","4359","0","0"
"1791034416169","2106","MEASURED - Procurement dashboard FY2026","200","OK","Authenticated users 1-38","text","true","","301168","864","50","50","http://prism.test/procurement-office?year=2026","2102","0","0"
"1791034413319","5340","MEASURED - Procurement dashboard FY2026","200","OK","Authenticated users 1-10","text","true","","301169","864","50","50","http://prism.test/procurement-office?year=2026","5337","0","2"
"1791034414024","4686","MEASURED - Procurement dashboard FY2026","200","OK","Authenticated users 1-49","text","true","","301168","864","50","50","http://prism.test/procurement-office?year=2026","4683","0","0"
"1791034414257","4456","MEASURED - Procurement dashboard FY2026","200","OK","Authenticated users 1-28","text","true","","301169","864","50","50","http://prism.test/procurement-office?year=2026","4453","0","3"
"1791034414274","4452","MEASURED - Procurement dashboard FY2026","200","OK","Authenticated users 1-41","text","true","","301168","864","50","50","http://prism.test/procurement-office?year=2026","4449","0","0"
"1791034414467","4390","MEASURED - Procurement dashboard FY2026","200","OK","Authenticated users 1-13","text","true","","301169","864","50","50","http://prism.test/procurement-office?year=2026","4386","0","2"
"1791034414193","4781","MEASURED - Procurement dashboard FY2026","200","OK","Authenticated users 1-33","text","true","","301169","864","50","50","http://prism.test/procurement-office?year=2026","4778","0","1"
"1791034415935","3086","MEASURED - Procurement dashboard FY2026","200","OK","Authenticated users 1-46","text","true","","301168","864","50","50","http://prism.test/procurement-office?year=2026","3084","0","0"
"1791034416213","2822","MEASURED - Procurement dashboard FY2026","200","OK","Authenticated users 1-32","text","true","","301168","864","50","50","http://prism.test/procurement-office?year=2026","2818","0","0"
"1791034414290","4822","MEASURED - Procurement dashboard FY2026","200","OK","Authenticated users 1-19","text","true","","301168","864","50","50","http://prism.test/procurement-office?year=2026","4818","0","0"
"1791034417230","1913","MEASURED - Procurement dashboard FY2026","200","OK","Authenticated users 1-50","text","true","","301168","864","50","50","http://prism.test/procurement-office?year=2026","1910","0","0"
"1791034415528","3644","MEASURED - Procurement dashboard FY2026","200","OK","Authenticated users 1-20","text","true","","301168","864","50","50","http://prism.test/procurement-office?year=2026","3640","0","0"
"1791034412849","6343","MEASURED - Procurement dashboard FY2026","200","OK","Authenticated users 1-29","text","true","","301169","864","50","50","http://prism.test/procurement-office?year=2026","6339","0","2"
"1791034410263","9127","MEASURED - Procurement dashboard FY2026","200","OK","Authenticated users 1-42","text","true","","301169","864","50","50","http://prism.test/procurement-office?year=2026","9122","0","2"
"1791034415708","3683","MEASURED - Procurement dashboard FY2026","200","OK","Authenticated users 1-12","text","true","","301168","864","50","50","http://prism.test/procurement-office?year=2026","3673","0","0"
"1791034416497","2904","MEASURED - Procurement dashboard FY2026","200","OK","Authenticated users 1-43","text","true","","301168","864","50","50","http://prism.test/procurement-office?year=2026","2900","0","0"
"1791034417379","2022","MEASURED - Procurement dashboard FY2026","200","OK","Authenticated users 1-44","text","true","","301168","864","50","50","http://prism.test/procurement-office?year=2026","2020","0","0"
"1791034417236","2203","MEASURED - Procurement dashboard FY2026","200","OK","Authenticated users 1-45","text","true","","301168","864","50","50","http://prism.test/procurement-office?year=2026","2200","0","0"
"1791034417303","2175","MEASURED - Procurement dashboard FY2026","200","OK","Authenticated users 1-15","text","true","","301168","864","50","50","http://prism.test/procurement-office?year=2026","2172","0","0"
"1791034413782","5738","MEASURED - Procurement dashboard FY2026","200","OK","Authenticated users 1-11","text","true","","301169","864","50","50","http://prism.test/procurement-office?year=2026","5735","0","2"
"1791034415676","4028","MEASURED - Procurement dashboard FY2026","200","OK","Authenticated users 1-6","text","true","","301168","864","50","50","http://prism.test/procurement-office?year=2026","4025","0","0"
"1791034416650","3125","MEASURED - Procurement dashboard FY2026","200","OK","Authenticated users 1-36","text","true","","301168","864","50","50","http://prism.test/procurement-office?year=2026","3122","0","0"
"1791034417239","2666","MEASURED - Procurement dashboard FY2026","200","OK","Authenticated users 1-27","text","true","","301168","864","50","50","http://prism.test/procurement-office?year=2026","2663","0","0"
"1791034415338","4613","MEASURED - Procurement dashboard FY2026","200","OK","Authenticated users 1-9","text","true","","301169","864","50","50","http://prism.test/procurement-office?year=2026","4610","0","1"
"1791034416463","3563","MEASURED - Procurement dashboard FY2026","200","OK","Authenticated users 1-39","text","true","","301168","864","50","50","http://prism.test/procurement-office?year=2026","3560","0","0"
"1791034418277","1749","MEASURED - Procurement dashboard FY2026","200","OK","Authenticated users 1-38","text","true","","301168","864","50","50","http://prism.test/procurement-office?year=2026","1745","0","0"
"1791034415387","4702","MEASURED - Procurement dashboard FY2026","200","OK","Authenticated users 1-25","text","true","","301168","864","50","50","http://prism.test/procurement-office?year=2026","4699","0","0"
"1791034417232","3185","MEASURED - Procurement dashboard FY2026","200","OK","Authenticated users 1-48","text","true","","301168","864","50","50","http://prism.test/procurement-office?year=2026","3183","0","0"
"1791034415989","4445","MEASURED - Procurement dashboard FY2026","200","OK","Authenticated users 1-7","text","true","","301168","864","50","50","http://prism.test/procurement-office?year=2026","4443","0","0"
"1791034417304","3192","MEASURED - Procurement dashboard FY2026","200","OK","Authenticated users 1-21","text","true","","301168","864","50","50","http://prism.test/procurement-office?year=2026","3178","0","0"
"1791034418068","2428","MEASURED - Procurement dashboard FY2026","200","OK","Authenticated users 1-37","text","true","","301168","864","50","50","http://prism.test/procurement-office?year=2026","2414","0","0"
"1791034414025","6650","MEASURED - Procurement dashboard FY2026","200","OK","Authenticated users 1-31","text","true","","301169","864","50","50","http://prism.test/procurement-office?year=2026","6647","0","1"
"1791034418661","2049","MEASURED - Procurement dashboard FY2026","200","OK","Authenticated users 1-10","text","true","","301168","864","50","50","http://prism.test/procurement-office?year=2026","2046","0","0"
"1791034417755","2978","MEASURED - Procurement dashboard FY2026","200","OK","Authenticated users 1-26","text","true","","301168","864","50","50","http://prism.test/procurement-office?year=2026","2975","0","0"
"1791034418173","2676","MEASURED - Procurement dashboard FY2026","200","OK","Authenticated users 1-23","text","true","","301168","864","50","50","http://prism.test/procurement-office?year=2026","2672","0","0"
"1791034417755","3228","MEASURED - Procurement dashboard FY2026","200","OK","Authenticated users 1-16","text","true","","301168","864","50","50","http://prism.test/procurement-office?year=2026","3225","0","0"
"1791034420028","1095","MEASURED - Procurement dashboard FY2026","200","OK","Authenticated users 1-39","text","true","","301168","864","50","50","http://prism.test/procurement-office?year=2026","1091","0","0"
"1791034418195","2933","MEASURED - Procurement dashboard FY2026","200","OK","Authenticated users 1-4","text","true","","301168","864","50","50","http://prism.test/procurement-office?year=2026","2929","0","0"
"1791034417717","3512","MEASURED - Procurement dashboard FY2026","200","OK","Authenticated users 1-30","text","true","","301168","864","50","50","http://prism.test/procurement-office?year=2026","3508","0","0"
"1791034415614","5615","MEASURED - Procurement dashboard FY2026","200","OK","Authenticated users 1-24","text","true","","301168","864","50","50","http://prism.test/procurement-office?year=2026","5611","0","0"
"1791034417430","3849","MEASURED - Procurement dashboard FY2026","200","OK","Authenticated users 1-34","text","true","","301168","864","50","50","http://prism.test/procurement-office?year=2026","3845","0","0"
"1791034417087","4316","MEASURED - Procurement dashboard FY2026","200","OK","Authenticated users 1-18","text","true","","301168","864","50","50","http://prism.test/procurement-office?year=2026","4313","0","0"
"1791034419114","2310","MEASURED - Procurement dashboard FY2026","200","OK","Authenticated users 1-19","text","true","","301168","864","50","50","http://prism.test/procurement-office?year=2026","2307","0","0"
"1791034417722","3872","MEASURED - Procurement dashboard FY2026","200","OK","Authenticated users 1-40","text","true","","301169","864","50","50","http://prism.test/procurement-office?year=2026","3869","0","1"
"1791034419392","2227","MEASURED - Procurement dashboard FY2026","200","OK","Authenticated users 1-42","text","true","","301168","864","50","50","http://prism.test/procurement-office?year=2026","2224","0","0"
"1791034419023","2690","MEASURED - Procurement dashboard FY2026","200","OK","Authenticated users 1-46","text","true","","301168","864","50","50","http://prism.test/procurement-office?year=2026","2683","0","0"
"1791034417087","4900","MEASURED - Procurement dashboard FY2026","200","OK","Authenticated users 1-35","text","true","","301168","864","50","50","http://prism.test/procurement-office?year=2026","4896","0","0"
"1791034417231","4838","MEASURED - Procurement dashboard FY2026","200","OK","Authenticated users 1-14","text","true","","301168","864","50","50","http://prism.test/procurement-office?year=2026","4835","0","0"
"1791034420736","1345","MEASURED - Procurement dashboard FY2026","200","OK","Authenticated users 1-26","text","true","","301168","864","50","50","http://prism.test/procurement-office?year=2026","1342","0","0"
"1791034419954","2344","MEASURED - Procurement dashboard FY2026","200","OK","Authenticated users 1-9","text","true","","301168","864","50","50","http://prism.test/procurement-office?year=2026","2340","0","0"
"1791034418178","4123","MEASURED - Procurement dashboard FY2026","200","OK","Authenticated users 1-3","text","true","","301168","864","50","50","http://prism.test/procurement-office?year=2026","4120","0","0"
"1791034419037","3273","MEASURED - Procurement dashboard FY2026","200","OK","Authenticated users 1-32","text","true","","301168","864","50","50","http://prism.test/procurement-office?year=2026","3270","0","0"
"1791034417628","4823","MEASURED - Procurement dashboard FY2026","200","OK","Authenticated users 1-2","text","true","","301168","864","50","50","http://prism.test/procurement-office?year=2026","4820","0","0"
"1791034418713","3743","MEASURED - Procurement dashboard FY2026","200","OK","Authenticated users 1-49","text","true","","301168","864","50","50","http://prism.test/procurement-office?year=2026","3739","0","0"
"1791034419403","3111","MEASURED - Procurement dashboard FY2026","200","OK","Authenticated users 1-43","text","true","","301168","864","50","50","http://prism.test/procurement-office?year=2026","3107","0","0"
"1791034421621","913","MEASURED - Procurement dashboard FY2026","500","Internal Server Error","Authenticated users 1-42","text","false","Expected authenticated Procurement Office dashboard and HTTP 200.","13629","864","50","50","http://prism.test/procurement-office?year=2026","900","0","0"
"1791034419195","3348","MEASURED - Procurement dashboard FY2026","200","OK","Authenticated users 1-29","text","true","","301168","864","50","50","http://prism.test/procurement-office?year=2026","3345","0","0"
"1791034418977","3677","MEASURED - Procurement dashboard FY2026","200","OK","Authenticated users 1-33","text","true","","301168","864","50","50","http://prism.test/procurement-office?year=2026","3674","0","0"
"1791034418728","3946","MEASURED - Procurement dashboard FY2026","200","OK","Authenticated users 1-41","text","true","","301168","864","50","50","http://prism.test/procurement-office?year=2026","3943","0","0"
"1791034417231","5676","MEASURED - Procurement dashboard FY2026","200","OK","Authenticated users 1-47","text","true","","301168","864","50","50","http://prism.test/procurement-office?year=2026","5673","0","0"
"1791034421125","1851","MEASURED - Procurement dashboard FY2026","200","OK","Authenticated users 1-39","text","true","","301168","864","50","50","http://prism.test/procurement-office?year=2026","1847","0","0"
"1791034419907","3120","MEASURED - Procurement dashboard FY2026","200","OK","Authenticated users 1-27","text","true","","301168","864","50","50","http://prism.test/procurement-office?year=2026","3117","0","0"
"1791034416426","6618","MEASURED - Procurement dashboard FY2026","200","OK","Authenticated users 1-8","text","true","","301169","864","50","50","http://prism.test/procurement-office?year=2026","6614","0","2"
"1791034417855","5203","MEASURED - Procurement dashboard FY2026","200","OK","Authenticated users 1-22","text","true","","301168","864","50","50","http://prism.test/procurement-office?year=2026","5200","0","0"
"1791034419393","3701","MEASURED - Procurement dashboard FY2026","500","Internal Server Error","Authenticated users 1-12","text","false","Expected authenticated Procurement Office dashboard and HTTP 200.","13629","864","50","50","http://prism.test/procurement-office?year=2026","3693","0","0"
"1791034418859","4298","MEASURED - Procurement dashboard FY2026","200","OK","Authenticated users 1-13","text","true","","301168","864","50","50","http://prism.test/procurement-office?year=2026","4294","0","0"
"1791034418715","4504","MEASURED - Procurement dashboard FY2026","200","OK","Authenticated users 1-28","text","true","","301168","864","50","50","http://prism.test/procurement-office?year=2026","4502","0","0"
"1791034419777","3622","MEASURED - Procurement dashboard FY2026","200","OK","Authenticated users 1-36","text","true","","301168","864","50","50","http://prism.test/procurement-office?year=2026","3619","0","0"
"1791034421282","2248","MEASURED - Procurement dashboard FY2026","200","OK","Authenticated users 1-34","text","true","","301168","864","50","50","http://prism.test/procurement-office?year=2026","2244","0","0"
"1791034420436","3108","MEASURED - Procurement dashboard FY2026","200","OK","Authenticated users 1-7","text","true","","301168","864","50","50","http://prism.test/procurement-office?year=2026","3104","0","0"
"1791034420985","2569","MEASURED - Procurement dashboard FY2026","200","OK","Authenticated users 1-16","text","true","","301168","864","50","50","http://prism.test/procurement-office?year=2026","2566","0","0"
"1791034420505","3080","MEASURED - Procurement dashboard FY2026","200","OK","Authenticated users 1-21","text","true","","301168","864","50","50","http://prism.test/procurement-office?year=2026","3076","0","0"
"1791034419480","4135","MEASURED - Procurement dashboard FY2026","200","OK","Authenticated users 1-15","text","true","","301168","864","50","50","http://prism.test/procurement-office?year=2026","4132","0","0"
"1791034420420","3201","MEASURED - Procurement dashboard FY2026","500","Internal Server Error","Authenticated users 1-48","text","false","Expected authenticated Procurement Office dashboard and HTTP 200.","13629","864","50","50","http://prism.test/procurement-office?year=2026","3195","0","0"
"1791034420713","3087","MEASURED - Procurement dashboard FY2026","200","OK","Authenticated users 1-10","text","true","","301168","864","50","50","http://prism.test/procurement-office?year=2026","3084","0","0"
"1791034419403","4431","MEASURED - Procurement dashboard FY2026","200","OK","Authenticated users 1-44","text","true","","301168","864","50","50","http://prism.test/procurement-office?year=2026","4428","0","0"
"1791034417802","6046","MEASURED - Procurement dashboard FY2026","200","OK","Authenticated users 1-17","text","true","","301169","864","50","50","http://prism.test/procurement-office?year=2026","6043","0","2"
"1791034420505","3381","MEASURED - Procurement dashboard FY2026","200","OK","Authenticated users 1-37","text","true","","301168","864","50","50","http://prism.test/procurement-office?year=2026","3378","0","0"
"1791034419522","4432","MEASURED - Procurement dashboard FY2026","200","OK","Authenticated users 1-11","text","true","","301168","864","50","50","http://prism.test/procurement-office?year=2026","4432","0","0"
"1791034420851","3106","MEASURED - Procurement dashboard FY2026","200","OK","Authenticated users 1-23","text","true","","301168","864","50","50","http://prism.test/procurement-office?year=2026","3103","0","0"
"1791034421130","2883","MEASURED - Procurement dashboard FY2026","200","OK","Authenticated users 1-4","text","true","","301168","864","50","50","http://prism.test/procurement-office?year=2026","2878","0","0"
"1791034420028","4125","MEASURED - Procurement dashboard FY2026","200","OK","Authenticated users 1-38","text","true","","301168","864","50","50","http://prism.test/procurement-office?year=2026","4122","0","0"
"1791034419174","5160","MEASURED - Procurement dashboard FY2026","200","OK","Authenticated users 1-20","text","true","","301168","864","50","50","http://prism.test/procurement-office?year=2026","5157","0","0"
"1791034421406","3069","MEASURED - Procurement dashboard FY2026","200","OK","Authenticated users 1-18","text","true","","301168","864","50","50","http://prism.test/procurement-office?year=2026","3066","0","0"
"1791034418068","6427","MEASURED - Procurement dashboard FY2026","200","OK","Authenticated users 1-1","text","true","","301168","864","50","50","http://prism.test/procurement-office?year=2026","6425","0","0"
"1791034421231","3313","MEASURED - Procurement dashboard FY2026","500","Internal Server Error","Authenticated users 1-30","text","false","Expected authenticated Procurement Office dashboard and HTTP 200.","13629","864","50","50","http://prism.test/procurement-office?year=2026","3308","0","0"
"1791034420091","4597","MEASURED - Procurement dashboard FY2026","500","Internal Server Error","Authenticated users 1-25","text","false","Expected authenticated Procurement Office dashboard and HTTP 200.","13629","864","50","50","http://prism.test/procurement-office?year=2026","4593","0","0"
"1791034419145","5755","MEASURED - Procurement dashboard FY2026","200","OK","Authenticated users 1-50","text","true","","301168","864","50","50","http://prism.test/procurement-office?year=2026","5752","0","0"
"1791034421231","3695","MEASURED - Procurement dashboard FY2026","200","OK","Authenticated users 1-24","text","true","","301168","864","50","50","http://prism.test/procurement-office?year=2026","3693","0","0"
"1791034422071","2903","MEASURED - Procurement dashboard FY2026","200","OK","Authenticated users 1-14","text","true","","301168","864","50","50","http://prism.test/procurement-office?year=2026","2899","0","0"
"1791034421989","3003","MEASURED - Procurement dashboard FY2026","200","OK","Authenticated users 1-35","text","true","","301168","864","50","50","http://prism.test/procurement-office?year=2026","3000","0","0"
"1791034422313","2707","MEASURED - Procurement dashboard FY2026","200","OK","Authenticated users 1-32","text","true","","301168","864","50","50","http://prism.test/procurement-office?year=2026","2704","0","0"
"1791034419441","5586","MEASURED - Procurement dashboard FY2026","200","OK","Authenticated users 1-45","text","true","","301168","864","50","50","http://prism.test/procurement-office?year=2026","5583","0","0"
"1791034421715","3313","MEASURED - Procurement dashboard FY2026","200","OK","Authenticated users 1-46","text","true","","301168","864","50","50","http://prism.test/procurement-office?year=2026","3309","0","0"
"1791034423802","1409","MEASURED - Procurement dashboard FY2026","200","OK","Authenticated users 1-10","text","true","","301168","864","50","50","http://prism.test/procurement-office?year=2026","1405","0","0"
"1791034422300","3005","MEASURED - Procurement dashboard FY2026","200","OK","Authenticated users 1-9","text","true","","301168","864","50","50","http://prism.test/procurement-office?year=2026","3001","0","0"
"1791034423221","2343","MEASURED - Procurement dashboard FY2026","200","OK","Authenticated users 1-28","text","true","","301168","864","50","50","http://prism.test/procurement-office?year=2026","2340","0","0"
"1791034421427","4143","MEASURED - Procurement dashboard FY2026","200","OK","Authenticated users 1-19","text","true","","301168","864","50","50","http://prism.test/procurement-office?year=2026","4139","0","0"
"1791034415472","10195","MEASURED - Procurement dashboard FY2026","200","OK","Authenticated users 1-5","text","true","","301169","864","50","50","http://prism.test/procurement-office?year=2026","10192","0","1"
"1791034422677","3041","MEASURED - Procurement dashboard FY2026","200","OK","Authenticated users 1-41","text","true","","301168","864","50","50","http://prism.test/procurement-office?year=2026","3037","0","0"
"1791034423401","2410","MEASURED - Procurement dashboard FY2026","200","OK","Authenticated users 1-36","text","true","","301168","864","50","50","http://prism.test/procurement-office?year=2026","2402","0","0"
"1791034424478","1345","MEASURED - Procurement dashboard FY2026","200","OK","Authenticated users 1-18","text","true","","301168","864","50","50","http://prism.test/procurement-office?year=2026","1342","0","0"
"1791034420680","5325","MEASURED - Procurement dashboard FY2026","200","OK","Authenticated users 1-31","text","true","","301168","864","50","50","http://prism.test/procurement-office?year=2026","5322","0","0"
"1791034422546","3471","MEASURED - Procurement dashboard FY2026","200","OK","Authenticated users 1-29","text","true","","301168","864","50","50","http://prism.test/procurement-office?year=2026","3467","0","0"
"1791034423060","3032","MEASURED - Procurement dashboard FY2026","200","OK","Authenticated users 1-22","text","true","","301168","864","50","50","http://prism.test/procurement-office?year=2026","3029","0","0"
"1791034423029","3160","MEASURED - Procurement dashboard FY2026","200","OK","Authenticated users 1-27","text","true","","301168","864","50","50","http://prism.test/procurement-office?year=2026","3157","0","0"
"1791034422656","3628","MEASURED - Procurement dashboard FY2026","200","OK","Authenticated users 1-33","text","true","","301168","864","50","50","http://prism.test/procurement-office?year=2026","3625","0","0"
"1791034422909","3518","MEASURED - Procurement dashboard FY2026","200","OK","Authenticated users 1-47","text","true","","301168","864","50","50","http://prism.test/procurement-office?year=2026","3516","0","0"
"1791034424976","1580","MEASURED - Procurement dashboard FY2026","200","OK","Authenticated users 1-14","text","true","","301168","864","50","50","http://prism.test/procurement-office?year=2026","1577","0","0"
"1791034421596","4973","MEASURED - Procurement dashboard FY2026","200","OK","Authenticated users 1-40","text","true","","301168","864","50","50","http://prism.test/procurement-office?year=2026","4969","0","0"
"1791034422303","4592","MEASURED - Procurement dashboard FY2026","200","OK","Authenticated users 1-3","text","true","","301168","864","50","50","http://prism.test/procurement-office?year=2026","4588","0","0"
"1791034423532","3363","MEASURED - Procurement dashboard FY2026","200","OK","Authenticated users 1-34","text","true","","301168","864","50","50","http://prism.test/procurement-office?year=2026","3360","0","0"
"1791034425567","1493","MEASURED - Procurement dashboard FY2026","200","OK","Authenticated users 1-28","text","true","","301168","864","50","50","http://prism.test/procurement-office?year=2026","1490","0","0"
"1791034422458","4964","MEASURED - Procurement dashboard FY2026","200","OK","Authenticated users 1-49","text","true","","301168","864","50","50","http://prism.test/procurement-office?year=2026","4960","0","0"
"1791034423959","3472","MEASURED - Procurement dashboard FY2026","200","OK","Authenticated users 1-23","text","true","","301168","864","50","50","http://prism.test/procurement-office?year=2026","3469","0","0"
"1791034422083","5353","MEASURED - Procurement dashboard FY2026","200","OK","Authenticated users 1-26","text","true","","301168","864","50","50","http://prism.test/procurement-office?year=2026","5350","0","0"
"1791034422978","4479","MEASURED - Procurement dashboard FY2026","200","OK","Authenticated users 1-39","text","true","","301168","864","50","50","http://prism.test/procurement-office?year=2026","4475","0","0"
"1791034423546","3924","MEASURED - Procurement dashboard FY2026","200","OK","Authenticated users 1-7","text","true","","301168","864","50","50","http://prism.test/procurement-office?year=2026","3920","0","0"
"1791034423836","3642","MEASURED - Procurement dashboard FY2026","200","OK","Authenticated users 1-44","text","true","","301168","864","50","50","http://prism.test/procurement-office?year=2026","3639","0","0"
"1791034423046","4464","MEASURED - Procurement dashboard FY2026","200","OK","Authenticated users 1-8","text","true","","301168","864","50","50","http://prism.test/procurement-office?year=2026","4461","0","0"
"1791034422516","5011","MEASURED - Procurement dashboard FY2026","200","OK","Authenticated users 1-43","text","true","","301168","864","50","50","http://prism.test/procurement-office?year=2026","5008","0","0"
"1791034424156","3777","MEASURED - Procurement dashboard FY2026","200","OK","Authenticated users 1-38","text","true","","301168","864","50","50","http://prism.test/procurement-office?year=2026","3773","0","0"
"1791034424498","3434","MEASURED - Procurement dashboard FY2026","200","OK","Authenticated users 1-1","text","true","","301168","864","50","50","http://prism.test/procurement-office?year=2026","3431","0","0"
"1791034424014","3923","MEASURED - Procurement dashboard FY2026","200","OK","Authenticated users 1-4","text","true","","301168","864","50","50","http://prism.test/procurement-office?year=2026","3916","0","0"
"1791034426192","1743","MEASURED - Procurement dashboard FY2026","200","OK","Authenticated users 1-27","text","true","","301168","864","50","50","http://prism.test/procurement-office?year=2026","1743","0","0"
"1791034425669","2270","MEASURED - Procurement dashboard FY2026","200","OK","Authenticated users 1-5","text","true","","301168","864","50","50","http://prism.test/procurement-office?year=2026","2266","0","0"
"1791034423957","3983","MEASURED - Procurement dashboard FY2026","200","OK","Authenticated users 1-11","text","true","","301168","864","50","50","http://prism.test/procurement-office?year=2026","3980","0","0"
"1791034422453","5592","MEASURED - Procurement dashboard FY2026","200","OK","Authenticated users 1-2","text","true","","301168","864","50","50","http://prism.test/procurement-office?year=2026","5588","0","0"
"1791034426019","2033","MEASURED - Procurement dashboard FY2026","200","OK","Authenticated users 1-29","text","true","","301168","864","50","50","http://prism.test/procurement-office?year=2026","2029","0","0"
"1791034425213","3071","MEASURED - Procurement dashboard FY2026","200","OK","Authenticated users 1-10","text","true","","301168","864","50","50","http://prism.test/procurement-office?year=2026","3066","0","0"
"1791034424336","3995","MEASURED - Procurement dashboard FY2026","200","OK","Authenticated users 1-20","text","true","","301168","864","50","50","http://prism.test/procurement-office?year=2026","3980","0","0"
"1791034424995","3519","MEASURED - Procurement dashboard FY2026","200","OK","Authenticated users 1-35","text","true","","301168","864","50","50","http://prism.test/procurement-office?year=2026","3518","0","0"
"1791034423159","5371","MEASURED - Procurement dashboard FY2026","200","OK","Authenticated users 1-13","text","true","","301168","864","50","50","http://prism.test/procurement-office?year=2026","5368","0","0"
"1791034423888","4654","MEASURED - Procurement dashboard FY2026","200","OK","Authenticated users 1-37","text","true","","301168","864","50","50","http://prism.test/procurement-office?year=2026","4651","0","0"
"1791034424902","3673","MEASURED - Procurement dashboard FY2026","200","OK","Authenticated users 1-50","text","true","","301168","864","50","50","http://prism.test/procurement-office?year=2026","3669","0","0"
"1791034426286","2445","MEASURED - Procurement dashboard FY2026","200","OK","Authenticated users 1-33","text","true","","301168","864","50","50","http://prism.test/procurement-office?year=2026","2442","0","0"
"1791034425030","3731","MEASURED - Procurement dashboard FY2026","200","OK","Authenticated users 1-45","text","true","","301168","864","50","50","http://prism.test/procurement-office?year=2026","3728","0","0"
"1791034423618","5157","MEASURED - Procurement dashboard FY2026","200","OK","Authenticated users 1-15","text","true","","301169","864","50","50","http://prism.test/procurement-office?year=2026","5153","0","1"
"1791034425720","3057","MEASURED - Procurement dashboard FY2026","200","OK","Authenticated users 1-41","text","true","","301168","864","50","50","http://prism.test/procurement-office?year=2026","3053","0","0"
"1791034425307","3591","MEASURED - Procurement dashboard FY2026","200","OK","Authenticated users 1-9","text","true","","301168","864","50","50","http://prism.test/procurement-office?year=2026","3587","0","0"
"1791034419706","9227","MEASURED - Procurement dashboard FY2026","200","OK","Authenticated users 1-6","text","true","","301169","864","50","50","http://prism.test/procurement-office?year=2026","9223","0","1"
"1791034423850","5169","MEASURED - Procurement dashboard FY2026","200","OK","Authenticated users 1-17","text","true","","301168","864","50","50","http://prism.test/procurement-office?year=2026","5166","0","0"
"1791034423622","5427","MEASURED - Procurement dashboard FY2026","200","OK","Authenticated users 1-48","text","true","","301169","864","50","50","http://prism.test/procurement-office?year=2026","5424","0","2"
"1791034423095","6283","MEASURED - Procurement dashboard FY2026","200","OK","Authenticated users 1-12","text","true","","301169","864","50","50","http://prism.test/procurement-office?year=2026","6278","0","2"
"1791034424689","4775","MEASURED - Procurement dashboard FY2026","200","OK","Authenticated users 1-25","text","true","","301169","864","50","50","http://prism.test/procurement-office?year=2026","4772","0","2"
"1791034427062","2499","MEASURED - Procurement dashboard FY2026","200","OK","Authenticated users 1-28","text","true","","301168","864","50","50","http://prism.test/procurement-office?year=2026","2496","0","0"
"1791034422535","7046","MEASURED - Procurement dashboard FY2026","200","OK","Authenticated users 1-42","text","true","","301169","864","50","50","http://prism.test/procurement-office?year=2026","7042","0","3"
"1791034425030","4607","MEASURED - Procurement dashboard FY2026","200","OK","Authenticated users 1-46","text","true","","301168","864","50","50","http://prism.test/procurement-office?year=2026","4604","0","0"
"1791034426429","3422","MEASURED - Procurement dashboard FY2026","200","OK","Authenticated users 1-47","text","true","","301168","864","50","50","http://prism.test/procurement-office?year=2026","3417","0","0"
"1791034427940","1911","MEASURED - Procurement dashboard FY2026","200","OK","Authenticated users 1-4","text","true","","301168","864","50","50","http://prism.test/procurement-office?year=2026","1907","0","0"
"1791034424545","5306","MEASURED - Procurement dashboard FY2026","200","OK","Authenticated users 1-30","text","true","","301169","864","50","50","http://prism.test/procurement-office?year=2026","5301","0","1"
"1791034424929","4930","MEASURED - Procurement dashboard FY2026","200","OK","Authenticated users 1-24","text","true","","301168","864","50","50","http://prism.test/procurement-office?year=2026","4927","0","0"
"1791034426571","3312","MEASURED - Procurement dashboard FY2026","200","OK","Authenticated users 1-40","text","true","","301168","864","50","50","http://prism.test/procurement-office?year=2026","3308","0","0"
"1791034425579","4378","MEASURED - Procurement dashboard FY2026","200","OK","Authenticated users 1-19","text","true","","301169","864","50","50","http://prism.test/procurement-office?year=2026","4377","0","1"
"1791034425814","4155","MEASURED - Procurement dashboard FY2026","200","OK","Authenticated users 1-36","text","true","","301168","864","50","50","http://prism.test/procurement-office?year=2026","4152","0","0"
"1791034425825","4162","MEASURED - Procurement dashboard FY2026","200","OK","Authenticated users 1-18","text","true","","301168","864","50","50","http://prism.test/procurement-office?year=2026","4158","0","0"
"1791034425022","4974","MEASURED - Procurement dashboard FY2026","200","OK","Authenticated users 1-32","text","true","","301169","864","50","50","http://prism.test/procurement-office?year=2026","4970","0","2"
"1791034423587","6412","MEASURED - Procurement dashboard FY2026","200","OK","Authenticated users 1-21","text","true","","301168","864","50","50","http://prism.test/procurement-office?year=2026","6408","0","0"
"1791034427434","2641","MEASURED - Procurement dashboard FY2026","200","OK","Authenticated users 1-23","text","true","","301168","864","50","50","http://prism.test/procurement-office?year=2026","2637","0","0"
"1791034426897","3182","MEASURED - Procurement dashboard FY2026","200","OK","Authenticated users 1-3","text","true","","301168","864","50","50","http://prism.test/procurement-office?year=2026","3177","0","0"
"1791034426008","4234","MEASURED - Procurement dashboard FY2026","200","OK","Authenticated users 1-31","text","true","","301168","864","50","50","http://prism.test/procurement-office?year=2026","4230","0","0"
"1791034423556","6709","MEASURED - Procurement dashboard FY2026","200","OK","Authenticated users 1-16","text","true","","301168","864","50","50","http://prism.test/procurement-office?year=2026","6705","0","0"
"1791034427942","2522","MEASURED - Procurement dashboard FY2026","200","OK","Authenticated users 1-11","text","true","","301168","864","50","50","http://prism.test/procurement-office?year=2026","2519","0","0"
"1791034428048","2523","MEASURED - Procurement dashboard FY2026","500","Internal Server Error","Authenticated users 1-2","text","false","Expected authenticated Procurement Office dashboard and HTTP 200.","13629","864","50","50","http://prism.test/procurement-office?year=2026","2516","0","0"
"1791034427460","3112","MEASURED - Procurement dashboard FY2026","200","OK","Authenticated users 1-39","text","true","","301168","864","50","50","http://prism.test/procurement-office?year=2026","3109","0","0"
"1791034426094","4503","MEASURED - Procurement dashboard FY2026","200","OK","Authenticated users 1-22","text","true","","301168","864","50","50","http://prism.test/procurement-office?year=2026","4501","0","0"
"1791034427439","3333","MEASURED - Procurement dashboard FY2026","200","OK","Authenticated users 1-26","text","true","","301168","864","50","50","http://prism.test/procurement-office?year=2026","3330","0","0"
"1791034427936","2882","MEASURED - Procurement dashboard FY2026","500","Internal Server Error","Authenticated users 1-1","text","false","Expected authenticated Procurement Office dashboard and HTTP 200.","13629","864","50","50","http://prism.test/procurement-office?year=2026","2875","0","0"
"1791034427941","2942","MEASURED - Procurement dashboard FY2026","200","OK","Authenticated users 1-5","text","true","","301168","864","50","50","http://prism.test/procurement-office?year=2026","2939","0","0"
"1791034427940","2961","MEASURED - Procurement dashboard FY2026","200","OK","Authenticated users 1-27","text","true","","301168","864","50","50","http://prism.test/procurement-office?year=2026","2961","0","0"
"1791034427480","3426","MEASURED - Procurement dashboard FY2026","200","OK","Authenticated users 1-44","text","true","","301168","864","50","50","http://prism.test/procurement-office?year=2026","3422","0","0"
"1791034428763","2173","MEASURED - Procurement dashboard FY2026","200","OK","Authenticated users 1-45","text","true","","301168","864","50","50","http://prism.test/procurement-office?year=2026","2170","0","0"
"1791034428532","2764","MEASURED - Procurement dashboard FY2026","200","OK","Authenticated users 1-13","text","true","","301168","864","50","50","http://prism.test/procurement-office?year=2026","2760","0","0"
"1791034430081","1348","MEASURED - Procurement dashboard FY2026","200","OK","Authenticated users 1-3","text","true","","301168","864","50","50","http://prism.test/procurement-office?year=2026","1345","0","0"
"1791034428516","3010","MEASURED - Procurement dashboard FY2026","200","OK","Authenticated users 1-35","text","true","","301168","864","50","50","http://prism.test/procurement-office?year=2026","3007","0","0"
"1791034426897","4718","MEASURED - Procurement dashboard FY2026","200","OK","Authenticated users 1-34","text","true","","301168","864","50","50","http://prism.test/procurement-office?year=2026","4715","0","0"
"1791034428936","2809","MEASURED - Procurement dashboard FY2026","200","OK","Authenticated users 1-6","text","true","","301168","864","50","50","http://prism.test/procurement-office?year=2026","2805","0","0"
"1791034427425","4343","MEASURED - Procurement dashboard FY2026","200","OK","Authenticated users 1-49","text","true","","301168","864","50","50","http://prism.test/procurement-office?year=2026","4340","0","0"
"1791034428287","3551","MEASURED - Procurement dashboard FY2026","200","OK","Authenticated users 1-10","text","true","","301168","864","50","50","http://prism.test/procurement-office?year=2026","3548","0","0"
"1791034428733","3143","MEASURED - Procurement dashboard FY2026","200","OK","Authenticated users 1-33","text","true","","301168","864","50","50","http://prism.test/procurement-office?year=2026","3140","0","0"
"1791034427936","3941","MEASURED - Procurement dashboard FY2026","200","OK","Authenticated users 1-38","text","true","","301168","864","50","50","http://prism.test/procurement-office?year=2026","3937","0","0"
"1791034429021","2863","MEASURED - Procurement dashboard FY2026","200","OK","Authenticated users 1-17","text","true","","301168","864","50","50","http://prism.test/procurement-office?year=2026","2860","0","0"
"1791034429990","2099","MEASURED - Procurement dashboard FY2026","200","OK","Authenticated users 1-18","text","true","","301168","864","50","50","http://prism.test/procurement-office?year=2026","2097","0","0"
"1791034429052","3305","MEASURED - Procurement dashboard FY2026","200","OK","Authenticated users 1-48","text","true","","301168","864","50","50","http://prism.test/procurement-office?year=2026","3301","0","0"
"1791034427529","4905","MEASURED - Procurement dashboard FY2026","200","OK","Authenticated users 1-43","text","true","","301168","864","50","50","http://prism.test/procurement-office?year=2026","4901","0","0"
"1791034428054","4387","MEASURED - Procurement dashboard FY2026","200","OK","Authenticated users 1-29","text","true","","301168","864","50","50","http://prism.test/procurement-office?year=2026","4384","0","0"
"1791034429853","2893","MEASURED - Procurement dashboard FY2026","200","OK","Authenticated users 1-47","text","true","","301168","864","50","50","http://prism.test/procurement-office?year=2026","2890","0","0"
"1791034430575","2188","MEASURED - Procurement dashboard FY2026","200","OK","Authenticated users 1-39","text","true","","301168","864","50","50","http://prism.test/procurement-office?year=2026","2184","0","0"
"1791034428577","4301","MEASURED - Procurement dashboard FY2026","200","OK","Authenticated users 1-50","text","true","","301168","864","50","50","http://prism.test/procurement-office?year=2026","4298","0","0"
"1791034427513","5385","MEASURED - Procurement dashboard FY2026","200","OK","Authenticated users 1-8","text","true","","301168","864","50","50","http://prism.test/procurement-office?year=2026","5382","0","0"
"1791034430599","2667","MEASURED - Procurement dashboard FY2026","200","OK","Authenticated users 1-22","text","true","","301168","864","50","50","http://prism.test/procurement-office?year=2026","2663","0","0"
"1791034429959","3308","MEASURED - Procurement dashboard FY2026","200","OK","Authenticated users 1-19","text","true","","301168","864","50","50","http://prism.test/procurement-office?year=2026","3301","0","0"
"1791034429972","3295","MEASURED - Procurement dashboard FY2026","200","OK","Authenticated users 1-36","text","true","","301168","864","50","50","http://prism.test/procurement-office?year=2026","3295","0","0"
"1791034429380","3892","MEASURED - Procurement dashboard FY2026","200","OK","Authenticated users 1-12","text","true","","301168","864","50","50","http://prism.test/procurement-office?year=2026","3884","0","0"
"1791034428901","4375","MEASURED - Procurement dashboard FY2026","200","OK","Authenticated users 1-9","text","true","","301168","864","50","50","http://prism.test/procurement-office?year=2026","4371","0","0"
"1791034428777","4502","MEASURED - Procurement dashboard FY2026","200","OK","Authenticated users 1-15","text","true","","301168","864","50","50","http://prism.test/procurement-office?year=2026","4502","0","0"
"1791034428544","4739","MEASURED - Procurement dashboard FY2026","200","OK","Authenticated users 1-37","text","true","","301168","864","50","50","http://prism.test/procurement-office?year=2026","4736","0","0"
"1791034429564","3754","MEASURED - Procurement dashboard FY2026","200","OK","Authenticated users 1-28","text","true","","301168","864","50","50","http://prism.test/procurement-office?year=2026","3751","0","0"
"1791034430469","2891","MEASURED - Procurement dashboard FY2026","200","OK","Authenticated users 1-11","text","true","","301168","864","50","50","http://prism.test/procurement-office?year=2026","2887","0","0"
"1791034430909","2473","MEASURED - Procurement dashboard FY2026","200","OK","Authenticated users 1-44","text","true","","301168","864","50","50","http://prism.test/procurement-office?year=2026","2470","0","0"
"1791034429998","3384","MEASURED - Procurement dashboard FY2026","200","OK","Authenticated users 1-32","text","true","","301168","864","50","50","http://prism.test/procurement-office?year=2026","3380","0","0"
"1791034428779","4621","MEASURED - Procurement dashboard FY2026","200","OK","Authenticated users 1-41","text","true","","301168","864","50","50","http://prism.test/procurement-office?year=2026","4618","0","0"
"1791034430002","3454","MEASURED - Procurement dashboard FY2026","200","OK","Authenticated users 1-21","text","true","","301168","864","50","50","http://prism.test/procurement-office?year=2026","3451","0","0"
"1791034430904","2569","MEASURED - Procurement dashboard FY2026","200","OK","Authenticated users 1-27","text","true","","301168","864","50","50","http://prism.test/procurement-office?year=2026","2566","0","0"
"1791034430282","3301","MEASURED - Procurement dashboard FY2026","200","OK","Authenticated users 1-16","text","true","","301168","864","50","50","http://prism.test/procurement-office?year=2026","3298","0","0"
"1791034429583","4017","MEASURED - Procurement dashboard FY2026","200","OK","Authenticated users 1-42","text","true","","301168","864","50","50","http://prism.test/procurement-office?year=2026","4013","0","0"
"1791034429885","3769","MEASURED - Procurement dashboard FY2026","200","OK","Authenticated users 1-40","text","true","","301168","864","50","50","http://prism.test/procurement-office?year=2026","3766","0","0"
"1791034430078","3764","MEASURED - Procurement dashboard FY2026","200","OK","Authenticated users 1-23","text","true","","301168","864","50","50","http://prism.test/procurement-office?year=2026","3760","0","0"
"1791034430775","3115","MEASURED - Procurement dashboard FY2026","200","OK","Authenticated users 1-26","text","true","","301168","864","50","50","http://prism.test/procurement-office?year=2026","3111","0","0"
"1791034431617","2274","MEASURED - Procurement dashboard FY2026","200","OK","Authenticated users 1-34","text","true","","301168","864","50","50","http://prism.test/procurement-office?year=2026","2270","0","0"
"1791034428333","5964","MEASURED - Procurement dashboard FY2026","200","OK","Authenticated users 1-20","text","true","","301168","864","50","50","http://prism.test/procurement-office?year=2026","5962","0","0"
"1791034429853","4451","MEASURED - Procurement dashboard FY2026","200","OK","Authenticated users 1-30","text","true","","301168","864","50","50","http://prism.test/procurement-office?year=2026","4448","0","0"
"1791034429467","4844","MEASURED - Procurement dashboard FY2026","200","OK","Authenticated users 1-25","text","true","","301168","864","50","50","http://prism.test/procurement-office?year=2026","4841","0","0"
"1791034431747","2620","MEASURED - Procurement dashboard FY2026","200","OK","Authenticated users 1-6","text","true","","301168","864","50","50","http://prism.test/procurement-office?year=2026","2616","0","0"
"1791034430244","4304","MEASURED - Procurement dashboard FY2026","200","OK","Authenticated users 1-31","text","true","","301168","864","50","50","http://prism.test/procurement-office?year=2026","4304","0","0"
"1791034431298","3262","MEASURED - Procurement dashboard FY2026","200","OK","Authenticated users 1-13","text","true","","301168","864","50","50","http://prism.test/procurement-office?year=2026","3260","0","0"
"1791034432360","2437","MEASURED - Procurement dashboard FY2026","200","OK","Authenticated users 1-48","text","true","","301168","864","50","50","http://prism.test/procurement-office?year=2026","2434","0","0"
"1791034432092","2803","MEASURED - Procurement dashboard FY2026","200","OK","Authenticated users 1-18","text","true","","301168","864","50","50","http://prism.test/procurement-office?year=2026","2800","0","0"
"1791034429639","5263","MEASURED - Procurement dashboard FY2026","200","OK","Authenticated users 1-46","text","true","","301168","864","50","50","http://prism.test/procurement-office?year=2026","5259","0","0"
"1791034431841","3102","MEASURED - Procurement dashboard FY2026","200","OK","Authenticated users 1-10","text","true","","301168","864","50","50","http://prism.test/procurement-office?year=2026","3098","0","0"
"1791034430819","4142","MEASURED - Procurement dashboard FY2026","200","OK","Authenticated users 1-1","text","true","","301169","864","50","50","http://prism.test/procurement-office?year=2026","4139","0","1"
"1791034429853","5148","MEASURED - Procurement dashboard FY2026","200","OK","Authenticated users 1-4","text","true","","301168","864","50","50","http://prism.test/procurement-office?year=2026","5145","0","0"
"1791034426558","8479","MEASURED - Procurement dashboard FY2026","200","OK","Authenticated users 1-14","text","true","","301169","864","50","50","http://prism.test/procurement-office?year=2026","8476","0","2"
"1791034429862","5257","MEASURED - Procurement dashboard FY2026","200","OK","Authenticated users 1-24","text","true","","301168","864","50","50","http://prism.test/procurement-office?year=2026","5254","0","0"
"1791034431528","3735","MEASURED - Procurement dashboard FY2026","200","OK","Authenticated users 1-35","text","true","","301168","864","50","50","http://prism.test/procurement-office?year=2026","3732","0","0"
"1791034427472","8040","MEASURED - Procurement dashboard FY2026","200","OK","Authenticated users 1-7","text","true","","301169","864","50","50","http://prism.test/procurement-office?year=2026","8030","0","2"
"1791034431879","3655","MEASURED - Procurement dashboard FY2026","200","OK","Authenticated users 1-38","text","true","","301168","864","50","50","http://prism.test/procurement-office?year=2026","3652","0","0"
"1791034430939","4597","MEASURED - Procurement dashboard FY2026","200","OK","Authenticated users 1-45","text","true","","301168","864","50","50","http://prism.test/procurement-office?year=2026","4594","0","0"
"1791034431432","4367","MEASURED - Procurement dashboard FY2026","200","OK","Authenticated users 1-3","text","true","","301168","864","50","50","http://prism.test/procurement-office?year=2026","4364","0","0"
"1791034433384","2436","MEASURED - Procurement dashboard FY2026","200","OK","Authenticated users 1-44","text","true","","301168","864","50","50","http://prism.test/procurement-office?year=2026","2432","0","0"
"1791034431770","4116","MEASURED - Procurement dashboard FY2026","200","OK","Authenticated users 1-49","text","true","","301168","864","50","50","http://prism.test/procurement-office?year=2026","4113","0","0"
"1791034430885","5170","MEASURED - Procurement dashboard FY2026","200","OK","Authenticated users 1-5","text","true","","301168","864","50","50","http://prism.test/procurement-office?year=2026","5166","0","0"
"1791034431887","4168","MEASURED - Procurement dashboard FY2026","200","OK","Authenticated users 1-17","text","true","","301168","864","50","50","http://prism.test/procurement-office?year=2026","4164","0","0"
"1791034433320","2744","MEASURED - Procurement dashboard FY2026","200","OK","Authenticated users 1-28","text","true","","301168","864","50","50","http://prism.test/procurement-office?year=2026","2740","0","0"
"1791034430573","5540","MEASURED - Procurement dashboard FY2026","200","OK","Authenticated users 1-2","text","true","","301169","864","50","50","http://prism.test/procurement-office?year=2026","5524","0","2"
"1791034434313","2091","MEASURED - Procurement dashboard FY2026","200","OK","Authenticated users 1-25","text","true","","301168","864","50","50","http://prism.test/procurement-office?year=2026","2087","0","0"
"1791034432881","3534","MEASURED - Procurement dashboard FY2026","200","OK","Authenticated users 1-50","text","true","","301168","864","50","50","http://prism.test/procurement-office?year=2026","3528","0","0"
"1791034432436","3979","MEASURED - Procurement dashboard FY2026","200","OK","Authenticated users 1-43","text","true","","301168","864","50","50","http://prism.test/procurement-office?year=2026","3973","0","0"
"1791034432901","3517","MEASURED - Procurement dashboard FY2026","200","OK","Authenticated users 1-8","text","true","","301168","864","50","50","http://prism.test/procurement-office?year=2026","3510","0","0"
"1791034433458","2962","MEASURED - Procurement dashboard FY2026","200","OK","Authenticated users 1-21","text","true","","301168","864","50","50","http://prism.test/procurement-office?year=2026","2953","0","0"
"1791034433274","3190","MEASURED - Procurement dashboard FY2026","200","OK","Authenticated users 1-12","text","true","","301168","864","50","50","http://prism.test/procurement-office?year=2026","3186","0","0"
"1791034432748","3734","MEASURED - Procurement dashboard FY2026","200","OK","Authenticated users 1-47","text","true","","301168","864","50","50","http://prism.test/procurement-office?year=2026","3730","0","0"
"1791034434307","2437","MEASURED - Procurement dashboard FY2026","500","Internal Server Error","Authenticated users 1-30","text","false","Expected authenticated Procurement Office dashboard and HTTP 200.","13629","864","50","50","http://prism.test/procurement-office?year=2026","2432","0","0"
"1791034433844","2916","MEASURED - Procurement dashboard FY2026","200","OK","Authenticated users 1-23","text","true","","301168","864","50","50","http://prism.test/procurement-office?year=2026","2909","0","0"
"1791034433282","3778","MEASURED - Procurement dashboard FY2026","200","OK","Authenticated users 1-15","text","true","","301168","864","50","50","http://prism.test/procurement-office?year=2026","3775","0","0"
"1791034433269","4021","MEASURED - Procurement dashboard FY2026","200","OK","Authenticated users 1-22","text","true","","301168","864","50","50","http://prism.test/procurement-office?year=2026","4017","0","0"
"1791034434550","3119","MEASURED - Procurement dashboard FY2026","200","OK","Authenticated users 1-31","text","true","","301168","864","50","50","http://prism.test/procurement-office?year=2026","3116","0","0"
"1791034433402","4269","MEASURED - Procurement dashboard FY2026","200","OK","Authenticated users 1-41","text","true","","301168","864","50","50","http://prism.test/procurement-office?year=2026","4265","0","0"
"1791034434945","2743","MEASURED - Procurement dashboard FY2026","200","OK","Authenticated users 1-10","text","true","","301168","864","50","50","http://prism.test/procurement-office?year=2026","2740","0","0"
"1791034433893","3810","MEASURED - Procurement dashboard FY2026","200","OK","Authenticated users 1-26","text","true","","301168","864","50","50","http://prism.test/procurement-office?year=2026","3806","0","0"
"1791034432444","5268","MEASURED - Procurement dashboard FY2026","200","OK","Authenticated users 1-29","text","true","","301168","864","50","50","http://prism.test/procurement-office?year=2026","5265","0","0"
"1791034434369","3563","MEASURED - Procurement dashboard FY2026","200","OK","Authenticated users 1-6","text","true","","301168","864","50","50","http://prism.test/procurement-office?year=2026","3559","0","0"
"1791034433602","4348","MEASURED - Procurement dashboard FY2026","200","OK","Authenticated users 1-42","text","true","","301168","864","50","50","http://prism.test/procurement-office?year=2026","4345","0","0"
"1791034434562","3389","MEASURED - Procurement dashboard FY2026","200","OK","Authenticated users 1-13","text","true","","301168","864","50","50","http://prism.test/procurement-office?year=2026","3386","0","0"
"1791034435003","3005","MEASURED - Procurement dashboard FY2026","200","OK","Authenticated users 1-4","text","true","","301168","864","50","50","http://prism.test/procurement-office?year=2026","3003","0","0"
"1791034433475","4545","MEASURED - Procurement dashboard FY2026","200","OK","Authenticated users 1-27","text","true","","301168","864","50","50","http://prism.test/procurement-office?year=2026","4540","0","0"
"1791034431879","6151","MEASURED - Procurement dashboard FY2026","200","OK","Authenticated users 1-33","text","true","","301168","864","50","50","http://prism.test/procurement-office?year=2026","6147","0","0"
"1791034435121","2913","MEASURED - Procurement dashboard FY2026","200","OK","Authenticated users 1-24","text","true","","301168","864","50","50","http://prism.test/procurement-office?year=2026","2909","0","0"
"1791034433269","4890","MEASURED - Procurement dashboard FY2026","200","OK","Authenticated users 1-19","text","true","","301168","864","50","50","http://prism.test/procurement-office?year=2026","4882","0","0"
"1791034433269","4903","MEASURED - Procurement dashboard FY2026","200","OK","Authenticated users 1-36","text","true","","301168","864","50","50","http://prism.test/procurement-office?year=2026","4903","0","0"
"1791034433362","4828","MEASURED - Procurement dashboard FY2026","200","OK","Authenticated users 1-11","text","true","","301168","864","50","50","http://prism.test/procurement-office?year=2026","4828","0","0"
"1791034433384","4813","MEASURED - Procurement dashboard FY2026","200","OK","Authenticated users 1-32","text","true","","301168","864","50","50","http://prism.test/procurement-office?year=2026","4809","0","0"
"1791034433585","4620","MEASURED - Procurement dashboard FY2026","200","OK","Authenticated users 1-16","text","true","","301168","864","50","50","http://prism.test/procurement-office?year=2026","4617","0","0"
"1791034432765","5447","MEASURED - Procurement dashboard FY2026","200","OK","Authenticated users 1-39","text","true","","301168","864","50","50","http://prism.test/procurement-office?year=2026","5445","0","0"
"1791034434299","3986","MEASURED - Procurement dashboard FY2026","200","OK","Authenticated users 1-20","text","true","","301168","864","50","50","http://prism.test/procurement-office?year=2026","3986","0","0"
"1791034436115","2170","MEASURED - Procurement dashboard FY2026","200","OK","Authenticated users 1-2","text","true","","301168","864","50","50","http://prism.test/procurement-office?year=2026","2165","0","0"
"1791034433278","5013","MEASURED - Procurement dashboard FY2026","200","OK","Authenticated users 1-9","text","true","","301168","864","50","50","http://prism.test/procurement-office?year=2026","5009","0","0"
"1791034435802","2622","MEASURED - Procurement dashboard FY2026","200","OK","Authenticated users 1-3","text","true","","301168","864","50","50","http://prism.test/procurement-office?year=2026","2618","0","0"
"1791034435824","2666","MEASURED - Procurement dashboard FY2026","200","OK","Authenticated users 1-44","text","true","","301168","864","50","50","http://prism.test/procurement-office?year=2026","2662","0","0"
"1791034436466","2030","MEASURED - Procurement dashboard FY2026","200","OK","Authenticated users 1-12","text","true","","301168","864","50","50","http://prism.test/procurement-office?year=2026","2026","0","0"
"1791034433893","4654","MEASURED - Procurement dashboard FY2026","200","OK","Authenticated users 1-34","text","true","","301168","864","50","50","http://prism.test/procurement-office?year=2026","4651","0","0"
"1791034435538","3165","MEASURED - Procurement dashboard FY2026","200","OK","Authenticated users 1-45","text","true","","301168","864","50","50","http://prism.test/procurement-office?year=2026","3162","0","0"
"1791034433656","5064","MEASURED - Procurement dashboard FY2026","200","OK","Authenticated users 1-40","text","true","","301168","864","50","50","http://prism.test/procurement-office?year=2026","5061","0","0"
"1791034435265","3471","MEASURED - Procurement dashboard FY2026","200","OK","Authenticated users 1-35","text","true","","301168","864","50","50","http://prism.test/procurement-office?year=2026","3468","0","0"
"1791034433285","5582","MEASURED - Procurement dashboard FY2026","200","OK","Authenticated users 1-37","text","true","","301168","864","50","50","http://prism.test/procurement-office?year=2026","5578","0","0"
"1791034435537","3331","MEASURED - Procurement dashboard FY2026","200","OK","Authenticated users 1-38","text","true","","301168","864","50","50","http://prism.test/procurement-office?year=2026","3327","0","0"
"1791034434898","3972","MEASURED - Procurement dashboard FY2026","200","OK","Authenticated users 1-18","text","true","","301168","864","50","50","http://prism.test/procurement-office?year=2026","3968","0","0"
"1791034434799","4196","MEASURED - Procurement dashboard FY2026","200","OK","Authenticated users 1-48","text","true","","301168","864","50","50","http://prism.test/procurement-office?year=2026","4193","0","0"
"1791034436484","2725","MEASURED - Procurement dashboard FY2026","200","OK","Authenticated users 1-47","text","true","","301168","864","50","50","http://prism.test/procurement-office?year=2026","2721","0","0"
"1791034434903","4354","MEASURED - Procurement dashboard FY2026","200","OK","Authenticated users 1-46","text","true","","301168","864","50","50","http://prism.test/procurement-office?year=2026","4351","0","0"
"1791034435889","3645","MEASURED - Procurement dashboard FY2026","200","OK","Authenticated users 1-49","text","true","","301168","864","50","50","http://prism.test/procurement-office?year=2026","3642","0","0"
"1791034435514","4022","MEASURED - Procurement dashboard FY2026","200","OK","Authenticated users 1-7","text","true","","301168","864","50","50","http://prism.test/procurement-office?year=2026","4017","0","0"
"1791034434963","4702","MEASURED - Procurement dashboard FY2026","200","OK","Authenticated users 1-1","text","true","","301168","864","50","50","http://prism.test/procurement-office?year=2026","4699","0","0"
"1791034436406","3292","MEASURED - Procurement dashboard FY2026","200","OK","Authenticated users 1-25","text","true","","301168","864","50","50","http://prism.test/procurement-office?year=2026","3289","0","0"
"1791034436763","2948","MEASURED - Procurement dashboard FY2026","200","OK","Authenticated users 1-23","text","true","","301168","864","50","50","http://prism.test/procurement-office?year=2026","2945","0","0"
"1791034436420","3321","MEASURED - Procurement dashboard FY2026","200","OK","Authenticated users 1-8","text","true","","301168","864","50","50","http://prism.test/procurement-office?year=2026","3319","0","0"
"1791034436418","3401","MEASURED - Procurement dashboard FY2026","200","OK","Authenticated users 1-50","text","true","","301168","864","50","50","http://prism.test/procurement-office?year=2026","3398","0","0"
"1791034437690","2165","MEASURED - Procurement dashboard FY2026","200","OK","Authenticated users 1-10","text","true","","301168","864","50","50","http://prism.test/procurement-office?year=2026","2161","0","0"
"1791034438549","1420","MEASURED - Procurement dashboard FY2026","200","OK","Authenticated users 1-34","text","true","","301168","864","50","50","http://prism.test/procurement-office?year=2026","1409","0","0"
"1791034438293","1720","MEASURED - Procurement dashboard FY2026","200","OK","Authenticated users 1-9","text","true","","301168","864","50","50","http://prism.test/procurement-office?year=2026","1717","0","0"
"1791034438022","2037","MEASURED - Procurement dashboard FY2026","500","Internal Server Error","Authenticated users 1-27","text","false","Expected authenticated Procurement Office dashboard and HTTP 200.","13629","864","50","50","http://prism.test/procurement-office?year=2026","2029","0","0"
"1791034435039","5057","MEASURED - Procurement dashboard FY2026","200","OK","Authenticated users 1-14","text","true","","301168","864","50","50","http://prism.test/procurement-office?year=2026","5053","0","0"
"1791034436057","4063","MEASURED - Procurement dashboard FY2026","200","OK","Authenticated users 1-17","text","true","","301168","864","50","50","http://prism.test/procurement-office?year=2026","4059","0","0"
"1791034437934","2189","MEASURED - Procurement dashboard FY2026","200","OK","Authenticated users 1-6","text","true","","301168","864","50","50","http://prism.test/procurement-office?year=2026","2184","0","0"
"1791034436422","3786","MEASURED - Procurement dashboard FY2026","200","OK","Authenticated users 1-21","text","true","","301168","864","50","50","http://prism.test/procurement-office?year=2026","3783","0","0"
"1791034437063","3218","MEASURED - Procurement dashboard FY2026","200","OK","Authenticated users 1-15","text","true","","301168","864","50","50","http://prism.test/procurement-office?year=2026","3217","0","0"
"1791034437672","2627","MEASURED - Procurement dashboard FY2026","200","OK","Authenticated users 1-41","text","true","","301168","864","50","50","http://prism.test/procurement-office?year=2026","2624","0","0"
"1791034437672","2851","MEASURED - Procurement dashboard FY2026","200","OK","Authenticated users 1-31","text","true","","301168","864","50","50","http://prism.test/procurement-office?year=2026","2847","0","0"
"1791034437292","3416","MEASURED - Procurement dashboard FY2026","200","OK","Authenticated users 1-22","text","true","","301168","864","50","50","http://prism.test/procurement-office?year=2026","3408","0","0"
"1791034438032","3004","MEASURED - Procurement dashboard FY2026","200","OK","Authenticated users 1-33","text","true","","301168","864","50","50","http://prism.test/procurement-office?year=2026","3001","0","0"
"1791034437952","3182","MEASURED - Procurement dashboard FY2026","200","OK","Authenticated users 1-42","text","true","","301168","864","50","50","http://prism.test/procurement-office?year=2026","3178","0","0"
"1791034436418","5157","MEASURED - Procurement dashboard FY2026","500","Internal Server Error","Authenticated users 1-43","text","false","Expected authenticated Procurement Office dashboard and HTTP 200.","13629","864","50","50","http://prism.test/procurement-office?year=2026","5147","0","0"
"1791034437705","4029","MEASURED - Procurement dashboard FY2026","200","OK","Authenticated users 1-26","text","true","","301168","864","50","50","http://prism.test/procurement-office?year=2026","4024","0","0"
"1791034438199","3584","MEASURED - Procurement dashboard FY2026","200","OK","Authenticated users 1-32","text","true","","301168","864","50","50","http://prism.test/procurement-office?year=2026","3581","0","0"
"1791034436066","6180","MEASURED - Procurement dashboard FY2026","200","OK","Authenticated users 1-28","text","true","","301168","864","50","50","http://prism.test/procurement-office?year=2026","6179","0","0"
"1791034438010","4236","MEASURED - Procurement dashboard FY2026","200","OK","Authenticated users 1-4","text","true","","301168","864","50","50","http://prism.test/procurement-office?year=2026","4235","0","0"
"1791034438869","3381","MEASURED - Procurement dashboard FY2026","200","OK","Authenticated users 1-37","text","true","","301168","864","50","50","http://prism.test/procurement-office?year=2026","3376","0","0"
"1791034438192","4121","MEASURED - Procurement dashboard FY2026","200","OK","Authenticated users 1-11","text","true","","301168","864","50","50","http://prism.test/procurement-office?year=2026","4117","0","0"
"1791034436057","6256","MEASURED - Procurement dashboard FY2026","200","OK","Authenticated users 1-5","text","true","","301168","864","50","50","http://prism.test/procurement-office?year=2026","6251","0","0"
"1791034438706","3695","MEASURED - Procurement dashboard FY2026","200","OK","Authenticated users 1-45","text","true","","301168","864","50","50","http://prism.test/procurement-office?year=2026","3691","0","0"
"1791034438738","3761","MEASURED - Procurement dashboard FY2026","200","OK","Authenticated users 1-35","text","true","","301168","864","50","50","http://prism.test/procurement-office?year=2026","3753","0","0"
"1791034438498","4100","MEASURED - Procurement dashboard FY2026","200","OK","Authenticated users 1-12","text","true","","301168","864","50","50","http://prism.test/procurement-office?year=2026","4096","0","0"
"1791034439211","3413","MEASURED - Procurement dashboard FY2026","200","OK","Authenticated users 1-47","text","true","","301168","864","50","50","http://prism.test/procurement-office?year=2026","3408","0","0"
"1791034438287","4352","MEASURED - Procurement dashboard FY2026","200","OK","Authenticated users 1-2","text","true","","301168","864","50","50","http://prism.test/procurement-office?year=2026","4349","0","0"
"1791034438870","3779","MEASURED - Procurement dashboard FY2026","200","OK","Authenticated users 1-38","text","true","","301168","864","50","50","http://prism.test/procurement-office?year=2026","3775","0","0"
"1791034438208","4573","MEASURED - Procurement dashboard FY2026","200","OK","Authenticated users 1-16","text","true","","301168","864","50","50","http://prism.test/procurement-office?year=2026","4570","0","0"
"1791034439714","3116","MEASURED - Procurement dashboard FY2026","200","OK","Authenticated users 1-23","text","true","","301168","864","50","50","http://prism.test/procurement-office?year=2026","3112","0","0"
"1791034439857","3128","MEASURED - Procurement dashboard FY2026","200","OK","Authenticated users 1-10","text","true","","301168","864","50","50","http://prism.test/procurement-office?year=2026","3125","0","0"
"1791034441785","1284","MEASURED - Procurement dashboard FY2026","200","OK","Authenticated users 1-32","text","true","","301168","864","50","50","http://prism.test/procurement-office?year=2026","1280","0","0"
"1791034439668","3745","MEASURED - Procurement dashboard FY2026","200","OK","Authenticated users 1-1","text","true","","301168","864","50","50","http://prism.test/procurement-office?year=2026","3742","0","0"
"1791034438214","5242","MEASURED - Procurement dashboard FY2026","200","OK","Authenticated users 1-39","text","true","","301168","864","50","50","http://prism.test/procurement-office?year=2026","5239","0","0"
"1791034439260","4440","MEASURED - Procurement dashboard FY2026","200","OK","Authenticated users 1-46","text","true","","301168","864","50","50","http://prism.test/procurement-office?year=2026","4436","0","0"
"1791034437953","5747","MEASURED - Procurement dashboard FY2026","200","OK","Authenticated users 1-13","text","true","","301168","864","50","50","http://prism.test/procurement-office?year=2026","5743","0","0"
"1791034438426","5274","MEASURED - Procurement dashboard FY2026","200","OK","Authenticated users 1-3","text","true","","301168","864","50","50","http://prism.test/procurement-office?year=2026","5271","0","0"
"1791034437715","6024","MEASURED - Procurement dashboard FY2026","200","OK","Authenticated users 1-29","text","true","","301168","864","50","50","http://prism.test/procurement-office?year=2026","6019","0","0"
"1791034438997","4776","MEASURED - Procurement dashboard FY2026","200","OK","Authenticated users 1-48","text","true","","301168","864","50","50","http://prism.test/procurement-office?year=2026","4773","0","0"
"1791034438287","5578","MEASURED - Procurement dashboard FY2026","200","OK","Authenticated users 1-20","text","true","","301168","864","50","50","http://prism.test/procurement-office?year=2026","5574","0","0"
"1791034438872","5012","MEASURED - Procurement dashboard FY2026","200","OK","Authenticated users 1-18","text","true","","301168","864","50","50","http://prism.test/procurement-office?year=2026","5008","0","0"
"1791034436745","7140","MEASURED - Procurement dashboard FY2026","200","OK","Authenticated users 1-30","text","true","","301169","864","50","50","http://prism.test/procurement-office?year=2026","7135","0","3"
"1791034439822","4128","MEASURED - Procurement dashboard FY2026","200","OK","Authenticated users 1-50","text","true","","301168","864","50","50","http://prism.test/procurement-office?year=2026","4124","0","0"
"1791034438036","6024","MEASURED - Procurement dashboard FY2026","200","OK","Authenticated users 1-24","text","true","","301168","864","50","50","http://prism.test/procurement-office?year=2026","6020","0","0"
"1791034441039","3152","MEASURED - Procurement dashboard FY2026","200","OK","Authenticated users 1-33","text","true","","301168","864","50","50","http://prism.test/procurement-office?year=2026","3148","0","0"
"1791034440098","4093","MEASURED - Procurement dashboard FY2026","200","OK","Authenticated users 1-14","text","true","","301168","864","50","50","http://prism.test/procurement-office?year=2026","4089","0","0"
"1791034440524","3801","MEASURED - Procurement dashboard FY2026","200","OK","Authenticated users 1-31","text","true","","301168","864","50","50","http://prism.test/procurement-office?year=2026","3799","0","0"
"1791034438161","6164","MEASURED - Procurement dashboard FY2026","200","OK","Authenticated users 1-19","text","true","","301168","864","50","50","http://prism.test/procurement-office?year=2026","6161","0","0"
"1791034439701","4627","MEASURED - Procurement dashboard FY2026","200","OK","Authenticated users 1-25","text","true","","301168","864","50","50","http://prism.test/procurement-office?year=2026","4623","0","0"
"1791034439977","4378","MEASURED - Procurement dashboard FY2026","200","OK","Authenticated users 1-34","text","true","","301168","864","50","50","http://prism.test/procurement-office?year=2026","4374","0","0"
"1791034440710","3745","MEASURED - Procurement dashboard FY2026","200","OK","Authenticated users 1-22","text","true","","301168","864","50","50","http://prism.test/procurement-office?year=2026","3740","0","0"
"1791034441737","2733","MEASURED - Procurement dashboard FY2026","200","OK","Authenticated users 1-26","text","true","","301168","864","50","50","http://prism.test/procurement-office?year=2026","2730","0","0"
"1791034442641","1905","MEASURED - Procurement dashboard FY2026","200","OK","Authenticated users 1-2","text","true","","301168","864","50","50","http://prism.test/procurement-office?year=2026","1902","0","0"
"1791034438492","6080","MEASURED - Procurement dashboard FY2026","200","OK","Authenticated users 1-44","text","true","","301168","864","50","50","http://prism.test/procurement-office?year=2026","6078","0","0"
"1791034438174","6400","MEASURED - Procurement dashboard FY2026","200","OK","Authenticated users 1-36","text","true","","301168","864","50","50","http://prism.test/procurement-office?year=2026","6397","0","0"
"1791034442784","1814","MEASURED - Procurement dashboard FY2026","200","OK","Authenticated users 1-16","text","true","","301168","864","50","50","http://prism.test/procurement-office?year=2026","1811","0","0"
"1791034439537","5318","MEASURED - Procurement dashboard FY2026","200","OK","Authenticated users 1-49","text","true","","301168","864","50","50","http://prism.test/procurement-office?year=2026","5313","0","0"
"1791034439744","5112","MEASURED - Procurement dashboard FY2026","200","OK","Authenticated users 1-8","text","true","","301168","864","50","50","http://prism.test/procurement-office?year=2026","5109","0","0"
"1791034439538","5410","MEASURED - Procurement dashboard FY2026","200","OK","Authenticated users 1-7","text","true","","301168","864","50","50","http://prism.test/procurement-office?year=2026","5406","0","0"
"1791034438723","6316","MEASURED - Procurement dashboard FY2026","200","OK","Authenticated users 1-40","text","true","","301168","864","50","50","http://prism.test/procurement-office?year=2026","6313","0","0"
"1791034440284","5003","MEASURED - Procurement dashboard FY2026","200","OK","Authenticated users 1-15","text","true","","301168","864","50","50","http://prism.test/procurement-office?year=2026","5000","0","0"
"1791034440024","5283","MEASURED - Procurement dashboard FY2026","200","OK","Authenticated users 1-9","text","true","","301168","864","50","50","http://prism.test/procurement-office?year=2026","5279","0","0"
"1791034442251","3059","MEASURED - Procurement dashboard FY2026","200","OK","Authenticated users 1-37","text","true","","301168","864","50","50","http://prism.test/procurement-office?year=2026","3054","0","0"
"1791034442651","2676","MEASURED - Procurement dashboard FY2026","200","OK","Authenticated users 1-38","text","true","","301168","864","50","50","http://prism.test/procurement-office?year=2026","2673","0","0"
"1791034444328","1008","MEASURED - Procurement dashboard FY2026","200","OK","Authenticated users 1-31","text","true","","301168","864","50","50","http://prism.test/procurement-office?year=2026","1005","0","0"
"1791034440210","5213","MEASURED - Procurement dashboard FY2026","200","OK","Authenticated users 1-21","text","true","","301168","864","50","50","http://prism.test/procurement-office?year=2026","5209","0","0"
"1791034440301","5260","MEASURED - Procurement dashboard FY2026","200","OK","Authenticated users 1-41","text","true","","301168","864","50","50","http://prism.test/procurement-office?year=2026","5248","0","0"
"1791034442626","3013","MEASURED - Procurement dashboard FY2026","200","OK","Authenticated users 1-47","text","true","","301168","864","50","50","http://prism.test/procurement-office?year=2026","3010","0","0"
"1791034441137","4679","MEASURED - Procurement dashboard FY2026","200","OK","Authenticated users 1-42","text","true","","301168","864","50","50","http://prism.test/procurement-office?year=2026","4676","0","0"
"1791034442250","3618","MEASURED - Procurement dashboard FY2026","200","OK","Authenticated users 1-28","text","true","","301168","864","50","50","http://prism.test/procurement-office?year=2026","3614","0","0"
"1791034440125","5863","MEASURED - Procurement dashboard FY2026","200","OK","Authenticated users 1-6","text","true","","301168","864","50","50","http://prism.test/procurement-office?year=2026","5859","0","0"
"1791034443702","2581","MEASURED - Procurement dashboard FY2026","500","Internal Server Error","Authenticated users 1-13","text","false","Expected authenticated Procurement Office dashboard and HTTP 200.","13629","864","50","50","http://prism.test/procurement-office?year=2026","2574","0","0"
"1791034442404","4099","MEASURED - Procurement dashboard FY2026","200","OK","Authenticated users 1-45","text","true","","301168","864","50","50","http://prism.test/procurement-office?year=2026","4094","0","0"
"1791034442502","4110","MEASURED - Procurement dashboard FY2026","200","OK","Authenticated users 1-35","text","true","","301168","864","50","50","http://prism.test/procurement-office?year=2026","4107","0","0"
"1791034443952","2683","MEASURED - Procurement dashboard FY2026","200","OK","Authenticated users 1-50","text","true","","301168","864","50","50","http://prism.test/procurement-office?year=2026","2679","0","0"
"1791034440123","6547","MEASURED - Procurement dashboard FY2026","200","OK","Authenticated users 1-17","text","true","","301168","864","50","50","http://prism.test/procurement-office?year=2026","6543","0","0"
"1791034442987","3754","MEASURED - Procurement dashboard FY2026","200","OK","Authenticated users 1-10","text","true","","301168","864","50","50","http://prism.test/procurement-office?year=2026","3751","0","0"
"1791034444193","2607","MEASURED - Procurement dashboard FY2026","200","OK","Authenticated users 1-14","text","true","","301168","864","50","50","http://prism.test/procurement-office?year=2026","2603","0","0"
"1791034443868","2961","MEASURED - Procurement dashboard FY2026","200","OK","Authenticated users 1-20","text","true","","301168","864","50","50","http://prism.test/procurement-office?year=2026","2958","0","0"
"1791034443415","3576","MEASURED - Procurement dashboard FY2026","500","Internal Server Error","Authenticated users 1-1","text","false","Expected authenticated Procurement Office dashboard and HTTP 200.","13629","864","50","50","http://prism.test/procurement-office?year=2026","3561","0","0"
"1791034442833","4225","MEASURED - Procurement dashboard FY2026","200","OK","Authenticated users 1-23","text","true","","301168","864","50","50","http://prism.test/procurement-office?year=2026","4222","0","0"
"1791034442316","4783","MEASURED - Procurement dashboard FY2026","500","Internal Server Error","Authenticated users 1-11","text","false","Expected authenticated Procurement Office dashboard and HTTP 200.","13629","864","50","50","http://prism.test/procurement-office?year=2026","4655","0","0"
"1791034440061","7133","MEASURED - Procurement dashboard FY2026","200","OK","Authenticated users 1-27","text","true","","301169","864","50","50","http://prism.test/procurement-office?year=2026","7128","0","2"
"1791034444193","3049","MEASURED - Procurement dashboard FY2026","200","OK","Authenticated users 1-33","text","true","","301168","864","50","50","http://prism.test/procurement-office?year=2026","3045","0","0"
"1791034442250","5014","MEASURED - Procurement dashboard FY2026","200","OK","Authenticated users 1-4","text","true","","301168","864","50","50","http://prism.test/procurement-office?year=2026","5012","0","0"
"1791034444858","2521","MEASURED - Procurement dashboard FY2026","200","OK","Authenticated users 1-8","text","true","","301168","864","50","50","http://prism.test/procurement-office?year=2026","2518","0","0"
"1791034443459","3949","MEASURED - Procurement dashboard FY2026","500","Internal Server Error","Authenticated users 1-39","text","false","Expected authenticated Procurement Office dashboard and HTTP 200.","13629","864","50","50","http://prism.test/procurement-office?year=2026","3927","0","0"
"1791034444548","2888","MEASURED - Procurement dashboard FY2026","200","OK","Authenticated users 1-2","text","true","","301168","864","50","50","http://prism.test/procurement-office?year=2026","2885","0","0"
"1791034442317","5121","MEASURED - Procurement dashboard FY2026","200","OK","Authenticated users 1-5","text","true","","301168","864","50","50","http://prism.test/procurement-office?year=2026","5116","0","0"
"1791034442600","4838","MEASURED - Procurement dashboard FY2026","200","OK","Authenticated users 1-12","text","true","","301168","864","50","50","http://prism.test/procurement-office?year=2026","4833","0","0"
"1791034444358","3117","MEASURED - Procurement dashboard FY2026","200","OK","Authenticated users 1-34","text","true","","301168","864","50","50","http://prism.test/procurement-office?year=2026","3113","0","0"
"1791034443741","3734","MEASURED - Procurement dashboard FY2026","200","OK","Authenticated users 1-29","text","true","","301168","864","50","50","http://prism.test/procurement-office?year=2026","3731","0","0"
"1791034445041","2748","MEASURED - Procurement dashboard FY2026","200","OK","Authenticated users 1-40","text","true","","301168","864","50","50","http://prism.test/procurement-office?year=2026","2745","0","0"
"1791034443888","4061","MEASURED - Procurement dashboard FY2026","200","OK","Authenticated users 1-30","text","true","","301168","864","50","50","http://prism.test/procurement-office?year=2026","4057","0","0"
"1791034443702","4255","MEASURED - Procurement dashboard FY2026","200","OK","Authenticated users 1-3","text","true","","301168","864","50","50","http://prism.test/procurement-office?year=2026","4251","0","0"
"1791034444328","3630","MEASURED - Procurement dashboard FY2026","200","OK","Authenticated users 1-19","text","true","","301168","864","50","50","http://prism.test/procurement-office?year=2026","3626","0","0"
"1791034443775","4335","MEASURED - Procurement dashboard FY2026","200","OK","Authenticated users 1-48","text","true","","301168","864","50","50","http://prism.test/procurement-office?year=2026","4332","0","0"
"1791034445309","2806","MEASURED - Procurement dashboard FY2026","200","OK","Authenticated users 1-9","text","true","","301168","864","50","50","http://prism.test/procurement-office?year=2026","2803","0","0"
"1791034445641","2569","MEASURED - Procurement dashboard FY2026","500","Internal Server Error","Authenticated users 1-47","text","false","Expected authenticated Procurement Office dashboard and HTTP 200.","13629","864","50","50","http://prism.test/procurement-office?year=2026","2563","0","0"
"1791034444951","3359","MEASURED - Procurement dashboard FY2026","200","OK","Authenticated users 1-7","text","true","","301168","864","50","50","http://prism.test/procurement-office?year=2026","3354","0","0"
"1791034443887","4521","MEASURED - Procurement dashboard FY2026","200","OK","Authenticated users 1-18","text","true","","301168","864","50","50","http://prism.test/procurement-office?year=2026","4517","0","0"
"1791034443702","4805","MEASURED - Procurement dashboard FY2026","200","OK","Authenticated users 1-46","text","true","","301169","864","50","50","http://prism.test/procurement-office?year=2026","4802","0","2"
"1791034444062","4517","MEASURED - Procurement dashboard FY2026","200","OK","Authenticated users 1-24","text","true","","301169","864","50","50","http://prism.test/procurement-office?year=2026","4514","0","2"
"1791034445312","3306","MEASURED - Procurement dashboard FY2026","200","OK","Authenticated users 1-37","text","true","","301168","864","50","50","http://prism.test/procurement-office?year=2026","3303","0","0"
"1791034443071","5604","MEASURED - Procurement dashboard FY2026","200","OK","Authenticated users 1-32","text","true","","301168","864","50","50","http://prism.test/procurement-office?year=2026","5600","0","0"
"1791034441576","7210","MEASURED - Procurement dashboard FY2026","200","OK","Authenticated users 1-43","text","true","","301169","864","50","50","http://prism.test/procurement-office?year=2026","7209","0","2"
"1791034446673","2162","MEASURED - Procurement dashboard FY2026","500","Internal Server Error","Authenticated users 1-17","text","false","Expected authenticated Procurement Office dashboard and HTTP 200.","13629","864","50","50","http://prism.test/procurement-office?year=2026","2157","0","0"
"1791034446505","2415","MEASURED - Procurement dashboard FY2026","200","OK","Authenticated users 1-45","text","true","","301168","864","50","50","http://prism.test/procurement-office?year=2026","2412","0","0"
"1791034444331","4876","MEASURED - Procurement dashboard FY2026","500","Internal Server Error","Authenticated users 1-25","text","false","Expected authenticated Procurement Office dashboard and HTTP 200.","13629","864","50","50","http://prism.test/procurement-office?year=2026","4641","0","0"
"1791034444576","4679","MEASURED - Procurement dashboard FY2026","200","OK","Authenticated users 1-36","text","true","","301168","864","50","50","http://prism.test/procurement-office?year=2026","4675","0","0"
"1791034444600","4655","MEASURED - Procurement dashboard FY2026","200","OK","Authenticated users 1-16","text","true","","301168","864","50","50","http://prism.test/procurement-office?year=2026","4652","0","0"
"1791034445330","3961","MEASURED - Procurement dashboard FY2026","200","OK","Authenticated users 1-38","text","true","","301168","864","50","50","http://prism.test/procurement-office?year=2026","3957","0","0"
"1791034444858","4491","MEASURED - Procurement dashboard FY2026","200","OK","Authenticated users 1-49","text","true","","301168","864","50","50","http://prism.test/procurement-office?year=2026","4488","0","0"
"1791034445990","3377","MEASURED - Procurement dashboard FY2026","200","OK","Authenticated users 1-6","text","true","","301168","864","50","50","http://prism.test/procurement-office?year=2026","3373","0","0"
"1791034445871","3599","MEASURED - Procurement dashboard FY2026","200","OK","Authenticated users 1-28","text","true","","301168","864","50","50","http://prism.test/procurement-office?year=2026","3596","0","0"
"1791034447439","2151","MEASURED - Procurement dashboard FY2026","200","OK","Authenticated users 1-2","text","true","","301168","864","50","50","http://prism.test/procurement-office?year=2026","2148","0","0"
"1791034444473","5152","MEASURED - Procurement dashboard FY2026","200","OK","Authenticated users 1-26","text","true","","301168","864","50","50","http://prism.test/procurement-office?year=2026","5149","0","0"
"1791034444575","5115","MEASURED - Procurement dashboard FY2026","200","OK","Authenticated users 1-44","text","true","","301168","864","50","50","http://prism.test/procurement-office?year=2026","5111","0","0"
"1791034447792","1897","MEASURED - Procurement dashboard FY2026","200","OK","Authenticated users 1-40","text","true","","301168","864","50","50","http://prism.test/procurement-office?year=2026","1893","0","0"
"1791034445425","4294","MEASURED - Procurement dashboard FY2026","200","OK","Authenticated users 1-21","text","true","","301168","864","50","50","http://prism.test/procurement-office?year=2026","4291","0","0"
"1791034446743","3012","MEASURED - Procurement dashboard FY2026","200","OK","Authenticated users 1-10","text","true","","301168","864","50","50","http://prism.test/procurement-office?year=2026","3008","0","0"
"1791034444457","5311","MEASURED - Procurement dashboard FY2026","200","OK","Authenticated users 1-22","text","true","","301168","864","50","50","http://prism.test/procurement-office?year=2026","5308","0","0"
"1791034446831","3180","MEASURED - Procurement dashboard FY2026","200","OK","Authenticated users 1-20","text","true","","301168","864","50","50","http://prism.test/procurement-office?year=2026","3176","0","0"
"1791034445289","4903","MEASURED - Procurement dashboard FY2026","200","OK","Authenticated users 1-15","text","true","","301168","864","50","50","http://prism.test/procurement-office?year=2026","4899","0","0"
"1791034445338","4854","MEASURED - Procurement dashboard FY2026","200","OK","Authenticated users 1-31","text","true","","301168","864","50","50","http://prism.test/procurement-office?year=2026","4849","0","0"
"1791034447440","3010","MEASURED - Procurement dashboard FY2026","200","OK","Authenticated users 1-5","text","true","","301168","864","50","50","http://prism.test/procurement-office?year=2026","3006","0","0"
"1791034445563","4918","MEASURED - Procurement dashboard FY2026","200","OK","Authenticated users 1-41","text","true","","301168","864","50","50","http://prism.test/procurement-office?year=2026","4914","0","0"
"1791034448582","1905","MEASURED - Procurement dashboard FY2026","200","OK","Authenticated users 1-24","text","true","","301168","864","50","50","http://prism.test/procurement-office?year=2026","1900","0","0"
"1791034446638","3978","MEASURED - Procurement dashboard FY2026","200","OK","Authenticated users 1-50","text","true","","301168","864","50","50","http://prism.test/procurement-office?year=2026","3975","0","0"
"1791034447440","3263","MEASURED - Procurement dashboard FY2026","200","OK","Authenticated users 1-12","text","true","","301168","864","50","50","http://prism.test/procurement-office?year=2026","3260","0","0"
"1791034447477","3332","MEASURED - Procurement dashboard FY2026","200","OK","Authenticated users 1-29","text","true","","301168","864","50","50","http://prism.test/procurement-office?year=2026","3328","0","0"
"1791034446615","4204","MEASURED - Procurement dashboard FY2026","200","OK","Authenticated users 1-35","text","true","","301168","864","50","50","http://prism.test/procurement-office?year=2026","4201","0","0"
"1791034448510","2350","MEASURED - Procurement dashboard FY2026","200","OK","Authenticated users 1-46","text","true","","301168","864","50","50","http://prism.test/procurement-office?year=2026","2347","0","0"
"1791034447477","3407","MEASURED - Procurement dashboard FY2026","200","OK","Authenticated users 1-34","text","true","","301168","864","50","50","http://prism.test/procurement-office?year=2026","3403","0","0"
"1791034447196","3890","MEASURED - Procurement dashboard FY2026","200","OK","Authenticated users 1-27","text","true","","301168","864","50","50","http://prism.test/procurement-office?year=2026","3887","0","0"
"1791034445820","5310","MEASURED - Procurement dashboard FY2026","200","OK","Authenticated users 1-42","text","true","","301168","864","50","50","http://prism.test/procurement-office?year=2026","5306","0","0"
"1791034448118","3071","MEASURED - Procurement dashboard FY2026","200","OK","Authenticated users 1-9","text","true","","301168","864","50","50","http://prism.test/procurement-office?year=2026","3068","0","0"
"1791034447266","3928","MEASURED - Procurement dashboard FY2026","200","OK","Authenticated users 1-4","text","true","","301168","864","50","50","http://prism.test/procurement-office?year=2026","3910","0","0"
"1791034447244","3981","MEASURED - Procurement dashboard FY2026","200","OK","Authenticated users 1-33","text","true","","301168","864","50","50","http://prism.test/procurement-office?year=2026","3978","0","0"
"1791034446284","4966","MEASURED - Procurement dashboard FY2026","200","OK","Authenticated users 1-13","text","true","","301169","864","50","50","http://prism.test/procurement-office?year=2026","4961","0","2"
"1791034448312","3173","MEASURED - Procurement dashboard FY2026","200","OK","Authenticated users 1-7","text","true","","301168","864","50","50","http://prism.test/procurement-office?year=2026","3169","0","0"
"1791034447382","4166","MEASURED - Procurement dashboard FY2026","200","OK","Authenticated users 1-8","text","true","","301168","864","50","50","http://prism.test/procurement-office?year=2026","4162","0","0"
"1791034447951","3917","MEASURED - Procurement dashboard FY2026","200","OK","Authenticated users 1-30","text","true","","301168","864","50","50","http://prism.test/procurement-office?year=2026","3913","0","0"
"1791034447960","4024","MEASURED - Procurement dashboard FY2026","200","OK","Authenticated users 1-19","text","true","","301168","864","50","50","http://prism.test/procurement-office?year=2026","4020","0","0"
"1791034449257","2915","MEASURED - Procurement dashboard FY2026","200","OK","Authenticated users 1-16","text","true","","301168","864","50","50","http://prism.test/procurement-office?year=2026","2909","0","0"
"1791034448621","3556","MEASURED - Procurement dashboard FY2026","200","OK","Authenticated users 1-37","text","true","","301168","864","50","50","http://prism.test/procurement-office?year=2026","3552","0","0"
"1791034448112","4067","MEASURED - Procurement dashboard FY2026","200","OK","Authenticated users 1-48","text","true","","301168","864","50","50","http://prism.test/procurement-office?year=2026","4066","0","0"
"1791034447060","5141","MEASURED - Procurement dashboard FY2026","200","OK","Authenticated users 1-23","text","true","","301168","864","50","50","http://prism.test/procurement-office?year=2026","5137","0","0"
"1791034447960","4241","MEASURED - Procurement dashboard FY2026","200","OK","Authenticated users 1-3","text","true","","301168","864","50","50","http://prism.test/procurement-office?year=2026","4237","0","0"
"1791034448410","3813","MEASURED - Procurement dashboard FY2026","200","OK","Authenticated users 1-18","text","true","","301168","864","50","50","http://prism.test/procurement-office?year=2026","3809","0","0"
"1791034448677","3781","MEASURED - Procurement dashboard FY2026","200","OK","Authenticated users 1-32","text","true","","301168","864","50","50","http://prism.test/procurement-office?year=2026","3777","0","0"
"1791034450195","2280","MEASURED - Procurement dashboard FY2026","200","OK","Authenticated users 1-31","text","true","","301168","864","50","50","http://prism.test/procurement-office?year=2026","2277","0","0"
"1791034451088","1388","MEASURED - Procurement dashboard FY2026","200","OK","Authenticated users 1-27","text","true","","301168","864","50","50","http://prism.test/procurement-office?year=2026","1385","0","0"
"1791034450453","2175","MEASURED - Procurement dashboard FY2026","200","OK","Authenticated users 1-5","text","true","","301168","864","50","50","http://prism.test/procurement-office?year=2026","2171","0","0"
"1791034450484","2217","MEASURED - Procurement dashboard FY2026","200","OK","Authenticated users 1-41","text","true","","301168","864","50","50","http://prism.test/procurement-office?year=2026","2213","0","0"
"1791034450195","2535","MEASURED - Procurement dashboard FY2026","200","OK","Authenticated users 1-15","text","true","","301168","864","50","50","http://prism.test/procurement-office?year=2026","2531","0","0"
"1791034448923","3823","MEASURED - Procurement dashboard FY2026","200","OK","Authenticated users 1-45","text","true","","301168","864","50","50","http://prism.test/procurement-office?year=2026","3819","0","0"
"1791034450490","2443","MEASURED - Procurement dashboard FY2026","200","OK","Authenticated users 1-24","text","true","","301168","864","50","50","http://prism.test/procurement-office?year=2026","2439","0","0"
"1791034450706","2402","MEASURED - Procurement dashboard FY2026","200","OK","Authenticated users 1-12","text","true","","301168","864","50","50","http://prism.test/procurement-office?year=2026","2399","0","0"
"1791034447409","5735","MEASURED - Procurement dashboard FY2026","200","OK","Authenticated users 1-39","text","true","","301169","864","50","50","http://prism.test/procurement-office?year=2026","5731","0","2"
"1791034449692","3492","MEASURED - Procurement dashboard FY2026","200","OK","Authenticated users 1-44","text","true","","301169","864","50","50","http://prism.test/procurement-office?year=2026","3487","0","2"
"1791034449592","3618","MEASURED - Procurement dashboard FY2026","200","OK","Authenticated users 1-2","text","true","","301168","864","50","50","http://prism.test/procurement-office?year=2026","3601","0","0"
"1791034446803","6416","MEASURED - Procurement dashboard FY2026","200","OK","Authenticated users 1-14","text","true","","301168","864","50","50","http://prism.test/procurement-office?year=2026","6412","0","0"
"1791034449472","4004","MEASURED - Procurement dashboard FY2026","200","OK","Authenticated users 1-28","text","true","","301168","864","50","50","http://prism.test/procurement-office?year=2026","4001","0","0"
"1791034450619","2871","MEASURED - Procurement dashboard FY2026","200","OK","Authenticated users 1-50","text","true","","301168","864","50","50","http://prism.test/procurement-office?year=2026","2868","0","0"
"1791034449757","4028","MEASURED - Procurement dashboard FY2026","200","OK","Authenticated users 1-10","text","true","","301168","864","50","50","http://prism.test/procurement-office?year=2026","4025","0","0"
"1791034449208","4820","MEASURED - Procurement dashboard FY2026","200","OK","Authenticated users 1-25","text","true","","301169","864","50","50","http://prism.test/procurement-office?year=2026","4817","0","1"
"1791034449293","5006","MEASURED - Procurement dashboard FY2026","200","OK","Authenticated users 1-38","text","true","","301168","864","50","50","http://prism.test/procurement-office?year=2026","5002","0","0"
"1791034451198","3145","MEASURED - Procurement dashboard FY2026","200","OK","Authenticated users 1-4","text","true","","301168","864","50","50","http://prism.test/procurement-office?year=2026","3142","0","0"
"1791034446992","7417","MEASURED - Procurement dashboard FY2026","200","OK","Authenticated users 1-1","text","true","","301169","864","50","50","http://prism.test/procurement-office?year=2026","7413","0","2"
"1791034449369","5040","MEASURED - Procurement dashboard FY2026","200","OK","Authenticated users 1-6","text","true","","301168","864","50","50","http://prism.test/procurement-office?year=2026","5036","0","0"
"1791034449721","4845","MEASURED - Procurement dashboard FY2026","200","OK","Authenticated users 1-21","text","true","","301168","864","50","50","http://prism.test/procurement-office?year=2026","4841","0","0"
"1791034450812","3778","MEASURED - Procurement dashboard FY2026","200","OK","Authenticated users 1-29","text","true","","301168","864","50","50","http://prism.test/procurement-office?year=2026","3775","0","0"
"1791034448211","6675","MEASURED - Procurement dashboard FY2026","200","OK","Authenticated users 1-47","text","true","","301169","864","50","50","http://prism.test/procurement-office?year=2026","6675","0","2"
"1791034449692","5201","MEASURED - Procurement dashboard FY2026","200","OK","Authenticated users 1-40","text","true","","301168","864","50","50","http://prism.test/procurement-office?year=2026","5201","0","0"
"1791034450886","4062","MEASURED - Procurement dashboard FY2026","200","OK","Authenticated users 1-34","text","true","","301168","864","50","50","http://prism.test/procurement-office?year=2026","4059","0","0"
"1791034450013","5116","MEASURED - Procurement dashboard FY2026","200","OK","Authenticated users 1-20","text","true","","301168","864","50","50","http://prism.test/procurement-office?year=2026","5113","0","0"
"1791034448788","6445","MEASURED - Procurement dashboard FY2026","200","OK","Authenticated users 1-43","text","true","","301168","864","50","50","http://prism.test/procurement-office?year=2026","6441","0","0"
"1791034448836","6569","MEASURED - Procurement dashboard FY2026","200","OK","Authenticated users 1-17","text","true","","301169","864","50","50","http://prism.test/procurement-office?year=2026","6565","0","2"
"1791034447101","8308","MEASURED - Procurement dashboard FY2026","200","OK","Authenticated users 1-11","text","true","","301169","864","50","50","http://prism.test/procurement-office?year=2026","8305","0","1"
"1791034451197","4805","MEASURED - Procurement dashboard FY2026","200","OK","Authenticated users 1-9","text","true","","301168","864","50","50","http://prism.test/procurement-office?year=2026","4802","0","0"
"1791034453478","2592","MEASURED - Procurement dashboard FY2026","200","OK","Authenticated users 1-28","text","true","","301168","864","50","50","http://prism.test/procurement-office?year=2026","2588","0","0"
"1791034449257","6814","MEASURED - Procurement dashboard FY2026","200","OK","Authenticated users 1-36","text","true","","301168","864","50","50","http://prism.test/procurement-office?year=2026","6810","0","0"
"1791034449351","6749","MEASURED - Procurement dashboard FY2026","200","OK","Authenticated users 1-49","text","true","","301169","864","50","50","http://prism.test/procurement-office?year=2026","6744","0","1"
"1791034451227","5055","MEASURED - Procurement dashboard FY2026","200","OK","Authenticated users 1-33","text","true","","301168","864","50","50","http://prism.test/procurement-office?year=2026","5050","0","0"
"1791034453221","3103","MEASURED - Procurement dashboard FY2026","200","OK","Authenticated users 1-14","text","true","","301168","864","50","50","http://prism.test/procurement-office?year=2026","3100","0","0"
"1791034452732","3622","MEASURED - Procurement dashboard FY2026","200","OK","Authenticated users 1-15","text","true","","301168","864","50","50","http://prism.test/procurement-office?year=2026","3618","0","0"
"1791034451132","5553","MEASURED - Procurement dashboard FY2026","200","OK","Authenticated users 1-42","text","true","","301168","864","50","50","http://prism.test/procurement-office?year=2026","5550","0","0"
"1791034452225","4573","MEASURED - Procurement dashboard FY2026","200","OK","Authenticated users 1-18","text","true","","301168","864","50","50","http://prism.test/procurement-office?year=2026","4569","0","0"
"1791034454301","2529","MEASURED - Procurement dashboard FY2026","200","OK","Authenticated users 1-38","text","true","","301168","864","50","50","http://prism.test/procurement-office?year=2026","2524","0","0"
"1791034454030","2960","MEASURED - Procurement dashboard FY2026","200","OK","Authenticated users 1-25","text","true","","301168","864","50","50","http://prism.test/procurement-office?year=2026","2956","0","0"
"1791034452748","4396","MEASURED - Procurement dashboard FY2026","200","OK","Authenticated users 1-45","text","true","","301168","864","50","50","http://prism.test/procurement-office?year=2026","4393","0","0"
"1791034452179","4985","MEASURED - Procurement dashboard FY2026","200","OK","Authenticated users 1-37","text","true","","301168","864","50","50","http://prism.test/procurement-office?year=2026","4981","0","0"
"1791034452203","4993","MEASURED - Procurement dashboard FY2026","200","OK","Authenticated users 1-23","text","true","","301168","864","50","50","http://prism.test/procurement-office?year=2026","4987","0","0"
"1791034454411","2793","MEASURED - Procurement dashboard FY2026","200","OK","Authenticated users 1-1","text","true","","301168","864","50","50","http://prism.test/procurement-office?year=2026","2789","0","0"
"1791034449628","7718","MEASURED - Procurement dashboard FY2026","200","OK","Authenticated users 1-26","text","true","","301168","864","50","50","http://prism.test/procurement-office?year=2026","7713","0","0"
"1791034452703","4827","MEASURED - Procurement dashboard FY2026","200","OK","Authenticated users 1-41","text","true","","301168","864","50","50","http://prism.test/procurement-office?year=2026","4823","0","0"
"1791034455132","2631","MEASURED - Procurement dashboard FY2026","200","OK","Authenticated users 1-20","text","true","","301168","864","50","50","http://prism.test/procurement-office?year=2026","2627","0","0"
"1791034449770","8192","MEASURED - Procurement dashboard FY2026","200","OK","Authenticated users 1-22","text","true","","301169","864","50","50","http://prism.test/procurement-office?year=2026","8188","0","2"
"1791034452479","5640","MEASURED - Procurement dashboard FY2026","200","OK","Authenticated users 1-27","text","true","","301168","864","50","50","http://prism.test/procurement-office?year=2026","5636","0","0"
"1791034454592","3554","MEASURED - Procurement dashboard FY2026","200","OK","Authenticated users 1-29","text","true","","301168","864","50","50","http://prism.test/procurement-office?year=2026","3544","0","0"
"1791034451986","6208","MEASURED - Procurement dashboard FY2026","200","OK","Authenticated users 1-19","text","true","","301168","864","50","50","http://prism.test/procurement-office?year=2026","6205","0","0"
"1791034451550","6718","MEASURED - Procurement dashboard FY2026","200","OK","Authenticated users 1-8","text","true","","301168","864","50","50","http://prism.test/procurement-office?year=2026","6715","0","0"
"1791034452936","5461","MEASURED - Procurement dashboard FY2026","200","OK","Authenticated users 1-24","text","true","","301168","864","50","50","http://prism.test/procurement-office?year=2026","5455","0","0"
"1791034456356","2072","MEASURED - Procurement dashboard FY2026","200","OK","Authenticated users 1-15","text","true","","301168","864","50","50","http://prism.test/procurement-office?year=2026","2067","0","0"
"1791034453788","4682","MEASURED - Procurement dashboard FY2026","200","OK","Authenticated users 1-10","text","true","","301168","864","50","50","http://prism.test/procurement-office?year=2026","4678","0","0"
"1791034454950","3698","MEASURED - Procurement dashboard FY2026","200","OK","Authenticated users 1-34","text","true","","301168","864","50","50","http://prism.test/procurement-office?year=2026","3694","0","0"
"1791034453493","5162","MEASURED - Procurement dashboard FY2026","200","OK","Authenticated users 1-50","text","true","","301168","864","50","50","http://prism.test/procurement-office?year=2026","5159","0","0"
"1791034452181","6563","MEASURED - Procurement dashboard FY2026","200","OK","Authenticated users 1-48","text","true","","301168","864","50","50","http://prism.test/procurement-office?year=2026","6559","0","0"
"1791034453187","5578","MEASURED - Procurement dashboard FY2026","200","OK","Authenticated users 1-44","text","true","","301168","864","50","50","http://prism.test/procurement-office?year=2026","5574","0","0"
"1791034451487","7378","MEASURED - Procurement dashboard FY2026","200","OK","Authenticated users 1-7","text","true","","301168","864","50","50","http://prism.test/procurement-office?year=2026","7375","0","0"
"1791034456102","2772","MEASURED - Procurement dashboard FY2026","200","OK","Authenticated users 1-49","text","true","","301168","864","50","50","http://prism.test/procurement-office?year=2026","2768","0","0"
"1791034456327","2592","MEASURED - Procurement dashboard FY2026","200","OK","Authenticated users 1-14","text","true","","301168","864","50","50","http://prism.test/procurement-office?year=2026","2588","0","0"
"1791034456800","2128","MEASURED - Procurement dashboard FY2026","200","OK","Authenticated users 1-18","text","true","","301168","864","50","50","http://prism.test/procurement-office?year=2026","2125","0","0"
"1791034454568","4389","MEASURED - Procurement dashboard FY2026","200","OK","Authenticated users 1-21","text","true","","301168","864","50","50","http://prism.test/procurement-office?year=2026","4385","0","0"
"1791034452477","6485","MEASURED - Procurement dashboard FY2026","200","OK","Authenticated users 1-31","text","true","","301168","864","50","50","http://prism.test/procurement-office?year=2026","6480","0","0"
"1791034450863","8110","MEASURED - Procurement dashboard FY2026","200","OK","Authenticated users 1-46","text","true","","301168","864","50","50","http://prism.test/procurement-office?year=2026","8106","0","0"
"1791034454411","4590","MEASURED - Procurement dashboard FY2026","200","OK","Authenticated users 1-6","text","true","","301168","864","50","50","http://prism.test/procurement-office?year=2026","4586","0","0"
"1791034456687","2326","MEASURED - Procurement dashboard FY2026","200","OK","Authenticated users 1-42","text","true","","301168","864","50","50","http://prism.test/procurement-office?year=2026","2324","0","0"
"1791034453111","5910","MEASURED - Procurement dashboard FY2026","200","OK","Authenticated users 1-12","text","true","","301168","864","50","50","http://prism.test/procurement-office?year=2026","5906","0","0"
"1791034452174","6860","MEASURED - Procurement dashboard FY2026","200","OK","Authenticated users 1-16","text","true","","301168","864","50","50","http://prism.test/procurement-office?year=2026","6854","0","0"
"1791034456284","2836","MEASURED - Procurement dashboard FY2026","200","OK","Authenticated users 1-33","text","true","","301168","864","50","50","http://prism.test/procurement-office?year=2026","2833","0","0"
"1791034451255","7903","MEASURED - Procurement dashboard FY2026","200","OK","Authenticated users 1-13","text","true","","301168","864","50","50","http://prism.test/procurement-office?year=2026","7898","0","0"
"1791034453146","6074","MEASURED - Procurement dashboard FY2026","200","OK","Authenticated users 1-39","text","true","","301168","864","50","50","http://prism.test/procurement-office?year=2026","6069","0","0"
"1791034452631","6703","MEASURED - Procurement dashboard FY2026","200","OK","Authenticated users 1-5","text","true","","301168","864","50","50","http://prism.test/procurement-office?year=2026","6699","0","0"
"1791034451871","7465","MEASURED - Procurement dashboard FY2026","200","OK","Authenticated users 1-30","text","true","","301168","864","50","50","http://prism.test/procurement-office?year=2026","7460","0","0"
"1791034453213","6126","MEASURED - Procurement dashboard FY2026","200","OK","Authenticated users 1-2","text","true","","301168","864","50","50","http://prism.test/procurement-office?year=2026","6122","0","0"
"1791034454895","4445","MEASURED - Procurement dashboard FY2026","200","OK","Authenticated users 1-40","text","true","","301168","864","50","50","http://prism.test/procurement-office?year=2026","4441","0","0"
"1791034456073","3453","MEASURED - Procurement dashboard FY2026","200","OK","Authenticated users 1-28","text","true","","301168","864","50","50","http://prism.test/procurement-office?year=2026","3450","0","0"
"1791034454889","4694","MEASURED - Procurement dashboard FY2026","200","OK","Authenticated users 1-47","text","true","","301168","864","50","50","http://prism.test/procurement-office?year=2026","4690","0","0"
"1791034455407","4535","MEASURED - Procurement dashboard FY2026","200","OK","Authenticated users 1-17","text","true","","301168","864","50","50","http://prism.test/procurement-office?year=2026","4530","0","0"
"1791034455235","4731","MEASURED - Procurement dashboard FY2026","200","OK","Authenticated users 1-43","text","true","","301168","864","50","50","http://prism.test/procurement-office?year=2026","4727","0","0"
"1791034457199","3343","MEASURED - Procurement dashboard FY2026","200","OK","Authenticated users 1-23","text","true","","301168","864","50","50","http://prism.test/procurement-office?year=2026","3339","0","0"
"1791034458768","1774","MEASURED - Procurement dashboard FY2026","200","OK","Authenticated users 1-44","text","true","","301168","864","50","50","http://prism.test/procurement-office?year=2026","1769","0","0"
"1791034450821","9721","MEASURED - Procurement dashboard FY2026","200","OK","Authenticated users 1-35","text","true","","301168","864","50","50","http://prism.test/procurement-office?year=2026","9716","0","0"
"1791034457147","3436","MEASURED - Procurement dashboard FY2026","200","OK","Authenticated users 1-45","text","true","","301168","864","50","50","http://prism.test/procurement-office?year=2026","3433","0","0"
"1791034455411","5185","MEASURED - Procurement dashboard FY2026","200","OK","Authenticated users 1-11","text","true","","301168","864","50","50","http://prism.test/procurement-office?year=2026","5182","0","0"
"1791034457765","2949","MEASURED - Procurement dashboard FY2026","200","OK","Authenticated users 1-20","text","true","","301168","864","50","50","http://prism.test/procurement-office?year=2026","2946","0","0"
"1791034454346","6425","MEASURED - Procurement dashboard FY2026","200","OK","Authenticated users 1-4","text","true","","301168","864","50","50","http://prism.test/procurement-office?year=2026","6421","0","0"
"1791034456073","4800","MEASURED - Procurement dashboard FY2026","200","OK","Authenticated users 1-36","text","true","","301168","864","50","50","http://prism.test/procurement-office?year=2026","4795","0","0"
"1791034457964","2923","MEASURED - Procurement dashboard FY2026","200","OK","Authenticated users 1-22","text","true","","301168","864","50","50","http://prism.test/procurement-office?year=2026","2920","0","0"
"1791034457532","3382","MEASURED - Procurement dashboard FY2026","200","OK","Authenticated users 1-41","text","true","","301168","864","50","50","http://prism.test/procurement-office?year=2026","3379","0","0"
"1791034458149","2897","MEASURED - Procurement dashboard FY2026","200","OK","Authenticated users 1-29","text","true","","301168","864","50","50","http://prism.test/procurement-office?year=2026","2893","0","0"
"1791034452460","8591","MEASURED - Procurement dashboard FY2026","200","OK","Authenticated users 1-32","text","true","","301168","864","50","50","http://prism.test/procurement-office?year=2026","8588","0","0"
"1791034458400","2702","MEASURED - Procurement dashboard FY2026","200","OK","Authenticated users 1-24","text","true","","301168","864","50","50","http://prism.test/procurement-office?year=2026","2698","0","0"
"1791034458270","3186","MEASURED - Procurement dashboard FY2026","200","OK","Authenticated users 1-8","text","true","","301168","864","50","50","http://prism.test/procurement-office?year=2026","3182","0","0"
"1791034456005","5452","MEASURED - Procurement dashboard FY2026","200","OK","Authenticated users 1-9","text","true","","301168","864","50","50","http://prism.test/procurement-office?year=2026","5449","0","0"
"1791034456993","4465","MEASURED - Procurement dashboard FY2026","200","OK","Authenticated users 1-25","text","true","","301168","864","50","50","http://prism.test/procurement-office?year=2026","4461","0","0"
"1791034458472","3041","MEASURED - Procurement dashboard FY2026","200","OK","Authenticated users 1-10","text","true","","301168","864","50","50","http://prism.test/procurement-office?year=2026","3039","0","0"
"1791034458650","2912","MEASURED - Procurement dashboard FY2026","200","OK","Authenticated users 1-34","text","true","","301168","864","50","50","http://prism.test/procurement-office?year=2026","2909","0","0"
"1791034452203","9443","MEASURED - Procurement dashboard FY2026","200","OK","Authenticated users 1-3","text","true","","301168","864","50","50","http://prism.test/procurement-office?year=2026","9440","0","0"
"1791034457348","4298","MEASURED - Procurement dashboard FY2026","200","OK","Authenticated users 1-26","text","true","","301168","864","50","50","http://prism.test/procurement-office?year=2026","4295","0","0"
"1791034459003","2749","MEASURED - Procurement dashboard FY2026","200","OK","Authenticated users 1-6","text","true","","301168","864","50","50","http://prism.test/procurement-office?year=2026","2745","0","0"
"1791034458930","2837","MEASURED - Procurement dashboard FY2026","200","OK","Authenticated users 1-18","text","true","","301168","864","50","50","http://prism.test/procurement-office?year=2026","2833","0","0"
"1791034458747","3028","MEASURED - Procurement dashboard FY2026","200","OK","Authenticated users 1-48","text","true","","301168","864","50","50","http://prism.test/procurement-office?year=2026","3025","0","0"
"1791034457206","4605","MEASURED - Procurement dashboard FY2026","200","OK","Authenticated users 1-1","text","true","","301168","864","50","50","http://prism.test/procurement-office?year=2026","4602","0","0"
"1791034459016","2844","MEASURED - Procurement dashboard FY2026","200","OK","Authenticated users 1-42","text","true","","301168","864","50","50","http://prism.test/procurement-office?year=2026","2841","0","0"
"1791034458121","4036","MEASURED - Procurement dashboard FY2026","200","OK","Authenticated users 1-27","text","true","","301168","864","50","50","http://prism.test/procurement-office?year=2026","4032","0","0"
"1791034457166","4994","MEASURED - Procurement dashboard FY2026","200","OK","Authenticated users 1-37","text","true","","301168","864","50","50","http://prism.test/procurement-office?year=2026","4991","0","0"
"1791034458876","3436","MEASURED - Procurement dashboard FY2026","200","OK","Authenticated users 1-49","text","true","","301168","864","50","50","http://prism.test/procurement-office?year=2026","3432","0","0"
"1791034459337","3010","MEASURED - Procurement dashboard FY2026","200","OK","Authenticated users 1-30","text","true","","301168","864","50","50","http://prism.test/procurement-office?year=2026","3007","0","0"
"1791034458921","3433","MEASURED - Procurement dashboard FY2026","200","OK","Authenticated users 1-14","text","true","","301168","864","50","50","http://prism.test/procurement-office?year=2026","3429","0","0"
"1791034459122","3254","MEASURED - Procurement dashboard FY2026","200","OK","Authenticated users 1-33","text","true","","301168","864","50","50","http://prism.test/procurement-office?year=2026","3251","0","0"
"1791034456832","5582","MEASURED - Procurement dashboard FY2026","200","OK","Authenticated users 1-38","text","true","","301168","864","50","50","http://prism.test/procurement-office?year=2026","5579","0","0"
"1791034458431","3983","MEASURED - Procurement dashboard FY2026","200","OK","Authenticated users 1-15","text","true","","301168","864","50","50","http://prism.test/procurement-office?year=2026","3975","0","0"
"1791034459222","3293","MEASURED - Procurement dashboard FY2026","200","OK","Authenticated users 1-39","text","true","","301168","864","50","50","http://prism.test/procurement-office?year=2026","3279","0","0"
"1791034458964","3677","MEASURED - Procurement dashboard FY2026","200","OK","Authenticated users 1-31","text","true","","301168","864","50","50","http://prism.test/procurement-office?year=2026","3675","0","0"
"1791034458975","3851","MEASURED - Procurement dashboard FY2026","200","OK","Authenticated users 1-46","text","true","","301168","864","50","50","http://prism.test/procurement-office?year=2026","3848","0","0"
"1791034460716","2164","MEASURED - Procurement dashboard FY2026","200","OK","Authenticated users 1-20","text","true","","301168","864","50","50","http://prism.test/procurement-office?year=2026","2162","0","0"
"1791034458658","4390","MEASURED - Procurement dashboard FY2026","200","OK","Authenticated users 1-50","text","true","","301168","864","50","50","http://prism.test/procurement-office?year=2026","4387","0","0"
"1791034459160","3928","MEASURED - Procurement dashboard FY2026","200","OK","Authenticated users 1-13","text","true","","301168","864","50","50","http://prism.test/procurement-office?year=2026","3925","0","0"
"1791034459037","4091","MEASURED - Procurement dashboard FY2026","200","OK","Authenticated users 1-16","text","true","","301168","864","50","50","http://prism.test/procurement-office?year=2026","4088","0","0"
"1791034461053","2268","MEASURED - Procurement dashboard FY2026","200","OK","Authenticated users 1-32","text","true","","301168","864","50","50","http://prism.test/procurement-office?year=2026","2265","0","0"
"1791034459023","4343","MEASURED - Procurement dashboard FY2026","200","OK","Authenticated users 1-12","text","true","","301168","864","50","50","http://prism.test/procurement-office?year=2026","4340","0","0"
"1791034458868","4537","MEASURED - Procurement dashboard FY2026","200","OK","Authenticated users 1-7","text","true","","301168","864","50","50","http://prism.test/procurement-office?year=2026","4534","0","0"
"1791034460543","3055","MEASURED - Procurement dashboard FY2026","200","OK","Authenticated users 1-35","text","true","","301168","864","50","50","http://prism.test/procurement-office?year=2026","3052","0","0"
"1791034459528","4185","MEASURED - Procurement dashboard FY2026","200","OK","Authenticated users 1-28","text","true","","301168","864","50","50","http://prism.test/procurement-office?year=2026","4182","0","0"
"1791034459336","4384","MEASURED - Procurement dashboard FY2026","200","OK","Authenticated users 1-5","text","true","","301168","864","50","50","http://prism.test/procurement-office?year=2026","4382","0","0"
"1791034460543","3346","MEASURED - Procurement dashboard FY2026","200","OK","Authenticated users 1-44","text","true","","301168","864","50","50","http://prism.test/procurement-office?year=2026","3343","0","0"
"1791034460584","3316","MEASURED - Procurement dashboard FY2026","200","OK","Authenticated users 1-45","text","true","","301168","864","50","50","http://prism.test/procurement-office?year=2026","3311","0","0"
"1791034459341","4594","MEASURED - Procurement dashboard FY2026","200","OK","Authenticated users 1-40","text","true","","301168","864","50","50","http://prism.test/procurement-office?year=2026","4590","0","0"
"1791034460915","3043","MEASURED - Procurement dashboard FY2026","200","OK","Authenticated users 1-41","text","true","","301168","864","50","50","http://prism.test/procurement-office?year=2026","3039","0","0"
"1791034462377","2199","MEASURED - Procurement dashboard FY2026","200","OK","Authenticated users 1-33","text","true","","301168","864","50","50","http://prism.test/procurement-office?year=2026","2195","0","0"
"1791034462158","2449","MEASURED - Procurement dashboard FY2026","200","OK","Authenticated users 1-27","text","true","","301168","864","50","50","http://prism.test/procurement-office?year=2026","2447","0","0"
"1791034461459","3195","MEASURED - Procurement dashboard FY2026","200","OK","Authenticated users 1-25","text","true","","301168","864","50","50","http://prism.test/procurement-office?year=2026","3191","0","0"
"1791034460598","4058","MEASURED - Procurement dashboard FY2026","200","OK","Authenticated users 1-11","text","true","","301168","864","50","50","http://prism.test/procurement-office?year=2026","4053","0","0"
"1791034461647","3009","MEASURED - Procurement dashboard FY2026","200","OK","Authenticated users 1-3","text","true","","301168","864","50","50","http://prism.test/procurement-office?year=2026","3004","0","0"
"1791034460543","4115","MEASURED - Procurement dashboard FY2026","200","OK","Authenticated users 1-23","text","true","","301168","864","50","50","http://prism.test/procurement-office?year=2026","4111","0","0"
"1791034459341","5326","MEASURED - Procurement dashboard FY2026","200","OK","Authenticated users 1-2","text","true","","301168","864","50","50","http://prism.test/procurement-office?year=2026","5322","0","0"
"1791034461458","3312","MEASURED - Procurement dashboard FY2026","200","OK","Authenticated users 1-9","text","true","","301168","864","50","50","http://prism.test/procurement-office?year=2026","3309","0","0"
"1791034459943","5110","MEASURED - Procurement dashboard FY2026","200","OK","Authenticated users 1-17","text","true","","301168","864","50","50","http://prism.test/procurement-office?year=2026","5106","0","0"
"1791034461458","3595","MEASURED - Procurement dashboard FY2026","200","OK","Authenticated users 1-8","text","true","","301168","864","50","50","http://prism.test/procurement-office?year=2026","3591","0","0"
"1791034462161","2953","MEASURED - Procurement dashboard FY2026","200","OK","Authenticated users 1-37","text","true","","301168","864","50","50","http://prism.test/procurement-office?year=2026","2950","0","0"
"1791034460874","4264","MEASURED - Procurement dashboard FY2026","200","OK","Authenticated users 1-36","text","true","","301168","864","50","50","http://prism.test/procurement-office?year=2026","4261","0","0"
"1791034461813","3369","MEASURED - Procurement dashboard FY2026","200","OK","Authenticated users 1-1","text","true","","301168","864","50","50","http://prism.test/procurement-office?year=2026","3364","0","0"
"1791034460773","4409","MEASURED - Procurement dashboard FY2026","200","OK","Authenticated users 1-4","text","true","","301169","864","50","50","http://prism.test/procurement-office?year=2026","4403","0","2"
"1791034458196","6987","MEASURED - Procurement dashboard FY2026","200","OK","Authenticated users 1-19","text","true","","301168","864","50","50","http://prism.test/procurement-office?year=2026","6981","0","0"
"1791034460889","4293","MEASURED - Procurement dashboard FY2026","200","OK","Authenticated users 1-22","text","true","","301168","864","50","50","http://prism.test/procurement-office?year=2026","4288","0","0"
"1791034459584","5598","MEASURED - Procurement dashboard FY2026","200","OK","Authenticated users 1-47","text","true","","301168","864","50","50","http://prism.test/procurement-office?year=2026","5592","0","0"
"1791034459967","5230","MEASURED - Procurement dashboard FY2026","200","OK","Authenticated users 1-43","text","true","","301168","864","50","50","http://prism.test/procurement-office?year=2026","5220","0","0"
"1791034462521","2952","MEASURED - Procurement dashboard FY2026","200","OK","Authenticated users 1-39","text","true","","301168","864","50","50","http://prism.test/procurement-office?year=2026","2940","0","0"
"1791034461047","4433","MEASURED - Procurement dashboard FY2026","200","OK","Authenticated users 1-29","text","true","","301168","864","50","50","http://prism.test/procurement-office?year=2026","4426","0","0"
"1791034461103","4382","MEASURED - Procurement dashboard FY2026","200","OK","Authenticated users 1-24","text","true","","301168","864","50","50","http://prism.test/procurement-office?year=2026","4378","0","0"
"1791034461861","3722","MEASURED - Procurement dashboard FY2026","200","OK","Authenticated users 1-42","text","true","","301168","864","50","50","http://prism.test/procurement-office?year=2026","3716","0","0"
"1791034462349","3410","MEASURED - Procurement dashboard FY2026","200","OK","Authenticated users 1-30","text","true","","301168","864","50","50","http://prism.test/procurement-office?year=2026","3406","0","0"
"1791034461514","4246","MEASURED - Procurement dashboard FY2026","200","OK","Authenticated users 1-10","text","true","","301168","864","50","50","http://prism.test/procurement-office?year=2026","4242","0","0"
"1791034461768","3993","MEASURED - Procurement dashboard FY2026","200","OK","Authenticated users 1-18","text","true","","301168","864","50","50","http://prism.test/procurement-office?year=2026","3988","0","0"
"1791034463367","2493","MEASURED - Procurement dashboard FY2026","200","OK","Authenticated users 1-12","text","true","","301168","864","50","50","http://prism.test/procurement-office?year=2026","2490","0","0"
"1791034463960","1969","MEASURED - Procurement dashboard FY2026","200","OK","Authenticated users 1-41","text","true","","301168","864","50","50","http://prism.test/procurement-office?year=2026","1965","0","0"
"1791034461753","4239","MEASURED - Procurement dashboard FY2026","200","OK","Authenticated users 1-6","text","true","","301168","864","50","50","http://prism.test/procurement-office?year=2026","4235","0","0"
"1791034461776","4262","MEASURED - Procurement dashboard FY2026","200","OK","Authenticated users 1-48","text","true","","301168","864","50","50","http://prism.test/procurement-office?year=2026","4258","0","0"
"1791034462883","3552","MEASURED - Procurement dashboard FY2026","200","OK","Authenticated users 1-20","text","true","","301168","864","50","50","http://prism.test/procurement-office?year=2026","3548","0","0"
"1791034463129","3308","MEASURED - Procurement dashboard FY2026","200","OK","Authenticated users 1-16","text","true","","301168","864","50","50","http://prism.test/procurement-office?year=2026","3304","0","0"
"1791034463049","3418","MEASURED - Procurement dashboard FY2026","200","OK","Authenticated users 1-50","text","true","","301168","864","50","50","http://prism.test/procurement-office?year=2026","3414","0","0"
"1791034458959","7598","MEASURED - Procurement dashboard FY2026","200","OK","Authenticated users 1-21","text","true","","301169","864","50","50","http://prism.test/procurement-office?year=2026","7594","0","3"
"1791034464578","2002","MEASURED - Procurement dashboard FY2026","200","OK","Authenticated users 1-33","text","true","","301168","864","50","50","http://prism.test/procurement-office?year=2026","1998","0","0"
"1791034462644","3945","MEASURED - Procurement dashboard FY2026","200","OK","Authenticated users 1-31","text","true","","301168","864","50","50","http://prism.test/procurement-office?year=2026","3942","0","0"
"1791034461647","4970","MEASURED - Procurement dashboard FY2026","200","OK","Authenticated users 1-26","text","true","","301168","864","50","50","http://prism.test/procurement-office?year=2026","4967","0","0"
"1791034461563","5347","MEASURED - Procurement dashboard FY2026","200","OK","Authenticated users 1-34","text","true","","301169","864","50","50","http://prism.test/procurement-office?year=2026","5343","0","2"
"1791034462355","4631","MEASURED - Procurement dashboard FY2026","200","OK","Authenticated users 1-14","text","true","","301168","864","50","50","http://prism.test/procurement-office?year=2026","4627","0","0"
"1791034462313","4674","MEASURED - Procurement dashboard FY2026","200","OK","Authenticated users 1-49","text","true","","301168","864","50","50","http://prism.test/procurement-office?year=2026","4670","0","0"
"1791034463089","3914","MEASURED - Procurement dashboard FY2026","200","OK","Authenticated users 1-13","text","true","","301168","864","50","50","http://prism.test/procurement-office?year=2026","3911","0","0"
"1791034464660","2492","MEASURED - Procurement dashboard FY2026","200","OK","Authenticated users 1-23","text","true","","301168","864","50","50","http://prism.test/procurement-office?year=2026","2488","0","0"
"1791034463722","3558","MEASURED - Procurement dashboard FY2026","200","OK","Authenticated users 1-5","text","true","","301168","864","50","50","http://prism.test/procurement-office?year=2026","3555","0","0"
"1791034463937","3482","MEASURED - Procurement dashboard FY2026","200","OK","Authenticated users 1-40","text","true","","301168","864","50","50","http://prism.test/procurement-office?year=2026","3479","0","0"
"1791034465184","2372","MEASURED - Procurement dashboard FY2026","200","OK","Authenticated users 1-19","text","true","","301168","864","50","50","http://prism.test/procurement-office?year=2026","2368","0","0"
"1791034462415","5185","MEASURED - Procurement dashboard FY2026","200","OK","Authenticated users 1-38","text","true","","301168","864","50","50","http://prism.test/procurement-office?year=2026","5181","0","0"
"1791034463405","4233","MEASURED - Procurement dashboard FY2026","200","OK","Authenticated users 1-7","text","true","","301168","864","50","50","http://prism.test/procurement-office?year=2026","4230","0","0"
"1791034465184","2693","MEASURED - Procurement dashboard FY2026","200","OK","Authenticated users 1-22","text","true","","301168","864","50","50","http://prism.test/procurement-office?year=2026","2689","0","0"
"1791034465184","2765","MEASURED - Procurement dashboard FY2026","200","OK","Authenticated users 1-4","text","true","","301168","864","50","50","http://prism.test/procurement-office?year=2026","2755","0","0"
"1791034463323","4743","MEASURED - Procurement dashboard FY2026","200","OK","Authenticated users 1-32","text","true","","301168","864","50","50","http://prism.test/procurement-office?year=2026","4739","0","0"
"1791034463600","4476","MEASURED - Procurement dashboard FY2026","200","OK","Authenticated users 1-35","text","true","","301168","864","50","50","http://prism.test/procurement-office?year=2026","4474","0","0"
"1791034463892","4291","MEASURED - Procurement dashboard FY2026","200","OK","Authenticated users 1-44","text","true","","301168","864","50","50","http://prism.test/procurement-office?year=2026","4287","0","0"
"1791034462415","5844","MEASURED - Procurement dashboard FY2026","200","OK","Authenticated users 1-15","text","true","","301168","864","50","50","http://prism.test/procurement-office?year=2026","5840","0","0"
"1791034465487","2922","MEASURED - Procurement dashboard FY2026","200","OK","Authenticated users 1-24","text","true","","301168","864","50","50","http://prism.test/procurement-office?year=2026","2918","0","0"
"1791034464773","3927","MEASURED - Procurement dashboard FY2026","200","OK","Authenticated users 1-9","text","true","","301168","864","50","50","http://prism.test/procurement-office?year=2026","3924","0","0"
"1791034465476","3243","MEASURED - Procurement dashboard FY2026","200","OK","Authenticated users 1-39","text","true","","301168","864","50","50","http://prism.test/procurement-office?year=2026","3239","0","0"
"1791034466469","2374","MEASURED - Procurement dashboard FY2026","200","OK","Authenticated users 1-50","text","true","","301168","864","50","50","http://prism.test/procurement-office?year=2026","2371","0","0"
"1791034465056","3894","MEASURED - Procurement dashboard FY2026","200","OK","Authenticated users 1-8","text","true","","301168","864","50","50","http://prism.test/procurement-office?year=2026","3890","0","0"
"1791034465863","3146","MEASURED - Procurement dashboard FY2026","200","OK","Authenticated users 1-12","text","true","","301168","864","50","50","http://prism.test/procurement-office?year=2026","3143","0","0"
"1791034465483","3622","MEASURED - Procurement dashboard FY2026","200","OK","Authenticated users 1-29","text","true","","301168","864","50","50","http://prism.test/procurement-office?year=2026","3619","0","0"
"1791034465199","4178","MEASURED - Procurement dashboard FY2026","200","OK","Authenticated users 1-43","text","true","","301168","864","50","50","http://prism.test/procurement-office?year=2026","4175","0","0"
"1791034462828","6621","MEASURED - Procurement dashboard FY2026","200","OK","Authenticated users 1-46","text","true","","301168","864","50","50","http://prism.test/procurement-office?year=2026","6615","0","0"
"1791034464658","5147","MEASURED - Procurement dashboard FY2026","200","OK","Authenticated users 1-25","text","true","","301168","864","50","50","http://prism.test/procurement-office?year=2026","5143","0","0"
"1791034464670","5143","MEASURED - Procurement dashboard FY2026","200","OK","Authenticated users 1-2","text","true","","301168","864","50","50","http://prism.test/procurement-office?year=2026","5139","0","0"
"1791034465184","4637","MEASURED - Procurement dashboard FY2026","200","OK","Authenticated users 1-1","text","true","","301168","864","50","50","http://prism.test/procurement-office?year=2026","4633","0","0"
"1791034465995","3937","MEASURED - Procurement dashboard FY2026","200","OK","Authenticated users 1-6","text","true","","301168","864","50","50","http://prism.test/procurement-office?year=2026","3933","0","0"
"1791034465763","4188","MEASURED - Procurement dashboard FY2026","200","OK","Authenticated users 1-18","text","true","","301169","864","50","50","http://prism.test/procurement-office?year=2026","4184","0","3"
"1791034464658","5292","MEASURED - Procurement dashboard FY2026","200","OK","Authenticated users 1-3","text","true","","301168","864","50","50","http://prism.test/procurement-office?year=2026","5288","0","0"
"1791034465585","4403","MEASURED - Procurement dashboard FY2026","200","OK","Authenticated users 1-42","text","true","","301168","864","50","50","http://prism.test/procurement-office?year=2026","4399","0","0"
"1791034463901","6506","MEASURED - Procurement dashboard FY2026","200","OK","Authenticated users 1-45","text","true","","301169","864","50","50","http://prism.test/procurement-office?year=2026","6502","0","2"
"1791034469451","1016","MEASURED - Procurement dashboard FY2026","200","OK","Authenticated users 1-46","text","true","","301168","864","50","50","http://prism.test/procurement-office?year=2026","1013","0","0"
"1791034466558","3916","MEASURED - Procurement dashboard FY2026","200","OK","Authenticated users 1-21","text","true","","301168","864","50","50","http://prism.test/procurement-office?year=2026","3911","0","0"
"1791034466582","3897","MEASURED - Procurement dashboard FY2026","200","OK","Authenticated users 1-33","text","true","","301168","864","50","50","http://prism.test/procurement-office?year=2026","3893","0","0"
"1791034466619","3873","MEASURED - Procurement dashboard FY2026","200","OK","Authenticated users 1-26","text","true","","301168","864","50","50","http://prism.test/procurement-office?year=2026","3870","0","0"
"1791034464658","5834","MEASURED - Procurement dashboard FY2026","200","OK","Authenticated users 1-11","text","true","","301168","864","50","50","http://prism.test/procurement-office?year=2026","5831","0","0"
"1791034465141","5453","MEASURED - Procurement dashboard FY2026","200","OK","Authenticated users 1-36","text","true","","301168","864","50","50","http://prism.test/procurement-office?year=2026","5449","0","0"
"1791034463715","7055","MEASURED - Procurement dashboard FY2026","200","OK","Authenticated users 1-28","text","true","","301168","864","50","50","http://prism.test/procurement-office?year=2026","7051","0","0"
"1791034468078","2777","MEASURED - Procurement dashboard FY2026","200","OK","Authenticated users 1-35","text","true","","301168","864","50","50","http://prism.test/procurement-office?year=2026","2774","0","0"
"1791034468262","2719","MEASURED - Procurement dashboard FY2026","200","OK","Authenticated users 1-15","text","true","","301168","864","50","50","http://prism.test/procurement-office?year=2026","2716","0","0"
"1791034465762","5444","MEASURED - Procurement dashboard FY2026","200","OK","Authenticated users 1-10","text","true","","301168","864","50","50","http://prism.test/procurement-office?year=2026","5440","0","0"
"1791034466438","4769","MEASURED - Procurement dashboard FY2026","200","OK","Authenticated users 1-20","text","true","","301168","864","50","50","http://prism.test/procurement-office?year=2026","4764","0","0"
"1791034465932","5329","MEASURED - Procurement dashboard FY2026","200","OK","Authenticated users 1-41","text","true","","301168","864","50","50","http://prism.test/procurement-office?year=2026","5326","0","0"
"1791034465056","6418","MEASURED - Procurement dashboard FY2026","200","OK","Authenticated users 1-17","text","true","","301168","864","50","50","http://prism.test/procurement-office?year=2026","6413","0","0"
"1791034467952","3524","MEASURED - Procurement dashboard FY2026","200","OK","Authenticated users 1-4","text","true","","301168","864","50","50","http://prism.test/procurement-office?year=2026","3520","0","0"
"1791034465184","6292","MEASURED - Procurement dashboard FY2026","200","OK","Authenticated users 1-47","text","true","","301168","864","50","50","http://prism.test/procurement-office?year=2026","6289","0","0"
"1791034466591","4885","MEASURED - Procurement dashboard FY2026","200","OK","Authenticated users 1-31","text","true","","301168","864","50","50","http://prism.test/procurement-office?year=2026","4882","0","0"
"1791034465762","5718","MEASURED - Procurement dashboard FY2026","200","OK","Authenticated users 1-30","text","true","","301168","864","50","50","http://prism.test/procurement-office?year=2026","5713","0","0"
"1791034466989","4554","MEASURED - Procurement dashboard FY2026","200","OK","Authenticated users 1-49","text","true","","301168","864","50","50","http://prism.test/procurement-office?year=2026","4550","0","0"
"1791034468846","2818","MEASURED - Procurement dashboard FY2026","200","OK","Authenticated users 1-50","text","true","","301168","864","50","50","http://prism.test/procurement-office?year=2026","2814","0","0"
"1791034465117","6757","MEASURED - Procurement dashboard FY2026","200","OK","Authenticated users 1-37","text","true","","301168","864","50","50","http://prism.test/procurement-office?year=2026","6753","0","0"
"1791034467154","4744","MEASURED - Procurement dashboard FY2026","200","OK","Authenticated users 1-23","text","true","","301168","864","50","50","http://prism.test/procurement-office?year=2026","4741","0","0"
"1791034467283","4653","MEASURED - Procurement dashboard FY2026","200","OK","Authenticated users 1-5","text","true","","301168","864","50","50","http://prism.test/procurement-office?year=2026","4649","0","0"
"1791034467558","4395","MEASURED - Procurement dashboard FY2026","200","OK","Authenticated users 1-19","text","true","","301168","864","50","50","http://prism.test/procurement-office?year=2026","4391","0","0"
"1791034468185","3816","MEASURED - Procurement dashboard FY2026","200","OK","Authenticated users 1-44","text","true","","301168","864","50","50","http://prism.test/procurement-office?year=2026","3812","0","0"
"1791034467602","4410","MEASURED - Procurement dashboard FY2026","200","OK","Authenticated users 1-38","text","true","","301168","864","50","50","http://prism.test/procurement-office?year=2026","4407","0","0"
"1791034464610","7464","MEASURED - Procurement dashboard FY2026","200","OK","Authenticated users 1-27","text","true","","301168","864","50","50","http://prism.test/procurement-office?year=2026","7455","0","0"
"1791034468068","4026","MEASURED - Procurement dashboard FY2026","200","OK","Authenticated users 1-32","text","true","","301168","864","50","50","http://prism.test/procurement-office?year=2026","4023","0","0"
"1791034469824","2273","MEASURED - Procurement dashboard FY2026","200","OK","Authenticated users 1-1","text","true","","301168","864","50","50","http://prism.test/procurement-office?year=2026","2268","0","0"
"1791034467641","4520","MEASURED - Procurement dashboard FY2026","200","OK","Authenticated users 1-7","text","true","","301168","864","50","50","http://prism.test/procurement-office?year=2026","4517","0","0"
"1791034466041","6221","MEASURED - Procurement dashboard FY2026","200","OK","Authenticated users 1-48","text","true","","301168","864","50","50","http://prism.test/procurement-office?year=2026","6216","0","0"
"1791034469107","3164","MEASURED - Procurement dashboard FY2026","200","OK","Authenticated users 1-29","text","true","","301168","864","50","50","http://prism.test/procurement-office?year=2026","3160","0","0"
"1791034466913","5398","MEASURED - Procurement dashboard FY2026","200","OK","Authenticated users 1-34","text","true","","301168","864","50","50","http://prism.test/procurement-office?year=2026","5394","0","0"
"1791034467006","5382","MEASURED - Procurement dashboard FY2026","200","OK","Authenticated users 1-13","text","true","","301168","864","50","50","http://prism.test/procurement-office?year=2026","5378","0","0"
"1791034468411","4002","MEASURED - Procurement dashboard FY2026","200","OK","Authenticated users 1-24","text","true","","301168","864","50","50","http://prism.test/procurement-office?year=2026","3999","0","0"
"1791034467421","5007","MEASURED - Procurement dashboard FY2026","200","OK","Authenticated users 1-40","text","true","","301168","864","50","50","http://prism.test/procurement-office?year=2026","5003","0","0"
"1791034466989","5470","MEASURED - Procurement dashboard FY2026","200","OK","Authenticated users 1-14","text","true","","301168","864","50","50","http://prism.test/procurement-office?year=2026","5466","0","0"
"1791034466439","6062","MEASURED - Procurement dashboard FY2026","200","OK","Authenticated users 1-16","text","true","","301168","864","50","50","http://prism.test/procurement-office?year=2026","6058","0","0"
"1791034469815","2797","MEASURED - Procurement dashboard FY2026","200","OK","Authenticated users 1-2","text","true","","301168","864","50","50","http://prism.test/procurement-office?year=2026","2794","0","0"
"1791034470857","1810","MEASURED - Procurement dashboard FY2026","200","OK","Authenticated users 1-35","text","true","","301168","864","50","50","http://prism.test/procurement-office?year=2026","1807","0","0"
"1791034468721","3981","MEASURED - Procurement dashboard FY2026","200","OK","Authenticated users 1-39","text","true","","301168","864","50","50","http://prism.test/procurement-office?year=2026","3979","0","0"
"1791034468953","4437","MEASURED - Procurement dashboard FY2026","200","OK","Authenticated users 1-8","text","true","","301168","864","50","50","http://prism.test/procurement-office?year=2026","4434","0","0"
"1791034469990","3543","MEASURED - Procurement dashboard FY2026","200","OK","Authenticated users 1-42","text","true","","301168","864","50","50","http://prism.test/procurement-office?year=2026","3539","0","0"
"1791034472099","1682","MEASURED - Procurement dashboard FY2026","200","OK","Authenticated users 1-1","text","true","","301168","864","50","50","http://prism.test/procurement-office?year=2026","1678","0","0"
"1791034470596","3267","MEASURED - Procurement dashboard FY2026","200","OK","Authenticated users 1-36","text","true","","301168","864","50","50","http://prism.test/procurement-office?year=2026","3264","0","0"
"1791034472163","1812","MEASURED - Procurement dashboard FY2026","200","OK","Authenticated users 1-7","text","true","","301168","864","50","50","http://prism.test/procurement-office?year=2026","1808","0","0"
"1791034470494","3488","MEASURED - Procurement dashboard FY2026","200","OK","Authenticated users 1-26","text","true","","301168","864","50","50","http://prism.test/procurement-office?year=2026","3485","0","0"
"1791034470985","3013","MEASURED - Procurement dashboard FY2026","200","OK","Authenticated users 1-15","text","true","","301168","864","50","50","http://prism.test/procurement-office?year=2026","3011","0","0"
"1791034467880","6234","MEASURED - Procurement dashboard FY2026","200","OK","Authenticated users 1-22","text","true","","301168","864","50","50","http://prism.test/procurement-office?year=2026","6230","0","0"
"1791034470481","3645","MEASURED - Procurement dashboard FY2026","200","OK","Authenticated users 1-33","text","true","","301168","864","50","50","http://prism.test/procurement-office?year=2026","3641","0","0"
"1791034472077","2184","MEASURED - Procurement dashboard FY2026","200","OK","Authenticated users 1-27","text","true","","301168","864","50","50","http://prism.test/procurement-office?year=2026","2182","0","0"
"1791034469012","5379","MEASURED - Procurement dashboard FY2026","500","Internal Server Error","Authenticated users 1-12","text","false","Expected authenticated Procurement Office dashboard and HTTP 200.","13629","864","50","50","http://prism.test/procurement-office?year=2026","5372","0","0"
"1791034471482","2931","MEASURED - Procurement dashboard FY2026","200","OK","Authenticated users 1-30","text","true","","301168","864","50","50","http://prism.test/procurement-office?year=2026","2928","0","0"
"1791034472274","2179","MEASURED - Procurement dashboard FY2026","200","OK","Authenticated users 1-29","text","true","","301168","864","50","50","http://prism.test/procurement-office?year=2026","2176","0","0"
"1791034471955","3418","MEASURED - Procurement dashboard FY2026","200","OK","Authenticated users 1-19","text","true","","301168","864","50","50","http://prism.test/procurement-office?year=2026","3413","0","0"
"1791034470417","4958","MEASURED - Procurement dashboard FY2026","200","OK","Authenticated users 1-45","text","true","","301168","864","50","50","http://prism.test/procurement-office?year=2026","4954","0","0"
"1791034470469","4913","MEASURED - Procurement dashboard FY2026","200","OK","Authenticated users 1-46","text","true","","301168","864","50","50","http://prism.test/procurement-office?year=2026","4903","0","0"
"1791034469381","6016","MEASURED - Procurement dashboard FY2026","200","OK","Authenticated users 1-43","text","true","","301168","864","50","50","http://prism.test/procurement-office?year=2026","5992","0","0"
"1791034469808","5594","MEASURED - Procurement dashboard FY2026","200","OK","Authenticated users 1-25","text","true","","301168","864","50","50","http://prism.test/procurement-office?year=2026","5591","0","0"
"1791034471900","3526","MEASURED - Procurement dashboard FY2026","200","OK","Authenticated users 1-23","text","true","","301168","864","50","50","http://prism.test/procurement-office?year=2026","3526","0","0"
"1791034471479","4094","MEASURED - Procurement dashboard FY2026","200","OK","Authenticated users 1-47","text","true","","301168","864","50","50","http://prism.test/procurement-office?year=2026","4091","0","0"
"1791034472313","3271","MEASURED - Procurement dashboard FY2026","200","OK","Authenticated users 1-34","text","true","","301168","864","50","50","http://prism.test/procurement-office?year=2026","3261","0","0"
"1791034472503","3094","MEASURED - Procurement dashboard FY2026","200","OK","Authenticated users 1-16","text","true","","301169","864","50","50","http://prism.test/procurement-office?year=2026","3093","0","2"
"1791034468703","6903","MEASURED - Procurement dashboard FY2026","200","OK","Authenticated users 1-9","text","true","","301168","864","50","50","http://prism.test/procurement-office?year=2026","6892","0","0"
"1791034472015","3658","MEASURED - Procurement dashboard FY2026","200","OK","Authenticated users 1-38","text","true","","301169","864","50","50","http://prism.test/procurement-office?year=2026","3655","0","2"
"1791034469934","5783","MEASURED - Procurement dashboard FY2026","200","OK","Authenticated users 1-6","text","true","","301168","864","50","50","http://prism.test/procurement-office?year=2026","5780","0","0"
"1791034471666","4172","MEASURED - Procurement dashboard FY2026","200","OK","Authenticated users 1-50","text","true","","301168","864","50","50","http://prism.test/procurement-office?year=2026","4169","0","0"
"1791034471938","3982","MEASURED - Procurement dashboard FY2026","200","OK","Authenticated users 1-5","text","true","","301168","864","50","50","http://prism.test/procurement-office?year=2026","3978","0","0"
"1791034471209","4716","MEASURED - Procurement dashboard FY2026","200","OK","Authenticated users 1-20","text","true","","301168","864","50","50","http://prism.test/procurement-office?year=2026","4712","0","0"
"1791034472002","3933","MEASURED - Procurement dashboard FY2026","200","OK","Authenticated users 1-44","text","true","","301168","864","50","50","http://prism.test/procurement-office?year=2026","3931","0","0"
"1791034472614","3325","MEASURED - Procurement dashboard FY2026","200","OK","Authenticated users 1-2","text","true","","301168","864","50","50","http://prism.test/procurement-office?year=2026","3321","0","0"
"1791034472670","3307","MEASURED - Procurement dashboard FY2026","200","OK","Authenticated users 1-35","text","true","","301168","864","50","50","http://prism.test/procurement-office?year=2026","3303","0","0"
"1791034470476","5504","MEASURED - Procurement dashboard FY2026","200","OK","Authenticated users 1-21","text","true","","301168","864","50","50","http://prism.test/procurement-office?year=2026","5500","0","0"
"1791034474116","1869","MEASURED - Procurement dashboard FY2026","200","OK","Authenticated users 1-22","text","true","","301168","864","50","50","http://prism.test/procurement-office?year=2026","1866","0","0"
"1791034472461","3551","MEASURED - Procurement dashboard FY2026","200","OK","Authenticated users 1-14","text","true","","301168","864","50","50","http://prism.test/procurement-office?year=2026","3549","0","0"
"1791034472430","3643","MEASURED - Procurement dashboard FY2026","200","OK","Authenticated users 1-40","text","true","","301168","864","50","50","http://prism.test/procurement-office?year=2026","3640","0","0"
"1791034471479","4601","MEASURED - Procurement dashboard FY2026","200","OK","Authenticated users 1-4","text","true","","301168","864","50","50","http://prism.test/procurement-office?year=2026","4598","0","0"
"1791034471477","4706","MEASURED - Procurement dashboard FY2026","200","OK","Authenticated users 1-17","text","true","","301168","864","50","50","http://prism.test/procurement-office?year=2026","4703","0","0"
"1791034471209","5034","MEASURED - Procurement dashboard FY2026","200","OK","Authenticated users 1-10","text","true","","301168","864","50","50","http://prism.test/procurement-office?year=2026","5031","0","0"
"1791034473535","2714","MEASURED - Procurement dashboard FY2026","200","OK","Authenticated users 1-42","text","true","","301168","864","50","50","http://prism.test/procurement-office?year=2026","2711","0","0"
"1791034472416","3992","MEASURED - Procurement dashboard FY2026","200","OK","Authenticated users 1-24","text","true","","301168","864","50","50","http://prism.test/procurement-office?year=2026","3988","0","0"
"1791034471479","5018","MEASURED - Procurement dashboard FY2026","200","OK","Authenticated users 1-31","text","true","","301168","864","50","50","http://prism.test/procurement-office?year=2026","5016","0","0"
"1791034474001","2519","MEASURED - Procurement dashboard FY2026","200","OK","Authenticated users 1-15","text","true","","301168","864","50","50","http://prism.test/procurement-office?year=2026","2515","0","0"
"1791034473392","3154","MEASURED - Procurement dashboard FY2026","200","OK","Authenticated users 1-8","text","true","","301168","864","50","50","http://prism.test/procurement-office?year=2026","3151","0","0"
"1791034472390","4173","MEASURED - Procurement dashboard FY2026","200","OK","Authenticated users 1-13","text","true","","301168","864","50","50","http://prism.test/procurement-office?year=2026","4169","0","0"
"1791034470494","6073","MEASURED - Procurement dashboard FY2026","200","OK","Authenticated users 1-11","text","true","","301168","864","50","50","http://prism.test/procurement-office?year=2026","6070","0","0"
"1791034470772","5824","MEASURED - Procurement dashboard FY2026","200","OK","Authenticated users 1-28","text","true","","301168","864","50","50","http://prism.test/procurement-office?year=2026","5820","0","0"
"1791034472705","3891","MEASURED - Procurement dashboard FY2026","200","OK","Authenticated users 1-39","text","true","","301168","864","50","50","http://prism.test/procurement-office?year=2026","3887","0","0"
"1791034473798","2911","MEASURED - Procurement dashboard FY2026","200","OK","Authenticated users 1-1","text","true","","301168","864","50","50","http://prism.test/procurement-office?year=2026","2909","0","0"
"1791034474263","2493","MEASURED - Procurement dashboard FY2026","200","OK","Authenticated users 1-27","text","true","","301168","864","50","50","http://prism.test/procurement-office?year=2026","2489","0","0"
"1791034471545","5300","MEASURED - Procurement dashboard FY2026","200","OK","Authenticated users 1-49","text","true","","301168","864","50","50","http://prism.test/procurement-office?year=2026","5296","0","0"
"1791034472097","4747","MEASURED - Procurement dashboard FY2026","200","OK","Authenticated users 1-32","text","true","","301168","864","50","50","http://prism.test/procurement-office?year=2026","4744","0","0"
"1791034474127","4328","MEASURED - Procurement dashboard FY2026","200","OK","Authenticated users 1-33","text","true","","301168","864","50","50","http://prism.test/procurement-office?year=2026","4324","0","0"
"1791034475600","2899","MEASURED - Procurement dashboard FY2026","200","OK","Authenticated users 1-16","text","true","","301168","864","50","50","http://prism.test/procurement-office?year=2026","2897","0","0"
"1791034469953","8547","MEASURED - Procurement dashboard FY2026","200","OK","Authenticated users 1-18","text","true","","301168","864","50","50","http://prism.test/procurement-office?year=2026","8543","0","0"
"1791034472264","6236","MEASURED - Procurement dashboard FY2026","200","OK","Authenticated users 1-48","text","true","","301168","864","50","50","http://prism.test/procurement-office?year=2026","6234","0","0"
"1791034469953","8860","MEASURED - Procurement dashboard FY2026","200","OK","Authenticated users 1-3","text","true","","301169","864","50","50","http://prism.test/procurement-office?year=2026","8857","0","7"
"1791034471876","6947","MEASURED - Procurement dashboard FY2026","200","OK","Authenticated users 1-37","text","true","","301168","864","50","50","http://prism.test/procurement-office?year=2026","6944","0","0"
"1791034475399","3523","MEASURED - Procurement dashboard FY2026","200","OK","Authenticated users 1-43","text","true","","301168","864","50","50","http://prism.test/procurement-office?year=2026","3522","0","0"
"1791034475384","3537","MEASURED - Procurement dashboard FY2026","200","OK","Authenticated users 1-46","text","true","","301168","864","50","50","http://prism.test/procurement-office?year=2026","3534","0","0"
"1791034476565","2358","MEASURED - Procurement dashboard FY2026","200","OK","Authenticated users 1-13","text","true","","301168","864","50","50","http://prism.test/procurement-office?year=2026","2354","0","0"
"1791034473880","5052","MEASURED - Procurement dashboard FY2026","200","OK","Authenticated users 1-36","text","true","","301169","864","50","50","http://prism.test/procurement-office?year=2026","5047","0","2"
"1791034475575","3367","MEASURED - Procurement dashboard FY2026","200","OK","Authenticated users 1-47","text","true","","301168","864","50","50","http://prism.test/procurement-office?year=2026","3352","0","0"
"1791034475405","3538","MEASURED - Procurement dashboard FY2026","200","OK","Authenticated users 1-25","text","true","","301168","864","50","50","http://prism.test/procurement-office?year=2026","3522","0","0"
"1791034474456","4536","MEASURED - Procurement dashboard FY2026","200","OK","Authenticated users 1-29","text","true","","301169","864","50","50","http://prism.test/procurement-office?year=2026","4521","0","1"
"1791034471264","7728","MEASURED - Procurement dashboard FY2026","200","OK","Authenticated users 1-41","text","true","","301169","864","50","50","http://prism.test/procurement-office?year=2026","7715","0","2"
"1791034474415","4577","MEASURED - Procurement dashboard FY2026","200","OK","Authenticated users 1-30","text","true","","301168","864","50","50","http://prism.test/procurement-office?year=2026","4564","0","0"
"1791034475375","3624","MEASURED - Procurement dashboard FY2026","200","OK","Authenticated users 1-19","text","true","","301168","864","50","50","http://prism.test/procurement-office?year=2026","3619","0","0"
"1791034475378","3620","MEASURED - Procurement dashboard FY2026","200","OK","Authenticated users 1-45","text","true","","301168","864","50","50","http://prism.test/procurement-office?year=2026","3617","0","0"
"1791034475937","3062","MEASURED - Procurement dashboard FY2026","200","OK","Authenticated users 1-44","text","true","","301168","864","50","50","http://prism.test/procurement-office?year=2026","3057","0","0"
"1791034473977","5064","MEASURED - Procurement dashboard FY2026","200","OK","Authenticated users 1-7","text","true","","301168","864","50","50","http://prism.test/procurement-office?year=2026","5060","0","0"
"1791034474392","4652","MEASURED - Procurement dashboard FY2026","200","OK","Authenticated users 1-12","text","true","","301169","864","50","50","http://prism.test/procurement-office?year=2026","4648","0","2"
"1791034476569","2544","MEASURED - Procurement dashboard FY2026","200","OK","Authenticated users 1-11","text","true","","301168","864","50","50","http://prism.test/procurement-office?year=2026","2541","0","0"
"1791034473984","5170","MEASURED - Procurement dashboard FY2026","200","OK","Authenticated users 1-26","text","true","","301169","864","50","50","http://prism.test/procurement-office?year=2026","5167","0","1"
"1791034476410","2838","MEASURED - Procurement dashboard FY2026","200","OK","Authenticated users 1-24","text","true","","301168","864","50","50","http://prism.test/procurement-office?year=2026","2835","0","0"
"1791034476598","2671","MEASURED - Procurement dashboard FY2026","200","OK","Authenticated users 1-39","text","true","","301168","864","50","50","http://prism.test/procurement-office?year=2026","2667","0","0"
"1791034475982","3423","MEASURED - Procurement dashboard FY2026","200","OK","Authenticated users 1-21","text","true","","301168","864","50","50","http://prism.test/procurement-office?year=2026","3419","0","0"
"1791034476075","3336","MEASURED - Procurement dashboard FY2026","200","OK","Authenticated users 1-40","text","true","","301168","864","50","50","http://prism.test/procurement-office?year=2026","3332","0","0"
"1791034476251","3337","MEASURED - Procurement dashboard FY2026","200","OK","Authenticated users 1-42","text","true","","301168","864","50","50","http://prism.test/procurement-office?year=2026","3333","0","0"
"1791034476245","3347","MEASURED - Procurement dashboard FY2026","200","OK","Authenticated users 1-10","text","true","","301169","864","50","50","http://prism.test/procurement-office?year=2026","3343","0","2"
"1791034475720","3895","MEASURED - Procurement dashboard FY2026","200","OK","Authenticated users 1-6","text","true","","301168","864","50","50","http://prism.test/procurement-office?year=2026","3891","0","0"
"1791034476548","3067","MEASURED - Procurement dashboard FY2026","200","OK","Authenticated users 1-8","text","true","","301169","864","50","50","http://prism.test/procurement-office?year=2026","3063","0","2"
"1791034475840","3785","MEASURED - Procurement dashboard FY2026","200","OK","Authenticated users 1-50","text","true","","301169","864","50","50","http://prism.test/procurement-office?year=2026","3781","0","2"
"1791034476015","3614","MEASURED - Procurement dashboard FY2026","200","OK","Authenticated users 1-14","text","true","","301168","864","50","50","http://prism.test/procurement-office?year=2026","3609","0","0"
"1791034475586","4046","MEASURED - Procurement dashboard FY2026","200","OK","Authenticated users 1-34","text","true","","301168","864","50","50","http://prism.test/procurement-office?year=2026","4042","0","0"
"1791034475942","3697","MEASURED - Procurement dashboard FY2026","200","OK","Authenticated users 1-2","text","true","","301168","864","50","50","http://prism.test/procurement-office?year=2026","3694","0","0"
"1791034476711","2932","MEASURED - Procurement dashboard FY2026","200","OK","Authenticated users 1-1","text","true","","301168","864","50","50","http://prism.test/procurement-office?year=2026","2929","0","0"
"1791034476082","3853","MEASURED - Procurement dashboard FY2026","200","OK","Authenticated users 1-4","text","true","","301168","864","50","50","http://prism.test/procurement-office?year=2026","3849","0","0"
"1791034476758","3309","MEASURED - Procurement dashboard FY2026","200","OK","Authenticated users 1-27","text","true","","301168","864","50","50","http://prism.test/procurement-office?year=2026","3305","0","0"
"1791034479594","2644","MEASURED - Procurement dashboard FY2026","200","OK","Authenticated users 1-10","text","true","","301168","864","50","50","http://prism.test/procurement-office?year=2026","2640","0","0"
"1791034475676","6564","MEASURED - Procurement dashboard FY2026","200","OK","Authenticated users 1-38","text","true","","301168","864","50","50","http://prism.test/procurement-office?year=2026","6558","0","0"
"1791034475928","6315","MEASURED - Procurement dashboard FY2026","200","OK","Authenticated users 1-20","text","true","","301169","864","50","50","http://prism.test/procurement-office?year=2026","6304","0","1"
"1791034478994","3251","MEASURED - Procurement dashboard FY2026","200","OK","Authenticated users 1-29","text","true","","301168","864","50","50","http://prism.test/procurement-office?year=2026","3246","0","0"
"1791034479115","3133","MEASURED - Procurement dashboard FY2026","200","OK","Authenticated users 1-11","text","true","","301168","864","50","50","http://prism.test/procurement-office?year=2026","3132","0","0"
"1791034479271","2978","MEASURED - Procurement dashboard FY2026","200","OK","Authenticated users 1-39","text","true","","301168","864","50","50","http://prism.test/procurement-office?year=2026","2978","0","0"
"1791034478502","3746","MEASURED - Procurement dashboard FY2026","200","OK","Authenticated users 1-48","text","true","","301168","864","50","50","http://prism.test/procurement-office?year=2026","3745","0","0"
"1791034479001","3296","MEASURED - Procurement dashboard FY2026","200","OK","Authenticated users 1-44","text","true","","301168","864","50","50","http://prism.test/procurement-office?year=2026","3259","0","0"
"1791034479046","3255","MEASURED - Procurement dashboard FY2026","200","OK","Authenticated users 1-12","text","true","","301168","864","50","50","http://prism.test/procurement-office?year=2026","3206","0","0"
"1791034476499","5802","MEASURED - Procurement dashboard FY2026","200","OK","Authenticated users 1-31","text","true","","301169","864","50","50","http://prism.test/procurement-office?year=2026","5751","0","2"
"1791034479618","2685","MEASURED - Procurement dashboard FY2026","200","OK","Authenticated users 1-8","text","true","","301168","864","50","50","http://prism.test/procurement-office?year=2026","2645","0","0"
"1791034475429","6876","MEASURED - Procurement dashboard FY2026","200","OK","Authenticated users 1-23","text","true","","301169","864","50","50","http://prism.test/procurement-office?year=2026","6821","0","1"
"1791034475987","6318","MEASURED - Procurement dashboard FY2026","200","OK","Authenticated users 1-22","text","true","","301168","864","50","50","http://prism.test/procurement-office?year=2026","6257","0","0"
"1791034478925","3383","MEASURED - Procurement dashboard FY2026","200","OK","Authenticated users 1-13","text","true","","301168","864","50","50","http://prism.test/procurement-office?year=2026","3340","0","0"
"1791034478945","3366","MEASURED - Procurement dashboard FY2026","200","OK","Authenticated users 1-47","text","true","","301168","864","50","50","http://prism.test/procurement-office?year=2026","3342","0","0"
"1791034479618","2694","MEASURED - Procurement dashboard FY2026","200","OK","Authenticated users 1-6","text","true","","301168","864","50","50","http://prism.test/procurement-office?year=2026","2672","0","0"
"1791034475978","6334","MEASURED - Procurement dashboard FY2026","200","OK","Authenticated users 1-35","text","true","","301169","864","50","50","http://prism.test/procurement-office?year=2026","6272","0","2"
"1791034479156","3194","MEASURED - Procurement dashboard FY2026","200","OK","Authenticated users 1-26","text","true","","301168","864","50","50","http://prism.test/procurement-office?year=2026","3190","0","0"
"1791034478502","3869","MEASURED - Procurement dashboard FY2026","200","OK","Authenticated users 1-18","text","true","","301168","864","50","50","http://prism.test/procurement-office?year=2026","3865","0","0"
"1791034478945","3426","MEASURED - Procurement dashboard FY2026","200","OK","Authenticated users 1-25","text","true","","301168","864","50","50","http://prism.test/procurement-office?year=2026","3420","0","0"
"1791034479631","2742","MEASURED - Procurement dashboard FY2026","200","OK","Authenticated users 1-14","text","true","","301168","864","50","50","http://prism.test/procurement-office?year=2026","2737","0","0"
"1791034475922","6451","MEASURED - Procurement dashboard FY2026","200","OK","Authenticated users 1-5","text","true","","301169","864","50","50","http://prism.test/procurement-office?year=2026","6446","0","2"
"1791034476847","5529","MEASURED - Procurement dashboard FY2026","200","OK","Authenticated users 1-49","text","true","","301168","864","50","50","http://prism.test/procurement-office?year=2026","5524","0","0"
"1791034478925","3453","MEASURED - Procurement dashboard FY2026","200","OK","Authenticated users 1-46","text","true","","301168","864","50","50","http://prism.test/procurement-office?year=2026","3449","0","0"
"1791034478815","3617","MEASURED - Procurement dashboard FY2026","200","OK","Authenticated users 1-3","text","true","","301168","864","50","50","http://prism.test/procurement-office?year=2026","3614","0","0"
"1791034476599","5834","MEASURED - Procurement dashboard FY2026","200","OK","Authenticated users 1-28","text","true","","301169","864","50","50","http://prism.test/procurement-office?year=2026","5830","0","1"
"1791034478995","3456","MEASURED - Procurement dashboard FY2026","200","OK","Authenticated users 1-41","text","true","","301168","864","50","50","http://prism.test/procurement-office?year=2026","3450","0","0"
"1791034478925","3531","MEASURED - Procurement dashboard FY2026","200","OK","Authenticated users 1-43","text","true","","301168","864","50","50","http://prism.test/procurement-office?year=2026","3528","0","0"
"1791034479001","3462","MEASURED - Procurement dashboard FY2026","200","OK","Authenticated users 1-19","text","true","","301168","864","50","50","http://prism.test/procurement-office?year=2026","3457","0","0"
"1791034476185","6288","MEASURED - Procurement dashboard FY2026","200","OK","Authenticated users 1-17","text","true","","301168","864","50","50","http://prism.test/procurement-office?year=2026","6284","0","0"
"1791034476847","5627","MEASURED - Procurement dashboard FY2026","200","OK","Authenticated users 1-32","text","true","","301168","864","50","50","http://prism.test/procurement-office?year=2026","5623","0","0"
"1791034479251","3226","MEASURED - Procurement dashboard FY2026","200","OK","Authenticated users 1-24","text","true","","301168","864","50","50","http://prism.test/procurement-office?year=2026","3222","0","0"
"1791034475609","6878","MEASURED - Procurement dashboard FY2026","200","OK","Authenticated users 1-9","text","true","","301169","864","50","50","http://prism.test/procurement-office?year=2026","6872","0","1"
"1791034479407","3088","MEASURED - Procurement dashboard FY2026","200","OK","Authenticated users 1-21","text","true","","301168","864","50","50","http://prism.test/procurement-office?year=2026","3085","0","0"
"1791034476522","5974","MEASURED - Procurement dashboard FY2026","200","OK","Authenticated users 1-15","text","true","","301168","864","50","50","http://prism.test/procurement-office?year=2026","5970","0","0"
"1791034479937","2560","MEASURED - Procurement dashboard FY2026","200","OK","Authenticated users 1-4","text","true","","301168","864","50","50","http://prism.test/procurement-office?year=2026","2556","0","0"
"1791034478501","4019","MEASURED - Procurement dashboard FY2026","200","OK","Authenticated users 1-16","text","true","","301168","864","50","50","http://prism.test/procurement-office?year=2026","4005","0","0"
"1791034480070","4507","MEASURED - Procurement dashboard FY2026","200","OK","Authenticated users 1-27","text","true","","301168","864","50","50","http://prism.test/procurement-office?year=2026","4500","0","0"
"1791034479646","4929","MEASURED - Procurement dashboard FY2026","200","OK","Authenticated users 1-1","text","true","","301168","864","50","50","http://prism.test/procurement-office?year=2026","4923","0","0"
"1791034478935","5643","MEASURED - Procurement dashboard FY2026","200","OK","Authenticated users 1-36","text","true","","301168","864","50","50","http://prism.test/procurement-office?year=2026","5635","0","0"
"1791034479641","4937","MEASURED - Procurement dashboard FY2026","200","OK","Authenticated users 1-2","text","true","","301168","864","50","50","http://prism.test/procurement-office?year=2026","4929","0","0"
"1791034479634","4943","MEASURED - Procurement dashboard FY2026","200","OK","Authenticated users 1-34","text","true","","301168","864","50","50","http://prism.test/procurement-office?year=2026","4936","0","0"
"1791034479628","4951","MEASURED - Procurement dashboard FY2026","200","OK","Authenticated users 1-50","text","true","","301168","864","50","50","http://prism.test/procurement-office?year=2026","4943","0","0"
"1791034479001","5575","MEASURED - Procurement dashboard FY2026","200","OK","Authenticated users 1-45","text","true","","301168","864","50","50","http://prism.test/procurement-office?year=2026","5569","0","0"
"1791034478995","5586","MEASURED - Procurement dashboard FY2026","200","OK","Authenticated users 1-30","text","true","","301168","864","50","50","http://prism.test/procurement-office?year=2026","5577","0","0"
"1791034479590","4991","MEASURED - Procurement dashboard FY2026","200","OK","Authenticated users 1-42","text","true","","301168","864","50","50","http://prism.test/procurement-office?year=2026","4982","0","0"
"1791034478457","6260","MEASURED - Procurement dashboard FY2026","200","OK","Authenticated users 1-33","text","true","","301169","864","50","50","http://prism.test/procurement-office?year=2026","6257","0","1"
"1791034479044","5689","MEASURED - Procurement dashboard FY2026","200","OK","Authenticated users 1-7","text","true","","301168","864","50","50","http://prism.test/procurement-office?year=2026","5685","0","0"
"1791034478825","5909","MEASURED - Procurement dashboard FY2026","200","OK","Authenticated users 1-37","text","true","","301169","864","50","50","http://prism.test/procurement-office?year=2026","5906","0","1"
"1791034482458","3108","MEASURED - Procurement dashboard FY2026","200","OK","Authenticated users 1-43","text","true","","301168","864","50","50","http://prism.test/procurement-office?year=2026","3104","0","0"
"1791034479413","6210","MEASURED - Procurement dashboard FY2026","200","OK","Authenticated users 1-40","text","true","","301169","864","50","50","http://prism.test/procurement-office?year=2026","6206","0","2"
"1791034482254","3375","MEASURED - Procurement dashboard FY2026","200","OK","Authenticated users 1-48","text","true","","301168","864","50","50","http://prism.test/procurement-office?year=2026","3371","0","0"
"1791034482498","3146","MEASURED - Procurement dashboard FY2026","200","OK","Authenticated users 1-4","text","true","","301168","864","50","50","http://prism.test/procurement-office?year=2026","3140","0","0"
"1791034482547","3112","MEASURED - Procurement dashboard FY2026","200","OK","Authenticated users 1-16","text","true","","301168","864","50","50","http://prism.test/procurement-office?year=2026","3108","0","0"
"1791034482307","3397","MEASURED - Procurement dashboard FY2026","200","OK","Authenticated users 1-22","text","true","","301168","864","50","50","http://prism.test/procurement-office?year=2026","3394","0","0"
"1791034482435","3301","MEASURED - Procurement dashboard FY2026","200","OK","Authenticated users 1-28","text","true","","301168","864","50","50","http://prism.test/procurement-office?year=2026","3284","0","0"
"1791034482308","3446","MEASURED - Procurement dashboard FY2026","200","OK","Authenticated users 1-12","text","true","","301168","864","50","50","http://prism.test/procurement-office?year=2026","3438","0","0"
"1791034482489","3291","MEASURED - Procurement dashboard FY2026","200","OK","Authenticated users 1-9","text","true","","301168","864","50","50","http://prism.test/procurement-office?year=2026","3287","0","0"
"1791034482467","3421","MEASURED - Procurement dashboard FY2026","200","OK","Authenticated users 1-19","text","true","","301168","864","50","50","http://prism.test/procurement-office?year=2026","3421","0","0"
"1791034482498","3398","MEASURED - Procurement dashboard FY2026","200","OK","Authenticated users 1-21","text","true","","301168","864","50","50","http://prism.test/procurement-office?year=2026","3395","0","0"
"1791034482311","4226","MEASURED - Procurement dashboard FY2026","200","OK","Authenticated users 1-13","text","true","","301168","864","50","50","http://prism.test/procurement-office?year=2026","4207","0","0"
"1791034482375","4161","MEASURED - Procurement dashboard FY2026","200","OK","Authenticated users 1-14","text","true","","301168","864","50","50","http://prism.test/procurement-office?year=2026","4145","0","0"
"1791034482242","4295","MEASURED - Procurement dashboard FY2026","200","OK","Authenticated users 1-38","text","true","","301168","864","50","50","http://prism.test/procurement-office?year=2026","4282","0","0"
"1791034482453","4088","MEASURED - Procurement dashboard FY2026","200","OK","Authenticated users 1-41","text","true","","301168","864","50","50","http://prism.test/procurement-office?year=2026","4070","0","0"
"1791034482374","4169","MEASURED - Procurement dashboard FY2026","200","OK","Authenticated users 1-18","text","true","","301168","864","50","50","http://prism.test/procurement-office?year=2026","4147","0","0"
"1791034482374","4170","MEASURED - Procurement dashboard FY2026","200","OK","Authenticated users 1-25","text","true","","301168","864","50","50","http://prism.test/procurement-office?year=2026","4143","0","0"
"1791034482299","4245","MEASURED - Procurement dashboard FY2026","200","OK","Authenticated users 1-44","text","true","","301168","864","50","50","http://prism.test/procurement-office?year=2026","4228","0","0"
"1791034482307","4241","MEASURED - Procurement dashboard FY2026","200","OK","Authenticated users 1-23","text","true","","301168","864","50","50","http://prism.test/procurement-office?year=2026","4217","0","0"
"1791034482252","4297","MEASURED - Procurement dashboard FY2026","200","OK","Authenticated users 1-39","text","true","","301168","864","50","50","http://prism.test/procurement-office?year=2026","4275","0","0"
"1791034482381","4171","MEASURED - Procurement dashboard FY2026","200","OK","Authenticated users 1-46","text","true","","301168","864","50","50","http://prism.test/procurement-office?year=2026","4144","0","0"
"1791034482304","4248","MEASURED - Procurement dashboard FY2026","200","OK","Authenticated users 1-31","text","true","","301168","864","50","50","http://prism.test/procurement-office?year=2026","4222","0","0"
"1791034482315","4239","MEASURED - Procurement dashboard FY2026","200","OK","Authenticated users 1-35","text","true","","301168","864","50","50","http://prism.test/procurement-office?year=2026","4216","0","0"
"1791034482477","4147","MEASURED - Procurement dashboard FY2026","200","OK","Authenticated users 1-32","text","true","","301168","864","50","50","http://prism.test/procurement-office?year=2026","4147","0","0"
"1791034482379","4245","MEASURED - Procurement dashboard FY2026","200","OK","Authenticated users 1-49","text","true","","301168","864","50","50","http://prism.test/procurement-office?year=2026","4240","0","0"
"1791034482375","4254","MEASURED - Procurement dashboard FY2026","200","OK","Authenticated users 1-5","text","true","","301168","864","50","50","http://prism.test/procurement-office?year=2026","4249","0","0"
"1791034482498","4135","MEASURED - Procurement dashboard FY2026","200","OK","Authenticated users 1-15","text","true","","301168","864","50","50","http://prism.test/procurement-office?year=2026","4134","0","0"
"1791034482251","4381","MEASURED - Procurement dashboard FY2026","200","OK","Authenticated users 1-11","text","true","","301168","864","50","50","http://prism.test/procurement-office?year=2026","4378","0","0"
"1791034482352","4297","MEASURED - Procurement dashboard FY2026","200","OK","Authenticated users 1-26","text","true","","301168","864","50","50","http://prism.test/procurement-office?year=2026","4293","0","0"
"1791034482314","4341","MEASURED - Procurement dashboard FY2026","200","OK","Authenticated users 1-6","text","true","","301169","864","50","50","http://prism.test/procurement-office?year=2026","4336","0","2"
"1791034482314","4364","MEASURED - Procurement dashboard FY2026","200","OK","Authenticated users 1-47","text","true","","301168","864","50","50","http://prism.test/procurement-office?year=2026","4361","0","0"
"1791034482247","4474","MEASURED - Procurement dashboard FY2026","200","OK","Authenticated users 1-20","text","true","","301168","864","50","50","http://prism.test/procurement-office?year=2026","4468","0","0"
"1791034482480","4257","MEASURED - Procurement dashboard FY2026","200","OK","Authenticated users 1-24","text","true","","301168","864","50","50","http://prism.test/procurement-office?year=2026","4254","0","0"
"1791034482242","4507","MEASURED - Procurement dashboard FY2026","200","OK","Authenticated users 1-10","text","true","","301168","864","50","50","http://prism.test/procurement-office?year=2026","4502","0","0"
"1791034482247","4516","MEASURED - Procurement dashboard FY2026","200","OK","Authenticated users 1-29","text","true","","301168","864","50","50","http://prism.test/procurement-office?year=2026","4511","0","0"
"1791034482304","4476","MEASURED - Procurement dashboard FY2026","200","OK","Authenticated users 1-8","text","true","","301168","864","50","50","http://prism.test/procurement-office?year=2026","4472","0","0"
"1791034482435","4353","MEASURED - Procurement dashboard FY2026","200","OK","Authenticated users 1-3","text","true","","301168","864","50","50","http://prism.test/procurement-office?year=2026","4348","0","0"
"1791034482475","4667","MEASURED - Procurement dashboard FY2026","200","OK","Authenticated users 1-17","text","true","","301168","864","50","50","http://prism.test/procurement-office?year=2026","4663","0","0"
"1791034484582","3654","MEASURED - Procurement dashboard FY2026","200","OK","Authenticated users 1-36","text","true","","301168","864","50","50","http://prism.test/procurement-office?year=2026","3650","0","0"
"1791034484584","3652","MEASURED - Procurement dashboard FY2026","200","OK","Authenticated users 1-30","text","true","","301168","864","50","50","http://prism.test/procurement-office?year=2026","3648","0","0"
"1791034484735","3555","MEASURED - Procurement dashboard FY2026","200","OK","Authenticated users 1-7","text","true","","301168","864","50","50","http://prism.test/procurement-office?year=2026","3548","0","0"
"1791034484584","3763","MEASURED - Procurement dashboard FY2026","200","OK","Authenticated users 1-34","text","true","","301168","864","50","50","http://prism.test/procurement-office?year=2026","3760","0","0"
"1791034484583","4040","MEASURED - Procurement dashboard FY2026","200","OK","Authenticated users 1-45","text","true","","301168","864","50","50","http://prism.test/procurement-office?year=2026","4037","0","0"
"1791034484583","4068","MEASURED - Procurement dashboard FY2026","200","OK","Authenticated users 1-1","text","true","","301168","864","50","50","http://prism.test/procurement-office?year=2026","4065","0","0"
"1791034484582","4307","MEASURED - Procurement dashboard FY2026","200","OK","Authenticated users 1-50","text","true","","301168","864","50","50","http://prism.test/procurement-office?year=2026","4302","0","0"
"1791034484582","4494","MEASURED - Procurement dashboard FY2026","200","OK","Authenticated users 1-27","text","true","","301168","864","50","50","http://prism.test/procurement-office?year=2026","4490","0","0"
"1791034484736","4384","MEASURED - Procurement dashboard FY2026","200","OK","Authenticated users 1-37","text","true","","301168","864","50","50","http://prism.test/procurement-office?year=2026","4374","0","0"
"1791034484719","4539","MEASURED - Procurement dashboard FY2026","200","OK","Authenticated users 1-33","text","true","","301168","864","50","50","http://prism.test/procurement-office?year=2026","4536","0","0"
"1791034486629","2839","MEASURED - Procurement dashboard FY2026","200","OK","Authenticated users 1-49","text","true","","301168","864","50","50","http://prism.test/procurement-office?year=2026","2835","0","0"
"1791034486631","3014","MEASURED - Procurement dashboard FY2026","200","OK","Authenticated users 1-5","text","true","","301168","864","50","50","http://prism.test/procurement-office?year=2026","3011","0","0"
"1791034486783","2907","MEASURED - Procurement dashboard FY2026","200","OK","Authenticated users 1-8","text","true","","301168","864","50","50","http://prism.test/procurement-office?year=2026","2903","0","0"
"1791034486635","3146","MEASURED - Procurement dashboard FY2026","200","OK","Authenticated users 1-15","text","true","","301169","864","50","50","http://prism.test/procurement-office?year=2026","3143","0","1"
"1791034486557","3228","MEASURED - Procurement dashboard FY2026","200","OK","Authenticated users 1-23","text","true","","301168","864","50","50","http://prism.test/procurement-office?year=2026","3225","0","0"
"1791034486735","3105","MEASURED - Procurement dashboard FY2026","200","OK","Authenticated users 1-28","text","true","","301168","864","50","50","http://prism.test/procurement-office?year=2026","3101","0","0"
"1791034486669","3196","MEASURED - Procurement dashboard FY2026","200","OK","Authenticated users 1-19","text","true","","301169","864","50","50","http://prism.test/procurement-office?year=2026","3193","0","2"
"1791034484584","5300","MEASURED - Procurement dashboard FY2026","200","OK","Authenticated users 1-42","text","true","","301169","864","50","50","http://prism.test/procurement-office?year=2026","5297","0","2"
"1791034484584","5347","MEASURED - Procurement dashboard FY2026","200","OK","Authenticated users 1-2","text","true","","301168","864","50","50","http://prism.test/procurement-office?year=2026","5344","0","0"
"1791034486766","3293","MEASURED - Procurement dashboard FY2026","200","OK","Authenticated users 1-29","text","true","","301168","864","50","50","http://prism.test/procurement-office?year=2026","3290","0","0"
"1791034486739","3346","MEASURED - Procurement dashboard FY2026","200","OK","Authenticated users 1-24","text","true","","301168","864","50","50","http://prism.test/procurement-office?year=2026","3343","0","0"
"1791034486558","3566","MEASURED - Procurement dashboard FY2026","200","OK","Authenticated users 1-25","text","true","","301168","864","50","50","http://prism.test/procurement-office?year=2026","3555","0","0"
"1791034486638","3535","MEASURED - Procurement dashboard FY2026","200","OK","Authenticated users 1-11","text","true","","301168","864","50","50","http://prism.test/procurement-office?year=2026","3532","0","0"
"1791034486627","3637","MEASURED - Procurement dashboard FY2026","200","OK","Authenticated users 1-32","text","true","","301169","864","50","50","http://prism.test/procurement-office?year=2026","3633","0","2"
"1791034486559","4119","MEASURED - Procurement dashboard FY2026","200","OK","Authenticated users 1-38","text","true","","301168","864","50","50","http://prism.test/procurement-office?year=2026","4114","0","0"
"1791034486559","4122","MEASURED - Procurement dashboard FY2026","200","OK","Authenticated users 1-13","text","true","","301168","864","50","50","http://prism.test/procurement-office?year=2026","4117","0","0"
"1791034486761","3921","MEASURED - Procurement dashboard FY2026","200","OK","Authenticated users 1-4","text","true","","301168","864","50","50","http://prism.test/procurement-office?year=2026","3920","0","0"
"1791034486784","3908","MEASURED - Procurement dashboard FY2026","200","OK","Authenticated users 1-40","text","true","","301168","864","50","50","http://prism.test/procurement-office?year=2026","3900","0","0"
"1791034486556","4137","MEASURED - Procurement dashboard FY2026","200","OK","Authenticated users 1-39","text","true","","301168","864","50","50","http://prism.test/procurement-office?year=2026","4129","0","0"
"1791034487144","3567","MEASURED - Procurement dashboard FY2026","200","OK","Authenticated users 1-17","text","true","","301168","864","50","50","http://prism.test/procurement-office?year=2026","3564","0","0"
"1791034486775","3981","MEASURED - Procurement dashboard FY2026","200","OK","Authenticated users 1-48","text","true","","301169","864","50","50","http://prism.test/procurement-office?year=2026","3977","0","10"
"1791034488239","2560","MEASURED - Procurement dashboard FY2026","200","OK","Authenticated users 1-36","text","true","","301168","864","50","50","http://prism.test/procurement-office?year=2026","2557","0","0"
"1791034486567","4607","MEASURED - Procurement dashboard FY2026","200","OK","Authenticated users 1-43","text","true","","301168","864","50","50","http://prism.test/procurement-office?year=2026","4603","0","0"
"1791034486745","4458","MEASURED - Procurement dashboard FY2026","200","OK","Authenticated users 1-16","text","true","","301168","864","50","50","http://prism.test/procurement-office?year=2026","4454","0","0"
"1791034486791","4426","MEASURED - Procurement dashboard FY2026","200","OK","Authenticated users 1-3","text","true","","301168","864","50","50","http://prism.test/procurement-office?year=2026","4422","0","0"
"1791034486559","4672","MEASURED - Procurement dashboard FY2026","200","OK","Authenticated users 1-41","text","true","","301168","864","50","50","http://prism.test/procurement-office?year=2026","4669","0","0"
"1791034488239","3065","MEASURED - Procurement dashboard FY2026","200","OK","Authenticated users 1-30","text","true","","301168","864","50","50","http://prism.test/procurement-office?year=2026","3061","0","0"
"1791034486559","4824","MEASURED - Procurement dashboard FY2026","200","OK","Authenticated users 1-21","text","true","","301168","864","50","50","http://prism.test/procurement-office?year=2026","4820","0","0"
"1791034486559","4882","MEASURED - Procurement dashboard FY2026","200","OK","Authenticated users 1-14","text","true","","301169","864","50","50","http://prism.test/procurement-office?year=2026","4878","0","2"
"1791034486558","4897","MEASURED - Procurement dashboard FY2026","200","OK","Authenticated users 1-18","text","true","","301168","864","50","50","http://prism.test/procurement-office?year=2026","4894","0","0"
"1791034486556","4994","MEASURED - Procurement dashboard FY2026","200","OK","Authenticated users 1-46","text","true","","301168","864","50","50","http://prism.test/procurement-office?year=2026","4991","0","0"
"1791034486558","5050","MEASURED - Procurement dashboard FY2026","200","OK","Authenticated users 1-44","text","true","","301168","864","50","50","http://prism.test/procurement-office?year=2026","5047","0","0"
"1791034486723","5442","MEASURED - Procurement dashboard FY2026","200","OK","Authenticated users 1-20","text","true","","301168","864","50","50","http://prism.test/procurement-office?year=2026","5438","0","0"
"1791034486751","5415","MEASURED - Procurement dashboard FY2026","200","OK","Authenticated users 1-10","text","true","","301168","864","50","50","http://prism.test/procurement-office?year=2026","5411","0","0"
"1791034486654","5513","MEASURED - Procurement dashboard FY2026","200","OK","Authenticated users 1-26","text","true","","301168","864","50","50","http://prism.test/procurement-office?year=2026","5508","0","0"
"1791034486557","5731","MEASURED - Procurement dashboard FY2026","200","OK","Authenticated users 1-31","text","true","","301168","864","50","50","http://prism.test/procurement-office?year=2026","5727","0","0"
"1791034486797","5499","MEASURED - Procurement dashboard FY2026","200","OK","Authenticated users 1-35","text","true","","301168","864","50","50","http://prism.test/procurement-office?year=2026","5495","0","0"
"1791034486669","5636","MEASURED - Procurement dashboard FY2026","200","OK","Authenticated users 1-9","text","true","","301168","864","50","50","http://prism.test/procurement-office?year=2026","5632","0","0"
"1791034486720","5590","MEASURED - Procurement dashboard FY2026","200","OK","Authenticated users 1-12","text","true","","301168","864","50","50","http://prism.test/procurement-office?year=2026","5586","0","0"
"1791034486680","5704","MEASURED - Procurement dashboard FY2026","200","OK","Authenticated users 1-47","text","true","","301168","864","50","50","http://prism.test/procurement-office?year=2026","5700","0","0"
"1791034486657","5836","MEASURED - Procurement dashboard FY2026","200","OK","Authenticated users 1-6","text","true","","301168","864","50","50","http://prism.test/procurement-office?year=2026","5832","0","0"
"1791034488350","4250","MEASURED - Procurement dashboard FY2026","200","OK","Authenticated users 1-34","text","true","","301168","864","50","50","http://prism.test/procurement-office?year=2026","4246","0","0"
"1791034490177","3141","MEASURED - Procurement dashboard FY2026","200","OK","Authenticated users 1-11","text","true","","301168","864","50","50","http://prism.test/procurement-office?year=2026","3137","0","0"
"1791034489648","3726","MEASURED - Procurement dashboard FY2026","200","OK","Authenticated users 1-5","text","true","","301168","864","50","50","http://prism.test/procurement-office?year=2026","3722","0","0"
"1791034489933","3513","MEASURED - Procurement dashboard FY2026","200","OK","Authenticated users 1-2","text","true","","301168","864","50","50","http://prism.test/procurement-office?year=2026","3509","0","0"
"1791034488891","4560","MEASURED - Procurement dashboard FY2026","200","OK","Authenticated users 1-50","text","true","","301168","864","50","50","http://prism.test/procurement-office?year=2026","4556","0","0"
"1791034489122","4356","MEASURED - Procurement dashboard FY2026","200","OK","Authenticated users 1-37","text","true","","301168","864","50","50","http://prism.test/procurement-office?year=2026","4351","0","0"
"1791034489470","4030","MEASURED - Procurement dashboard FY2026","200","OK","Authenticated users 1-49","text","true","","301168","864","50","50","http://prism.test/procurement-office?year=2026","4026","0","0"
"1791034486736","7050","MEASURED - Procurement dashboard FY2026","200","OK","Authenticated users 1-22","text","true","","301168","864","50","50","http://prism.test/procurement-office?year=2026","7047","0","0"
"1791034490266","3541","MEASURED - Procurement dashboard FY2026","200","OK","Authenticated users 1-32","text","true","","301168","864","50","50","http://prism.test/procurement-office?year=2026","3537","0","0"
"1791034489787","4060","MEASURED - Procurement dashboard FY2026","200","OK","Authenticated users 1-23","text","true","","301168","864","50","50","http://prism.test/procurement-office?year=2026","4056","0","0"
"1791034490087","3804","MEASURED - Procurement dashboard FY2026","200","OK","Authenticated users 1-24","text","true","","301168","864","50","50","http://prism.test/procurement-office?year=2026","3803","0","0"
"1791034490758","3219","MEASURED - Procurement dashboard FY2026","200","OK","Authenticated users 1-48","text","true","","301168","864","50","50","http://prism.test/procurement-office?year=2026","3216","0","0"
"1791034490681","3327","MEASURED - Procurement dashboard FY2026","200","OK","Authenticated users 1-38","text","true","","301168","864","50","50","http://prism.test/procurement-office?year=2026","3324","0","0"
"1791034490061","4027","MEASURED - Procurement dashboard FY2026","200","OK","Authenticated users 1-29","text","true","","301168","864","50","50","http://prism.test/procurement-office?year=2026","4024","0","0"
"1791034491205","2887","MEASURED - Procurement dashboard FY2026","500","Internal Server Error","Authenticated users 1-16","text","false","Expected authenticated Procurement Office dashboard and HTTP 200.","13629","864","50","50","http://prism.test/procurement-office?year=2026","2880","0","0"
"1791034488654","5505","MEASURED - Procurement dashboard FY2026","200","OK","Authenticated users 1-1","text","true","","301168","864","50","50","http://prism.test/procurement-office?year=2026","5502","0","0"
"1791034491307","2919","MEASURED - Procurement dashboard FY2026","200","OK","Authenticated users 1-30","text","true","","301168","864","50","50","http://prism.test/procurement-office?year=2026","2916","0","0"
"1791034490694","3591","MEASURED - Procurement dashboard FY2026","200","OK","Authenticated users 1-40","text","true","","301168","864","50","50","http://prism.test/procurement-office?year=2026","3589","0","0"
"1791034488625","5680","MEASURED - Procurement dashboard FY2026","200","OK","Authenticated users 1-45","text","true","","301168","864","50","50","http://prism.test/procurement-office?year=2026","5680","0","0"
"1791034491552","2801","MEASURED - Procurement dashboard FY2026","200","OK","Authenticated users 1-46","text","true","","301168","864","50","50","http://prism.test/procurement-office?year=2026","2798","0","0"
"1791034489692","4667","MEASURED - Procurement dashboard FY2026","200","OK","Authenticated users 1-8","text","true","","301168","864","50","50","http://prism.test/procurement-office?year=2026","4663","0","0"
"1791034490684","3761","MEASURED - Procurement dashboard FY2026","200","OK","Authenticated users 1-4","text","true","","301168","864","50","50","http://prism.test/procurement-office?year=2026","3757","0","0"
"1791034490126","4343","MEASURED - Procurement dashboard FY2026","200","OK","Authenticated users 1-25","text","true","","301168","864","50","50","http://prism.test/procurement-office?year=2026","4339","0","0"
"1791034491443","3029","MEASURED - Procurement dashboard FY2026","500","Internal Server Error","Authenticated users 1-14","text","false","Expected authenticated Procurement Office dashboard and HTTP 200.","13629","864","50","50","http://prism.test/procurement-office?year=2026","2724","0","0"
"1791034491177","3304","MEASURED - Procurement dashboard FY2026","200","OK","Authenticated users 1-43","text","true","","301168","864","50","50","http://prism.test/procurement-office?year=2026","3301","0","0"
"1791034489868","4632","MEASURED - Procurement dashboard FY2026","200","OK","Authenticated users 1-19","text","true","","301168","864","50","50","http://prism.test/procurement-office?year=2026","4629","0","0"
"1791034492169","2353","MEASURED - Procurement dashboard FY2026","200","OK","Authenticated users 1-20","text","true","","301168","864","50","50","http://prism.test/procurement-office?year=2026","2350","0","0"
"1791034489080","5597","MEASURED - Procurement dashboard FY2026","200","OK","Authenticated users 1-27","text","true","","301168","864","50","50","http://prism.test/procurement-office?year=2026","5594","0","0"
"1791034489783","5079","MEASURED - Procurement dashboard FY2026","200","OK","Authenticated users 1-15","text","true","","301168","864","50","50","http://prism.test/procurement-office?year=2026","5075","0","0"
"1791034490684","4277","MEASURED - Procurement dashboard FY2026","200","OK","Authenticated users 1-13","text","true","","301168","864","50","50","http://prism.test/procurement-office?year=2026","4274","0","0"
"1791034488293","6673","MEASURED - Procurement dashboard FY2026","200","OK","Authenticated users 1-7","text","true","","301169","864","50","50","http://prism.test/procurement-office?year=2026","6669","0","1"
"1791034492169","2798","MEASURED - Procurement dashboard FY2026","200","OK","Authenticated users 1-10","text","true","","301168","864","50","50","http://prism.test/procurement-office?year=2026","2795","0","0"
"1791034491458","3511","MEASURED - Procurement dashboard FY2026","200","OK","Authenticated users 1-18","text","true","","301168","864","50","50","http://prism.test/procurement-office?year=2026","3506","0","0"
"1791034492386","2584","MEASURED - Procurement dashboard FY2026","200","OK","Authenticated users 1-47","text","true","","301168","864","50","50","http://prism.test/procurement-office?year=2026","2579","0","0"
"1791034491386","3588","MEASURED - Procurement dashboard FY2026","200","OK","Authenticated users 1-21","text","true","","301168","864","50","50","http://prism.test/procurement-office?year=2026","3585","0","0"
"1791034490695","4599","MEASURED - Procurement dashboard FY2026","200","OK","Authenticated users 1-39","text","true","","301168","864","50","50","http://prism.test/procurement-office?year=2026","4596","0","0"
"1791034490714","4632","MEASURED - Procurement dashboard FY2026","200","OK","Authenticated users 1-17","text","true","","301168","864","50","50","http://prism.test/procurement-office?year=2026","4628","0","0"
"1791034489260","6112","MEASURED - Procurement dashboard FY2026","200","OK","Authenticated users 1-33","text","true","","301168","864","50","50","http://prism.test/procurement-office?year=2026","6110","0","0"
"1791034490802","4728","MEASURED - Procurement dashboard FY2026","200","OK","Authenticated users 1-36","text","true","","301168","864","50","50","http://prism.test/procurement-office?year=2026","4725","0","0"
"1791034491218","4314","MEASURED - Procurement dashboard FY2026","200","OK","Authenticated users 1-3","text","true","","301168","864","50","50","http://prism.test/procurement-office?year=2026","4310","0","0"
"1791034491611","3949","MEASURED - Procurement dashboard FY2026","200","OK","Authenticated users 1-44","text","true","","301168","864","50","50","http://prism.test/procurement-office?year=2026","3944","0","0"
"1791034493809","1764","MEASURED - Procurement dashboard FY2026","200","OK","Authenticated users 1-32","text","true","","301168","864","50","50","http://prism.test/procurement-office?year=2026","1760","0","0"
"1791034489886","5773","MEASURED - Procurement dashboard FY2026","200","OK","Authenticated users 1-42","text","true","","301168","864","50","50","http://prism.test/procurement-office?year=2026","5769","0","0"
"1791034489842","5875","MEASURED - Procurement dashboard FY2026","200","OK","Authenticated users 1-28","text","true","","301168","864","50","50","http://prism.test/procurement-office?year=2026","5872","0","0"
"1791034494447","1303","MEASURED - Procurement dashboard FY2026","200","OK","Authenticated users 1-4","text","true","","301168","864","50","50","http://prism.test/procurement-office?year=2026","1300","0","0"
"1791034493453","2434","MEASURED - Procurement dashboard FY2026","200","OK","Authenticated users 1-50","text","true","","301168","864","50","50","http://prism.test/procurement-office?year=2026","2430","0","0"
"1791034492291","3636","MEASURED - Procurement dashboard FY2026","200","OK","Authenticated users 1-31","text","true","","301168","864","50","50","http://prism.test/procurement-office?year=2026","3633","0","0"
"1791034491234","4729","MEASURED - Procurement dashboard FY2026","200","OK","Authenticated users 1-41","text","true","","301168","864","50","50","http://prism.test/procurement-office?year=2026","4725","0","0"
"1791034494309","1785","MEASURED - Procurement dashboard FY2026","200","OK","Authenticated users 1-45","text","true","","301168","864","50","50","http://prism.test/procurement-office?year=2026","1781","0","0"
"1791034492313","3817","MEASURED - Procurement dashboard FY2026","200","OK","Authenticated users 1-12","text","true","","301168","864","50","50","http://prism.test/procurement-office?year=2026","3813","0","0"
"1791034492298","3930","MEASURED - Procurement dashboard FY2026","200","OK","Authenticated users 1-35","text","true","","301168","864","50","50","http://prism.test/procurement-office?year=2026","3923","0","0"
"1791034494483","1775","MEASURED - Procurement dashboard FY2026","200","OK","Authenticated users 1-43","text","true","","301168","864","50","50","http://prism.test/procurement-office?year=2026","1771","0","0"
"1791034493480","2994","MEASURED - Procurement dashboard FY2026","200","OK","Authenticated users 1-37","text","true","","301168","864","50","50","http://prism.test/procurement-office?year=2026","2991","0","0"
"1791034494525","2090","MEASURED - Procurement dashboard FY2026","200","OK","Authenticated users 1-20","text","true","","301168","864","50","50","http://prism.test/procurement-office?year=2026","2086","0","0"
"1791034493849","2847","MEASURED - Procurement dashboard FY2026","200","OK","Authenticated users 1-23","text","true","","301168","864","50","50","http://prism.test/procurement-office?year=2026","2844","0","0"
"1791034494503","2199","MEASURED - Procurement dashboard FY2026","200","OK","Authenticated users 1-19","text","true","","301168","864","50","50","http://prism.test/procurement-office?year=2026","2195","0","0"
"1791034493893","2859","MEASURED - Procurement dashboard FY2026","200","OK","Authenticated users 1-24","text","true","","301168","864","50","50","http://prism.test/procurement-office?year=2026","2856","0","0"
"1791034494362","2423","MEASURED - Procurement dashboard FY2026","200","OK","Authenticated users 1-8","text","true","","301168","864","50","50","http://prism.test/procurement-office?year=2026","2419","0","0"
"1791034493502","3657","MEASURED - Procurement dashboard FY2026","200","OK","Authenticated users 1-49","text","true","","301168","864","50","50","http://prism.test/procurement-office?year=2026","3654","0","0"
"1791034492307","4909","MEASURED - Procurement dashboard FY2026","200","OK","Authenticated users 1-9","text","true","","301168","864","50","50","http://prism.test/procurement-office?year=2026","4906","0","0"
"1791034493788","3430","MEASURED - Procurement dashboard FY2026","200","OK","Authenticated users 1-22","text","true","","301168","864","50","50","http://prism.test/procurement-office?year=2026","3426","0","0"
"1791034494976","2249","MEASURED - Procurement dashboard FY2026","200","OK","Authenticated users 1-21","text","true","","301168","864","50","50","http://prism.test/procurement-office?year=2026","2241","0","0"
"1791034494972","2406","MEASURED - Procurement dashboard FY2026","200","OK","Authenticated users 1-47","text","true","","301168","864","50","50","http://prism.test/procurement-office?year=2026","2402","0","0"
"1791034492495","4957","MEASURED - Procurement dashboard FY2026","200","OK","Authenticated users 1-6","text","true","","301168","864","50","50","http://prism.test/procurement-office?year=2026","4954","0","0"
"1791034494357","3103","MEASURED - Procurement dashboard FY2026","200","OK","Authenticated users 1-46","text","true","","301168","864","50","50","http://prism.test/procurement-office?year=2026","3101","0","0"
"1791034496618","885","MEASURED - Procurement dashboard FY2026","500","Internal Server Error","Authenticated users 1-20","text","false","Expected authenticated Procurement Office dashboard and HTTP 200.","13629","864","50","50","http://prism.test/procurement-office?year=2026","875","0","0"
"1791034494306","3271","MEASURED - Procurement dashboard FY2026","200","OK","Authenticated users 1-40","text","true","","301168","864","50","50","http://prism.test/procurement-office?year=2026","3268","0","0"
"1791034494010","3621","MEASURED - Procurement dashboard FY2026","200","OK","Authenticated users 1-38","text","true","","301168","864","50","50","http://prism.test/procurement-office?year=2026","3619","0","0"
"1791034493320","4427","MEASURED - Procurement dashboard FY2026","200","OK","Authenticated users 1-11","text","true","","301168","864","50","50","http://prism.test/procurement-office?year=2026","4423","0","0"
"1791034493980","3769","MEASURED - Procurement dashboard FY2026","200","OK","Authenticated users 1-48","text","true","","301168","864","50","50","http://prism.test/procurement-office?year=2026","3765","0","0"
"1791034494228","3643","MEASURED - Procurement dashboard FY2026","200","OK","Authenticated users 1-30","text","true","","301168","864","50","50","http://prism.test/procurement-office?year=2026","3639","0","0"
"1791034494091","3783","MEASURED - Procurement dashboard FY2026","200","OK","Authenticated users 1-29","text","true","","301168","864","50","50","http://prism.test/procurement-office?year=2026","3780","0","0"
"1791034495374","2550","MEASURED - Procurement dashboard FY2026","200","OK","Authenticated users 1-33","text","true","","301168","864","50","50","http://prism.test/procurement-office?year=2026","2547","0","0"
"1791034495348","2587","MEASURED - Procurement dashboard FY2026","200","OK","Authenticated users 1-17","text","true","","301168","864","50","50","http://prism.test/procurement-office?year=2026","2585","0","0"
"1791034494970","3044","MEASURED - Procurement dashboard FY2026","200","OK","Authenticated users 1-7","text","true","","301168","864","50","50","http://prism.test/procurement-office?year=2026","3041","0","0"
"1791034492169","6042","MEASURED - Procurement dashboard FY2026","200","OK","Authenticated users 1-26","text","true","","301168","864","50","50","http://prism.test/procurement-office?year=2026","6037","0","0"
"1791034493376","4836","MEASURED - Procurement dashboard FY2026","200","OK","Authenticated users 1-5","text","true","","301168","864","50","50","http://prism.test/procurement-office?year=2026","4832","0","0"
"1791034494471","3743","MEASURED - Procurement dashboard FY2026","200","OK","Authenticated users 1-25","text","true","","301168","864","50","50","http://prism.test/procurement-office?year=2026","3739","0","0"
"1791034496231","2000","MEASURED - Procurement dashboard FY2026","200","OK","Authenticated users 1-35","text","true","","301168","864","50","50","http://prism.test/procurement-office?year=2026","1999","0","0"
"1791034495562","2700","MEASURED - Procurement dashboard FY2026","200","OK","Authenticated users 1-44","text","true","","301168","864","50","50","http://prism.test/procurement-office?year=2026","2698","0","0"
"1791034495661","2710","MEASURED - Procurement dashboard FY2026","200","OK","Authenticated users 1-42","text","true","","301168","864","50","50","http://prism.test/procurement-office?year=2026","2706","0","0"
"1791034494680","3693","MEASURED - Procurement dashboard FY2026","200","OK","Authenticated users 1-27","text","true","","301168","864","50","50","http://prism.test/procurement-office?year=2026","3690","0","0"
"1791034494972","3564","MEASURED - Procurement dashboard FY2026","200","OK","Authenticated users 1-18","text","true","","301168","864","50","50","http://prism.test/procurement-office?year=2026","3561","0","0"
"1791034495533","3051","MEASURED - Procurement dashboard FY2026","200","OK","Authenticated users 1-3","text","true","","301168","864","50","50","http://prism.test/procurement-office?year=2026","3048","0","0"
"1791034496476","2140","MEASURED - Procurement dashboard FY2026","200","OK","Authenticated users 1-37","text","true","","301168","864","50","50","http://prism.test/procurement-office?year=2026","2137","0","0"
"1791034494970","3735","MEASURED - Procurement dashboard FY2026","200","OK","Authenticated users 1-10","text","true","","301168","864","50","50","http://prism.test/procurement-office?year=2026","3732","0","0"
"1791034495575","3142","MEASURED - Procurement dashboard FY2026","200","OK","Authenticated users 1-32","text","true","","301168","864","50","50","http://prism.test/procurement-office?year=2026","3139","0","0"
"1791034494162","4669","MEASURED - Procurement dashboard FY2026","200","OK","Authenticated users 1-1","text","true","","301168","864","50","50","http://prism.test/procurement-office?year=2026","4665","0","0"
"1791034497227","1623","MEASURED - Procurement dashboard FY2026","500","Internal Server Error","Authenticated users 1-21","text","false","Expected authenticated Procurement Office dashboard and HTTP 200.","13629","864","50","50","http://prism.test/procurement-office?year=2026","1616","0","0"
"1791034494864","4147","MEASURED - Procurement dashboard FY2026","200","OK","Authenticated users 1-15","text","true","","301168","864","50","50","http://prism.test/procurement-office?year=2026","4138","0","0"
"1791034495930","3201","MEASURED - Procurement dashboard FY2026","200","OK","Authenticated users 1-31","text","true","","301168","864","50","50","http://prism.test/procurement-office?year=2026","3197","0","0"
"1791034494963","4236","MEASURED - Procurement dashboard FY2026","200","OK","Authenticated users 1-13","text","true","","301168","864","50","50","http://prism.test/procurement-office?year=2026","4233","0","0"
"1791034495753","3903","MEASURED - Procurement dashboard FY2026","200","OK","Authenticated users 1-4","text","true","","301168","864","50","50","http://prism.test/procurement-office?year=2026","3899","0","0"
"1791034495296","4401","MEASURED - Procurement dashboard FY2026","200","OK","Authenticated users 1-39","text","true","","301168","864","50","50","http://prism.test/procurement-office?year=2026","4398","0","0"
"1791034496754","3042","MEASURED - Procurement dashboard FY2026","200","OK","Authenticated users 1-24","text","true","","301168","864","50","50","http://prism.test/procurement-office?year=2026","3039","0","0"
"1791034492602","7204","MEASURED - Procurement dashboard FY2026","200","OK","Authenticated users 1-34","text","true","","301168","864","50","50","http://prism.test/procurement-office?year=2026","7202","0","0"
"1791034497219","2779","MEASURED - Procurement dashboard FY2026","200","OK","Authenticated users 1-22","text","true","","301168","864","50","50","http://prism.test/procurement-office?year=2026","2776","0","0"
"1791034495965","4154","MEASURED - Procurement dashboard FY2026","500","Internal Server Error","Authenticated users 1-41","text","false","Expected authenticated Procurement Office dashboard and HTTP 200.","13629","864","50","50","http://prism.test/procurement-office?year=2026","4148","0","0"
"1791034496132","4140","MEASURED - Procurement dashboard FY2026","200","OK","Authenticated users 1-12","text","true","","301168","864","50","50","http://prism.test/procurement-office?year=2026","4137","0","0"
"1791034497161","3147","MEASURED - Procurement dashboard FY2026","200","OK","Authenticated users 1-49","text","true","","301168","864","50","50","http://prism.test/procurement-office?year=2026","3143","0","0"
"1791034496703","3687","MEASURED - Procurement dashboard FY2026","200","OK","Authenticated users 1-19","text","true","","301168","864","50","50","http://prism.test/procurement-office?year=2026","3683","0","0"
"1791034496699","3747","MEASURED - Procurement dashboard FY2026","200","OK","Authenticated users 1-23","text","true","","301168","864","50","50","http://prism.test/procurement-office?year=2026","3745","0","0"
"1791034498264","2640","MEASURED - Procurement dashboard FY2026","200","OK","Authenticated users 1-44","text","true","","301168","864","50","50","http://prism.test/procurement-office?year=2026","2637","0","0"
"1791034498233","2676","MEASURED - Procurement dashboard FY2026","200","OK","Authenticated users 1-35","text","true","","301168","864","50","50","http://prism.test/procurement-office?year=2026","2672","0","0"
"1791034496096","4815","MEASURED - Procurement dashboard FY2026","200","OK","Authenticated users 1-45","text","true","","301168","864","50","50","http://prism.test/procurement-office?year=2026","4811","0","0"
"1791034496260","4664","MEASURED - Procurement dashboard FY2026","200","OK","Authenticated users 1-43","text","true","","301168","864","50","50","http://prism.test/procurement-office?year=2026","4663","0","0"
"1791034494473","6492","MEASURED - Procurement dashboard FY2026","200","OK","Authenticated users 1-14","text","true","","301169","864","50","50","http://prism.test/procurement-office?year=2026","6488","0","3"
"1791034498217","2793","MEASURED - Procurement dashboard FY2026","200","OK","Authenticated users 1-25","text","true","","301168","864","50","50","http://prism.test/procurement-office?year=2026","2790","0","0"
"1791034498586","2490","MEASURED - Procurement dashboard FY2026","200","OK","Authenticated users 1-3","text","true","","301168","864","50","50","http://prism.test/procurement-office?year=2026","2488","0","0"
"1791034497937","3369","MEASURED - Procurement dashboard FY2026","200","OK","Authenticated users 1-17","text","true","","301168","864","50","50","http://prism.test/procurement-office?year=2026","3366","0","0"
"1791034497634","3703","MEASURED - Procurement dashboard FY2026","200","OK","Authenticated users 1-38","text","true","","301168","864","50","50","http://prism.test/procurement-office?year=2026","3700","0","0"
"1791034495889","5474","MEASURED - Procurement dashboard FY2026","200","OK","Authenticated users 1-50","text","true","","301168","864","50","50","http://prism.test/procurement-office?year=2026","5471","0","0"
"1791034497579","3784","MEASURED - Procurement dashboard FY2026","200","OK","Authenticated users 1-40","text","true","","301168","864","50","50","http://prism.test/procurement-office?year=2026","3781","0","0"
"1791034498618","2832","MEASURED - Procurement dashboard FY2026","200","OK","Authenticated users 1-37","text","true","","301168","864","50","50","http://prism.test/procurement-office?year=2026","2829","0","0"
"1791034496788","4663","MEASURED - Procurement dashboard FY2026","200","OK","Authenticated users 1-8","text","true","","301168","864","50","50","http://prism.test/procurement-office?year=2026","4660","0","0"
"1791034495533","6059","MEASURED - Procurement dashboard FY2026","200","OK","Authenticated users 1-36","text","true","","301168","864","50","50","http://prism.test/procurement-office?year=2026","6055","0","0"
"1791034497749","3856","MEASURED - Procurement dashboard FY2026","200","OK","Authenticated users 1-11","text","true","","301168","864","50","50","http://prism.test/procurement-office?year=2026","3853","0","0"
"1791034498381","3227","MEASURED - Procurement dashboard FY2026","200","OK","Authenticated users 1-27","text","true","","301168","864","50","50","http://prism.test/procurement-office?year=2026","3224","0","0"
"1791034497873","3764","MEASURED - Procurement dashboard FY2026","200","OK","Authenticated users 1-30","text","true","","301169","864","50","50","http://prism.test/procurement-office?year=2026","3760","0","2"
"1791034493448","8192","MEASURED - Procurement dashboard FY2026","200","OK","Authenticated users 1-2","text","true","","301169","864","50","50","http://prism.test/procurement-office?year=2026","8187","0","2"
"1791034499133","2519","MEASURED - Procurement dashboard FY2026","200","OK","Authenticated users 1-31","text","true","","301168","864","50","50","http://prism.test/procurement-office?year=2026","2517","0","0"
"1791034497219","4455","MEASURED - Procurement dashboard FY2026","200","OK","Authenticated users 1-9","text","true","","301168","864","50","50","http://prism.test/procurement-office?year=2026","4452","0","0"
"1791034495719","5972","MEASURED - Procurement dashboard FY2026","200","OK","Authenticated users 1-28","text","true","","301168","864","50","50","http://prism.test/procurement-office?year=2026","5969","0","0"
"1791034497380","4316","MEASURED - Procurement dashboard FY2026","200","OK","Authenticated users 1-47","text","true","","301168","864","50","50","http://prism.test/procurement-office?year=2026","4314","0","0"
"1791034497926","3786","MEASURED - Procurement dashboard FY2026","200","OK","Authenticated users 1-33","text","true","","301168","864","50","50","http://prism.test/procurement-office?year=2026","3783","0","0"
"1791034498214","3577","MEASURED - Procurement dashboard FY2026","200","OK","Authenticated users 1-26","text","true","","301168","864","50","50","http://prism.test/procurement-office?year=2026","3574","0","0"
"1791034498851","3033","MEASURED - Procurement dashboard FY2026","200","OK","Authenticated users 1-21","text","true","","301169","864","50","50","http://prism.test/procurement-office?year=2026","3030","0","2"
"1791034497455","4489","MEASURED - Procurement dashboard FY2026","200","OK","Authenticated users 1-6","text","true","","301168","864","50","50","http://prism.test/procurement-office?year=2026","4484","0","0"
"1791034499699","2287","MEASURED - Procurement dashboard FY2026","200","OK","Authenticated users 1-39","text","true","","301168","864","50","50","http://prism.test/procurement-office?year=2026","2284","0","0"
"1791034497504","4587","MEASURED - Procurement dashboard FY2026","200","OK","Authenticated users 1-20","text","true","","301169","864","50","50","http://prism.test/procurement-office?year=2026","4586","0","2"
"1791034497876","4214","MEASURED - Procurement dashboard FY2026","200","OK","Authenticated users 1-29","text","true","","301168","864","50","50","http://prism.test/procurement-office?year=2026","4211","0","0"
"1791034499013","3148","MEASURED - Procurement dashboard FY2026","200","OK","Authenticated users 1-15","text","true","","301168","864","50","50","http://prism.test/procurement-office?year=2026","3145","0","0"
"1791034497751","4482","MEASURED - Procurement dashboard FY2026","200","OK","Authenticated users 1-48","text","true","","301168","864","50","50","http://prism.test/procurement-office?year=2026","4478","0","0"
"1791034498214","4020","MEASURED - Procurement dashboard FY2026","200","OK","Authenticated users 1-5","text","true","","301168","864","50","50","http://prism.test/procurement-office?year=2026","4016","0","0"
"1791034498833","3514","MEASURED - Procurement dashboard FY2026","200","OK","Authenticated users 1-1","text","true","","301168","864","50","50","http://prism.test/procurement-office?year=2026","3511","0","0"
"1791034498708","3668","MEASURED - Procurement dashboard FY2026","200","OK","Authenticated users 1-10","text","true","","301168","864","50","50","http://prism.test/procurement-office?year=2026","3665","0","0"
"1791034497463","5035","MEASURED - Procurement dashboard FY2026","200","OK","Authenticated users 1-46","text","true","","301168","864","50","50","http://prism.test/procurement-office?year=2026","5032","0","0"
"1791034498373","4286","MEASURED - Procurement dashboard FY2026","200","OK","Authenticated users 1-42","text","true","","301168","864","50","50","http://prism.test/procurement-office?year=2026","4282","0","0"
"1791034499202","3719","MEASURED - Procurement dashboard FY2026","200","OK","Authenticated users 1-13","text","true","","301168","864","50","50","http://prism.test/procurement-office?year=2026","3716","0","0"
"1791034499658","3330","MEASURED - Procurement dashboard FY2026","200","OK","Authenticated users 1-4","text","true","","301168","864","50","50","http://prism.test/procurement-office?year=2026","3328","0","0"
"1791034499798","3316","MEASURED - Procurement dashboard FY2026","200","OK","Authenticated users 1-24","text","true","","301168","864","50","50","http://prism.test/procurement-office?year=2026","3315","0","0"
"1791034500275","2864","MEASURED - Procurement dashboard FY2026","200","OK","Authenticated users 1-12","text","true","","301168","864","50","50","http://prism.test/procurement-office?year=2026","2861","0","0"
"1791034498016","5214","MEASURED - Procurement dashboard FY2026","200","OK","Authenticated users 1-7","text","true","","301168","864","50","50","http://prism.test/procurement-office?year=2026","5211","0","0"
"1791034500000","3476","MEASURED - Procurement dashboard FY2026","200","OK","Authenticated users 1-22","text","true","","301168","864","50","50","http://prism.test/procurement-office?year=2026","3473","0","0"
"1791034498719","4902","MEASURED - Procurement dashboard FY2026","200","OK","Authenticated users 1-32","text","true","","301168","864","50","50","http://prism.test/procurement-office?year=2026","4899","0","0"
"1791034501308","2411","MEASURED - Procurement dashboard FY2026","200","OK","Authenticated users 1-17","text","true","","301168","864","50","50","http://prism.test/procurement-office?year=2026","2398","0","0"
"1791034494093","9743","MEASURED - Procurement dashboard FY2026","200","OK","Authenticated users 1-16","text","true","","301169","864","50","50","http://prism.test/procurement-office?year=2026","9739","0","2"
"1791034501693","2398","MEASURED - Procurement dashboard FY2026","200","OK","Authenticated users 1-28","text","true","","301168","864","50","50","http://prism.test/procurement-office?year=2026","2395","0","0"
"1791034501340","2852","MEASURED - Procurement dashboard FY2026","200","OK","Authenticated users 1-38","text","true","","301168","864","50","50","http://prism.test/procurement-office?year=2026","2849","0","0"
"1791034501642","2604","MEASURED - Procurement dashboard FY2026","200","OK","Authenticated users 1-2","text","true","","301168","864","50","50","http://prism.test/procurement-office?year=2026","2601","0","0"
"1791034501698","2589","MEASURED - Procurement dashboard FY2026","500","Internal Server Error","Authenticated users 1-47","text","false","Expected authenticated Procurement Office dashboard and HTTP 200.","13629","864","50","50","http://prism.test/procurement-office?year=2026","2343","0","0"
"1791034501078","3376","MEASURED - Procurement dashboard FY2026","500","Internal Server Error","Authenticated users 1-3","text","false","Expected authenticated Procurement Office dashboard and HTTP 200.","13629","864","50","50","http://prism.test/procurement-office?year=2026","3371","0","0"
"1791034501676","2778","MEASURED - Procurement dashboard FY2026","200","OK","Authenticated users 1-9","text","true","","301168","864","50","50","http://prism.test/procurement-office?year=2026","2775","0","0"
"1791034501012","3452","MEASURED - Procurement dashboard FY2026","200","OK","Authenticated users 1-25","text","true","","301168","864","50","50","http://prism.test/procurement-office?year=2026","3448","0","0"
"1791034500907","3719","MEASURED - Procurement dashboard FY2026","200","OK","Authenticated users 1-44","text","true","","301168","864","50","50","http://prism.test/procurement-office?year=2026","3715","0","0"
"1791034500392","4234","MEASURED - Procurement dashboard FY2026","200","OK","Authenticated users 1-19","text","true","","301168","864","50","50","http://prism.test/procurement-office?year=2026","4230","0","0"
"1791034501885","2793","MEASURED - Procurement dashboard FY2026","200","OK","Authenticated users 1-21","text","true","","301168","864","50","50","http://prism.test/procurement-office?year=2026","2788","0","0"
"1791034500911","3811","MEASURED - Procurement dashboard FY2026","200","OK","Authenticated users 1-35","text","true","","301168","864","50","50","http://prism.test/procurement-office?year=2026","3807","0","0"
"1791034499809","4917","MEASURED - Procurement dashboard FY2026","200","OK","Authenticated users 1-34","text","true","","301168","864","50","50","http://prism.test/procurement-office?year=2026","4914","0","0"
"1791034501714","3042","MEASURED - Procurement dashboard FY2026","200","OK","Authenticated users 1-33","text","true","","301168","864","50","50","http://prism.test/procurement-office?year=2026","3038","0","0"
"1791034501608","3315","MEASURED - Procurement dashboard FY2026","200","OK","Authenticated users 1-11","text","true","","301168","864","50","50","http://prism.test/procurement-office?year=2026","3312","0","0"
"1791034500449","4551","MEASURED - Procurement dashboard FY2026","200","OK","Authenticated users 1-23","text","true","","301168","864","50","50","http://prism.test/procurement-office?year=2026","4549","0","0"
"1791034501365","3724","MEASURED - Procurement dashboard FY2026","200","OK","Authenticated users 1-40","text","true","","301168","864","50","50","http://prism.test/procurement-office?year=2026","3721","0","0"
"1791034502236","3049","MEASURED - Procurement dashboard FY2026","500","Internal Server Error","Authenticated users 1-5","text","false","Expected authenticated Procurement Office dashboard and HTTP 200.","13629","864","50","50","http://prism.test/procurement-office?year=2026","3043","0","0"
"1791034500926","4366","MEASURED - Procurement dashboard FY2026","200","OK","Authenticated users 1-43","text","true","","301168","864","50","50","http://prism.test/procurement-office?year=2026","4363","0","0"
"1791034502164","3222","MEASURED - Procurement dashboard FY2026","500","Internal Server Error","Authenticated users 1-15","text","false","Expected authenticated Procurement Office dashboard and HTTP 200.","13629","864","50","50","http://prism.test/procurement-office?year=2026","3087","0","0"
"1791034501639","3805","MEASURED - Procurement dashboard FY2026","200","OK","Authenticated users 1-30","text","true","","301168","864","50","50","http://prism.test/procurement-office?year=2026","3801","0","0"
"1791034501654","3795","MEASURED - Procurement dashboard FY2026","200","OK","Authenticated users 1-31","text","true","","301168","864","50","50","http://prism.test/procurement-office?year=2026","3792","0","0"
"1791034501365","4123","MEASURED - Procurement dashboard FY2026","200","OK","Authenticated users 1-50","text","true","","301168","864","50","50","http://prism.test/procurement-office?year=2026","4120","0","0"
"1791034502348","3196","MEASURED - Procurement dashboard FY2026","200","OK","Authenticated users 1-1","text","true","","301168","864","50","50","http://prism.test/procurement-office?year=2026","3192","0","0"
"1791034502378","3172","MEASURED - Procurement dashboard FY2026","200","OK","Authenticated users 1-10","text","true","","301168","864","50","50","http://prism.test/procurement-office?year=2026","3169","0","0"
"1791034501946","3728","MEASURED - Procurement dashboard FY2026","200","OK","Authenticated users 1-6","text","true","","301168","864","50","50","http://prism.test/procurement-office?year=2026","3725","0","0"
"1791034502991","2696","MEASURED - Procurement dashboard FY2026","200","OK","Authenticated users 1-4","text","true","","301168","864","50","50","http://prism.test/procurement-office?year=2026","2694","0","0"
"1791034501453","4270","MEASURED - Procurement dashboard FY2026","200","OK","Authenticated users 1-8","text","true","","301168","864","50","50","http://prism.test/procurement-office?year=2026","4267","0","0"
"1791034500913","4861","MEASURED - Procurement dashboard FY2026","200","OK","Authenticated users 1-45","text","true","","301168","864","50","50","http://prism.test/procurement-office?year=2026","4858","0","0"
"1791034501988","3869","MEASURED - Procurement dashboard FY2026","200","OK","Authenticated users 1-39","text","true","","301168","864","50","50","http://prism.test/procurement-office?year=2026","3866","0","0"
"1791034503232","2664","MEASURED - Procurement dashboard FY2026","200","OK","Authenticated users 1-7","text","true","","301168","864","50","50","http://prism.test/procurement-office?year=2026","2659","0","0"
"1791034502093","3812","MEASURED - Procurement dashboard FY2026","200","OK","Authenticated users 1-20","text","true","","301168","864","50","50","http://prism.test/procurement-office?year=2026","3805","0","0"
"1791034502500","3521","MEASURED - Procurement dashboard FY2026","200","OK","Authenticated users 1-46","text","true","","301168","864","50","50","http://prism.test/procurement-office?year=2026","3517","0","0"
"1791034502236","3784","MEASURED - Procurement dashboard FY2026","200","OK","Authenticated users 1-48","text","true","","301168","864","50","50","http://prism.test/procurement-office?year=2026","3781","0","0"
"1791034504628","1449","MEASURED - Procurement dashboard FY2026","200","OK","Authenticated users 1-44","text","true","","301168","864","50","50","http://prism.test/procurement-office?year=2026","1446","0","0"
"1791034504456","1751","MEASURED - Procurement dashboard FY2026","200","OK","Authenticated users 1-9","text","true","","301168","864","50","50","http://prism.test/procurement-office?year=2026","1748","0","0"
"1791034504729","1502","MEASURED - Procurement dashboard FY2026","200","OK","Authenticated users 1-34","text","true","","301168","864","50","50","http://prism.test/procurement-office?year=2026","1498","0","0"
"1791034501452","4811","MEASURED - Procurement dashboard FY2026","200","OK","Authenticated users 1-37","text","true","","301168","864","50","50","http://prism.test/procurement-office?year=2026","4807","0","0"
"1791034501594","4734","MEASURED - Procurement dashboard FY2026","200","OK","Authenticated users 1-36","text","true","","301168","864","50","50","http://prism.test/procurement-office?year=2026","4731","0","0"
"1791034500310","6065","MEASURED - Procurement dashboard FY2026","200","OK","Authenticated users 1-49","text","true","","301168","864","50","50","http://prism.test/procurement-office?year=2026","6062","0","0"
"1791034501792","4598","MEASURED - Procurement dashboard FY2026","200","OK","Authenticated users 1-26","text","true","","301168","864","50","50","http://prism.test/procurement-office?year=2026","4595","0","0"
"1791034502661","3730","MEASURED - Procurement dashboard FY2026","200","OK","Authenticated users 1-42","text","true","","301168","864","50","50","http://prism.test/procurement-office?year=2026","3726","0","0"
"1791034500967","5617","MEASURED - Procurement dashboard FY2026","200","OK","Authenticated users 1-14","text","true","","301168","864","50","50","http://prism.test/procurement-office?year=2026","5614","0","0"
"1791034503117","3574","MEASURED - Procurement dashboard FY2026","200","OK","Authenticated users 1-24","text","true","","301168","864","50","50","http://prism.test/procurement-office?year=2026","3572","0","0"
"1791034502923","3819","MEASURED - Procurement dashboard FY2026","200","OK","Authenticated users 1-13","text","true","","301168","864","50","50","http://prism.test/procurement-office?year=2026","3816","0","0"
"1791034504093","2653","MEASURED - Procurement dashboard FY2026","200","OK","Authenticated users 1-28","text","true","","301168","864","50","50","http://prism.test/procurement-office?year=2026","2649","0","0"
"1791034502093","4857","MEASURED - Procurement dashboard FY2026","200","OK","Authenticated users 1-29","text","true","","301168","864","50","50","http://prism.test/procurement-office?year=2026","4854","0","0"
"1791034503727","3228","MEASURED - Procurement dashboard FY2026","200","OK","Authenticated users 1-17","text","true","","301168","864","50","50","http://prism.test/procurement-office?year=2026","3224","0","0"
"1791034500123","6832","MEASURED - Procurement dashboard FY2026","200","OK","Authenticated users 1-41","text","true","","301169","864","50","50","http://prism.test/procurement-office?year=2026","6828","0","2"
"1791034503623","3402","MEASURED - Procurement dashboard FY2026","200","OK","Authenticated users 1-32","text","true","","301168","864","50","50","http://prism.test/procurement-office?year=2026","3398","0","0"
"1791034503840","3186","MEASURED - Procurement dashboard FY2026","200","OK","Authenticated users 1-16","text","true","","301168","864","50","50","http://prism.test/procurement-office?year=2026","3182","0","0"
"1791034503141","3968","MEASURED - Procurement dashboard FY2026","200","OK","Authenticated users 1-12","text","true","","301168","864","50","50","http://prism.test/procurement-office?year=2026","3965","0","0"
"1791034503478","3644","MEASURED - Procurement dashboard FY2026","500","Internal Server Error","Authenticated users 1-22","text","false","Expected authenticated Procurement Office dashboard and HTTP 200.","13629","864","50","50","http://prism.test/procurement-office?year=2026","3636","0","0"
"1791034504680","3094","MEASURED - Procurement dashboard FY2026","200","OK","Authenticated users 1-21","text","true","","301168","864","50","50","http://prism.test/procurement-office?year=2026","3089","0","0"
"1791034505689","2102","MEASURED - Procurement dashboard FY2026","200","OK","Authenticated users 1-4","text","true","","301168","864","50","50","http://prism.test/procurement-office?year=2026","2098","0","0"
"1791034504248","3716","MEASURED - Procurement dashboard FY2026","200","OK","Authenticated users 1-2","text","true","","301168","864","50","50","http://prism.test/procurement-office?year=2026","3712","0","0"
"1791034504925","3089","MEASURED - Procurement dashboard FY2026","200","OK","Authenticated users 1-11","text","true","","301168","864","50","50","http://prism.test/procurement-office?year=2026","3089","0","0"
"1791034506392","1719","MEASURED - Procurement dashboard FY2026","200","OK","Authenticated users 1-42","text","true","","301168","864","50","50","http://prism.test/procurement-office?year=2026","1716","0","0"
"1791034504194","4031","MEASURED - Procurement dashboard FY2026","200","OK","Authenticated users 1-38","text","true","","301168","864","50","50","http://prism.test/procurement-office?year=2026","4027","0","0"
"1791034501610","6624","MEASURED - Procurement dashboard FY2026","200","OK","Authenticated users 1-27","text","true","","301169","864","50","50","http://prism.test/procurement-office?year=2026","6623","0","2"
"1791034505546","2688","MEASURED - Procurement dashboard FY2026","200","OK","Authenticated users 1-1","text","true","","301168","864","50","50","http://prism.test/procurement-office?year=2026","2685","0","0"
"1791034506079","2249","MEASURED - Procurement dashboard FY2026","200","OK","Authenticated users 1-44","text","true","","301168","864","50","50","http://prism.test/procurement-office?year=2026","2246","0","0"
"1791034504628","3741","MEASURED - Procurement dashboard FY2026","200","OK","Authenticated users 1-19","text","true","","301168","864","50","50","http://prism.test/procurement-office?year=2026","3733","0","0"
"1791034505776","2778","MEASURED - Procurement dashboard FY2026","200","OK","Authenticated users 1-45","text","true","","301168","864","50","50","http://prism.test/procurement-office?year=2026","2775","0","0"
"1791034505676","2976","MEASURED - Procurement dashboard FY2026","200","OK","Authenticated users 1-6","text","true","","301168","864","50","50","http://prism.test/procurement-office?year=2026","2973","0","0"
"1791034505553","3099","MEASURED - Procurement dashboard FY2026","200","OK","Authenticated users 1-10","text","true","","301168","864","50","50","http://prism.test/procurement-office?year=2026","3096","0","0"
"1791034504758","3901","MEASURED - Procurement dashboard FY2026","200","OK","Authenticated users 1-33","text","true","","301168","864","50","50","http://prism.test/procurement-office?year=2026","3897","0","0"
"1791034505898","2818","MEASURED - Procurement dashboard FY2026","200","OK","Authenticated users 1-7","text","true","","301168","864","50","50","http://prism.test/procurement-office?year=2026","2816","0","0"
"1791034504466","4322","MEASURED - Procurement dashboard FY2026","200","OK","Authenticated users 1-25","text","true","","301168","864","50","50","http://prism.test/procurement-office?year=2026","4319","0","0"
"1791034506209","2630","MEASURED - Procurement dashboard FY2026","200","OK","Authenticated users 1-9","text","true","","301168","864","50","50","http://prism.test/procurement-office?year=2026","2627","0","0"
"1791034505451","3417","MEASURED - Procurement dashboard FY2026","200","OK","Authenticated users 1-31","text","true","","301168","864","50","50","http://prism.test/procurement-office?year=2026","3415","0","0"
"1791034505726","3333","MEASURED - Procurement dashboard FY2026","200","OK","Authenticated users 1-8","text","true","","301168","864","50","50","http://prism.test/procurement-office?year=2026","3330","0","0"
"1791034504725","4340","MEASURED - Procurement dashboard FY2026","200","OK","Authenticated users 1-35","text","true","","301168","864","50","50","http://prism.test/procurement-office?year=2026","4336","0","0"
"1791034506586","2506","MEASURED - Procurement dashboard FY2026","200","OK","Authenticated users 1-14","text","true","","301168","864","50","50","http://prism.test/procurement-office?year=2026","2503","0","0"
"1791034505490","3619","MEASURED - Procurement dashboard FY2026","200","OK","Authenticated users 1-50","text","true","","301168","864","50","50","http://prism.test/procurement-office?year=2026","3616","0","0"
"1791034505002","4170","MEASURED - Procurement dashboard FY2026","200","OK","Authenticated users 1-23","text","true","","301168","864","50","50","http://prism.test/procurement-office?year=2026","4167","0","0"
"1791034506022","3167","MEASURED - Procurement dashboard FY2026","200","OK","Authenticated users 1-48","text","true","","301168","864","50","50","http://prism.test/procurement-office?year=2026","3165","0","0"
"1791034505446","3910","MEASURED - Procurement dashboard FY2026","200","OK","Authenticated users 1-30","text","true","","301168","864","50","50","http://prism.test/procurement-office?year=2026","3907","0","0"
"1791034506377","3237","MEASURED - Procurement dashboard FY2026","200","OK","Authenticated users 1-49","text","true","","301168","864","50","50","http://prism.test/procurement-office?year=2026","3234","0","0"
"1791034506265","3565","MEASURED - Procurement dashboard FY2026","200","OK","Authenticated users 1-37","text","true","","301168","864","50","50","http://prism.test/procurement-office?year=2026","3562","0","0"
"1791034506233","3609","MEASURED - Procurement dashboard FY2026","200","OK","Authenticated users 1-34","text","true","","301168","864","50","50","http://prism.test/procurement-office?year=2026","3606","0","0"
"1791034505387","4492","MEASURED - Procurement dashboard FY2026","200","OK","Authenticated users 1-15","text","true","","301169","864","50","50","http://prism.test/procurement-office?year=2026","4489","0","2"
"1791034508228","1806","MEASURED - Procurement dashboard FY2026","200","OK","Authenticated users 1-38","text","true","","301168","864","50","50","http://prism.test/procurement-office?year=2026","1802","0","0"
"1791034508372","1698","MEASURED - Procurement dashboard FY2026","200","OK","Authenticated users 1-19","text","true","","301168","864","50","50","http://prism.test/procurement-office?year=2026","1695","0","0"
"1791034505286","4836","MEASURED - Procurement dashboard FY2026","200","OK","Authenticated users 1-5","text","true","","301169","864","50","50","http://prism.test/procurement-office?year=2026","4833","0","1"
"1791034506958","3209","MEASURED - Procurement dashboard FY2026","200","OK","Authenticated users 1-41","text","true","","301168","864","50","50","http://prism.test/procurement-office?year=2026","3205","0","0"
"1791034505859","4405","MEASURED - Procurement dashboard FY2026","200","OK","Authenticated users 1-39","text","true","","301168","864","50","50","http://prism.test/procurement-office?year=2026","4395","0","0"
"1791034507776","2503","MEASURED - Procurement dashboard FY2026","200","OK","Authenticated users 1-21","text","true","","301168","864","50","50","http://prism.test/procurement-office?year=2026","2496","0","0"
"1791034506958","3323","MEASURED - Procurement dashboard FY2026","200","OK","Authenticated users 1-17","text","true","","301168","864","50","50","http://prism.test/procurement-office?year=2026","3320","0","0"
"1791034506952","3329","MEASURED - Procurement dashboard FY2026","200","OK","Authenticated users 1-29","text","true","","301168","864","50","50","http://prism.test/procurement-office?year=2026","3326","0","0"
"1791034507966","2375","MEASURED - Procurement dashboard FY2026","200","OK","Authenticated users 1-2","text","true","","301168","864","50","50","http://prism.test/procurement-office?year=2026","2373","0","0"
"1791034505091","5279","MEASURED - Procurement dashboard FY2026","200","OK","Authenticated users 1-40","text","true","","301168","864","50","50","http://prism.test/procurement-office?year=2026","5276","0","0"
"1791034504455","5969","MEASURED - Procurement dashboard FY2026","200","OK","Authenticated users 1-3","text","true","","301169","864","50","50","http://prism.test/procurement-office?year=2026","5966","0","1"
"1791034506693","3917","MEASURED - Procurement dashboard FY2026","200","OK","Authenticated users 1-24","text","true","","301169","864","50","50","http://prism.test/procurement-office?year=2026","3914","0","2"
"1791034508661","1978","MEASURED - Procurement dashboard FY2026","200","OK","Authenticated users 1-33","text","true","","301168","864","50","50","http://prism.test/procurement-office?year=2026","1974","0","0"
"1791034507793","2873","MEASURED - Procurement dashboard FY2026","200","OK","Authenticated users 1-4","text","true","","301168","864","50","50","http://prism.test/procurement-office?year=2026","2870","0","0"
"1791034508113","2559","MEASURED - Procurement dashboard FY2026","200","OK","Authenticated users 1-42","text","true","","301168","864","50","50","http://prism.test/procurement-office?year=2026","2555","0","0"
"1791034508330","2478","MEASURED - Procurement dashboard FY2026","200","OK","Authenticated users 1-44","text","true","","301168","864","50","50","http://prism.test/procurement-office?year=2026","2475","0","0"
"1791034507028","3782","MEASURED - Procurement dashboard FY2026","200","OK","Authenticated users 1-16","text","true","","301168","864","50","50","http://prism.test/procurement-office?year=2026","3778","0","0"
"1791034504288","6567","MEASURED - Procurement dashboard FY2026","200","OK","Authenticated users 1-47","text","true","","301169","864","50","50","http://prism.test/procurement-office?year=2026","6565","0","2"
"1791034505295","5783","MEASURED - Procurement dashboard FY2026","200","OK","Authenticated users 1-43","text","true","","301169","864","50","50","http://prism.test/procurement-office?year=2026","5778","0","1"
"1791034506330","4829","MEASURED - Procurement dashboard FY2026","200","OK","Authenticated users 1-36","text","true","","301168","864","50","50","http://prism.test/procurement-office?year=2026","4825","0","0"
"1791034506747","4415","MEASURED - Procurement dashboard FY2026","200","OK","Authenticated users 1-28","text","true","","301168","864","50","50","http://prism.test/procurement-office?year=2026","4412","0","0"
"1791034506392","4841","MEASURED - Procurement dashboard FY2026","200","OK","Authenticated users 1-26","text","true","","301168","864","50","50","http://prism.test/procurement-office?year=2026","4838","0","0"
"1791034509094","2186","MEASURED - Procurement dashboard FY2026","200","OK","Authenticated users 1-14","text","true","","301168","864","50","50","http://prism.test/procurement-office?year=2026","2182","0","0"
"1791034505907","5616","MEASURED - Procurement dashboard FY2026","200","OK","Authenticated users 1-20","text","true","","301168","864","50","50","http://prism.test/procurement-office?year=2026","5612","0","0"
"1791034509061","2561","MEASURED - Procurement dashboard FY2026","200","OK","Authenticated users 1-8","text","true","","301168","864","50","50","http://prism.test/procurement-office?year=2026","2558","0","0"
"1791034508718","2938","MEASURED - Procurement dashboard FY2026","200","OK","Authenticated users 1-7","text","true","","301168","864","50","50","http://prism.test/procurement-office?year=2026","2935","0","0"
"1791034508790","2947","MEASURED - Procurement dashboard FY2026","200","OK","Authenticated users 1-25","text","true","","301168","864","50","50","http://prism.test/procurement-office?year=2026","2943","0","0"
"1791034507028","5004","MEASURED - Procurement dashboard FY2026","200","OK","Authenticated users 1-32","text","true","","301168","864","50","50","http://prism.test/procurement-office?year=2026","5002","0","0"
"1791034509844","2233","MEASURED - Procurement dashboard FY2026","200","OK","Authenticated users 1-34","text","true","","301168","864","50","50","http://prism.test/procurement-office?year=2026","2230","0","0"
"1791034506022","6078","MEASURED - Procurement dashboard FY2026","200","OK","Authenticated users 1-46","text","true","","301169","864","50","50","http://prism.test/procurement-office?year=2026","6075","0","2"
"1791034509067","3041","MEASURED - Procurement dashboard FY2026","200","OK","Authenticated users 1-35","text","true","","301168","864","50","50","http://prism.test/procurement-office?year=2026","3039","0","0"
"1791034508870","3249","MEASURED - Procurement dashboard FY2026","200","OK","Authenticated users 1-31","text","true","","301168","864","50","50","http://prism.test/procurement-office?year=2026","3247","0","0"
"1791034506745","5418","MEASURED - Procurement dashboard FY2026","200","OK","Authenticated users 1-13","text","true","","301169","864","50","50","http://prism.test/procurement-office?year=2026","5415","0","2"
"1791034507111","5091","MEASURED - Procurement dashboard FY2026","200","OK","Authenticated users 1-12","text","true","","301168","864","50","50","http://prism.test/procurement-office?year=2026","5086","0","0"
"1791034508655","3566","MEASURED - Procurement dashboard FY2026","200","OK","Authenticated users 1-10","text","true","","301168","864","50","50","http://prism.test/procurement-office?year=2026","3563","0","0"
"1791034509111","3120","MEASURED - Procurement dashboard FY2026","200","OK","Authenticated users 1-50","text","true","","301168","864","50","50","http://prism.test/procurement-office?year=2026","3116","0","0"
"1791034508841","3408","MEASURED - Procurement dashboard FY2026","200","OK","Authenticated users 1-9","text","true","","301168","864","50","50","http://prism.test/procurement-office?year=2026","3406","0","0"
"1791034509832","2424","MEASURED - Procurement dashboard FY2026","200","OK","Authenticated users 1-37","text","true","","301168","864","50","50","http://prism.test/procurement-office?year=2026","2420","0","0"
"1791034510283","2264","MEASURED - Procurement dashboard FY2026","200","OK","Authenticated users 1-29","text","true","","301168","864","50","50","http://prism.test/procurement-office?year=2026","2261","0","0"
"1791034509358","3294","MEASURED - Procurement dashboard FY2026","200","OK","Authenticated users 1-30","text","true","","301168","864","50","50","http://prism.test/procurement-office?year=2026","3277","0","0"
"1791034509881","3196","MEASURED - Procurement dashboard FY2026","200","OK","Authenticated users 1-15","text","true","","301168","864","50","50","http://prism.test/procurement-office?year=2026","3193","0","0"
"1791034510072","3207","MEASURED - Procurement dashboard FY2026","200","OK","Authenticated users 1-19","text","true","","301168","864","50","50","http://prism.test/procurement-office?year=2026","3205","0","0"
"1791034508236","5050","MEASURED - Procurement dashboard FY2026","200","OK","Authenticated users 1-27","text","true","","301168","864","50","50","http://prism.test/procurement-office?year=2026","5045","0","0"
"1791034510283","3004","MEASURED - Procurement dashboard FY2026","200","OK","Authenticated users 1-17","text","true","","301169","864","50","50","http://prism.test/procurement-office?year=2026","2999","0","1"
"1791034509191","4098","MEASURED - Procurement dashboard FY2026","200","OK","Authenticated users 1-48","text","true","","301168","864","50","50","http://prism.test/procurement-office?year=2026","4094","0","0"
"1791034510125","3218","MEASURED - Procurement dashboard FY2026","200","OK","Authenticated users 1-5","text","true","","301168","864","50","50","http://prism.test/procurement-office?year=2026","3216","0","0"
"1791034510640","2734","MEASURED - Procurement dashboard FY2026","200","OK","Authenticated users 1-33","text","true","","301168","864","50","50","http://prism.test/procurement-office?year=2026","2730","0","0"
"1791034511236","2162","MEASURED - Procurement dashboard FY2026","200","OK","Authenticated users 1-26","text","true","","301168","864","50","50","http://prism.test/procurement-office?year=2026","2159","0","0"
"1791034507124","6428","MEASURED - Procurement dashboard FY2026","200","OK","Authenticated users 1-22","text","true","","301169","864","50","50","http://prism.test/procurement-office?year=2026","6425","0","2"
"1791034510810","2814","MEASURED - Procurement dashboard FY2026","200","OK","Authenticated users 1-44","text","true","","301169","864","50","50","http://prism.test/procurement-office?year=2026","2810","0","2"
"1791034508655","5051","MEASURED - Procurement dashboard FY2026","200","OK","Authenticated users 1-6","text","true","","301168","864","50","50","http://prism.test/procurement-office?year=2026","5048","0","0"
"1791034511624","2443","MEASURED - Procurement dashboard FY2026","200","OK","Authenticated users 1-8","text","true","","301168","864","50","50","http://prism.test/procurement-office?year=2026","2439","0","0"
"1791034512660","1410","MEASURED - Procurement dashboard FY2026","200","OK","Authenticated users 1-30","text","true","","301168","864","50","50","http://prism.test/procurement-office?year=2026","1407","0","0"
"1791034510169","3915","MEASURED - Procurement dashboard FY2026","200","OK","Authenticated users 1-41","text","true","","301168","864","50","50","http://prism.test/procurement-office?year=2026","3912","0","0"
"1791034511080","3094","MEASURED - Procurement dashboard FY2026","200","OK","Authenticated users 1-43","text","true","","301168","864","50","50","http://prism.test/procurement-office?year=2026","3093","0","0"
"1791034510344","3833","MEASURED - Procurement dashboard FY2026","200","OK","Authenticated users 1-2","text","true","","301168","864","50","50","http://prism.test/procurement-office?year=2026","3830","0","0"
"1791034510426","3788","MEASURED - Procurement dashboard FY2026","200","OK","Authenticated users 1-3","text","true","","301168","864","50","50","http://prism.test/procurement-office?year=2026","3785","0","0"
"1791034510858","3384","MEASURED - Procurement dashboard FY2026","200","OK","Authenticated users 1-47","text","true","","301168","864","50","50","http://prism.test/procurement-office?year=2026","3380","0","0"
"1791034508556","5893","MEASURED - Procurement dashboard FY2026","200","OK","Authenticated users 1-45","text","true","","301168","864","50","50","http://prism.test/procurement-office?year=2026","5889","0","0"
"1791034510812","3637","MEASURED - Procurement dashboard FY2026","200","OK","Authenticated users 1-16","text","true","","301168","864","50","50","http://prism.test/procurement-office?year=2026","3633","0","0"
"1791034510266","4550","MEASURED - Procurement dashboard FY2026","200","OK","Authenticated users 1-39","text","true","","301169","864","50","50","http://prism.test/procurement-office?year=2026","4549","0","1"
"1791034510670","4275","MEASURED - Procurement dashboard FY2026","200","OK","Authenticated users 1-4","text","true","","301168","864","50","50","http://prism.test/procurement-office?year=2026","4274","0","0"
"1791034512035","2909","MEASURED - Procurement dashboard FY2026","200","OK","Authenticated users 1-32","text","true","","301168","864","50","50","http://prism.test/procurement-office?year=2026","2909","0","0"
"1791034512079","2924","MEASURED - Procurement dashboard FY2026","200","OK","Authenticated users 1-34","text","true","","301168","864","50","50","http://prism.test/procurement-office?year=2026","2921","0","0"
"1791034511165","3875","MEASURED - Procurement dashboard FY2026","200","OK","Authenticated users 1-28","text","true","","301168","864","50","50","http://prism.test/procurement-office?year=2026","3871","0","0"
"1791034509174","5883","MEASURED - Procurement dashboard FY2026","200","OK","Authenticated users 1-23","text","true","","301168","864","50","50","http://prism.test/procurement-office?year=2026","5872","0","0"
"1791034508236","6821","MEASURED - Procurement dashboard FY2026","200","OK","Authenticated users 1-1","text","true","","301169","864","50","50","http://prism.test/procurement-office?year=2026","6817","0","2"
"1791034510036","5021","MEASURED - Procurement dashboard FY2026","200","OK","Authenticated users 1-38","text","true","","301168","864","50","50","http://prism.test/procurement-office?year=2026","5017","0","0"
"1791034512233","3187","MEASURED - Procurement dashboard FY2026","200","OK","Authenticated users 1-50","text","true","","301168","864","50","50","http://prism.test/procurement-office?year=2026","3184","0","0"
"1791034510372","5049","MEASURED - Procurement dashboard FY2026","200","OK","Authenticated users 1-40","text","true","","301168","864","50","50","http://prism.test/procurement-office?year=2026","5046","0","0"
"1791034510612","4847","MEASURED - Procurement dashboard FY2026","200","OK","Authenticated users 1-24","text","true","","301168","864","50","50","http://prism.test/procurement-office?year=2026","4843","0","0"
"1791034510674","4790","MEASURED - Procurement dashboard FY2026","200","OK","Authenticated users 1-42","text","true","","301168","864","50","50","http://prism.test/procurement-office?year=2026","4787","0","0"
"1791034511658","4186","MEASURED - Procurement dashboard FY2026","200","OK","Authenticated users 1-7","text","true","","301168","864","50","50","http://prism.test/procurement-office?year=2026","4184","0","0"
"1791034512121","3855","MEASURED - Procurement dashboard FY2026","200","OK","Authenticated users 1-31","text","true","","301168","864","50","50","http://prism.test/procurement-office?year=2026","3852","0","0"
"1791034511282","4703","MEASURED - Procurement dashboard FY2026","200","OK","Authenticated users 1-14","text","true","","301168","864","50","50","http://prism.test/procurement-office?year=2026","4699","0","0"
"1791034513082","2906","MEASURED - Procurement dashboard FY2026","200","OK","Authenticated users 1-15","text","true","","301168","864","50","50","http://prism.test/procurement-office?year=2026","2903","0","0"
"1791034512110","3899","MEASURED - Procurement dashboard FY2026","200","OK","Authenticated users 1-35","text","true","","301168","864","50","50","http://prism.test/procurement-office?year=2026","3896","0","0"
"1791034509616","6405","MEASURED - Procurement dashboard FY2026","200","OK","Authenticated users 1-49","text","true","","301169","864","50","50","http://prism.test/procurement-office?year=2026","6403","0","1"
"1791034514176","1905","MEASURED - Procurement dashboard FY2026","200","OK","Authenticated users 1-43","text","true","","301168","864","50","50","http://prism.test/procurement-office?year=2026","1901","0","0"
"1791034511525","4564","MEASURED - Procurement dashboard FY2026","200","OK","Authenticated users 1-20","text","true","","301168","864","50","50","http://prism.test/procurement-office?year=2026","4560","0","0"
"1791034511161","5352","MEASURED - Procurement dashboard FY2026","200","OK","Authenticated users 1-36","text","true","","301168","864","50","50","http://prism.test/procurement-office?year=2026","5352","0","0"
"1791034513281","3269","MEASURED - Procurement dashboard FY2026","200","OK","Authenticated users 1-19","text","true","","301168","864","50","50","http://prism.test/procurement-office?year=2026","3265","0","0"
"1791034510282","6391","MEASURED - Procurement dashboard FY2026","200","OK","Authenticated users 1-21","text","true","","301168","864","50","50","http://prism.test/procurement-office?year=2026","6388","0","0"
"1791034512251","4505","MEASURED - Procurement dashboard FY2026","200","OK","Authenticated users 1-9","text","true","","301168","864","50","50","http://prism.test/procurement-office?year=2026","4502","0","0"
"1791034513708","3049","MEASURED - Procurement dashboard FY2026","200","OK","Authenticated users 1-6","text","true","","301168","864","50","50","http://prism.test/procurement-office?year=2026","3046","0","0"
"1791034512258","4522","MEASURED - Procurement dashboard FY2026","200","OK","Authenticated users 1-37","text","true","","301168","864","50","50","http://prism.test/procurement-office?year=2026","4519","0","0"
"1791034513399","3560","MEASURED - Procurement dashboard FY2026","200","OK","Authenticated users 1-26","text","true","","301168","864","50","50","http://prism.test/procurement-office?year=2026","3556","0","0"
"1791034513554","3469","MEASURED - Procurement dashboard FY2026","200","OK","Authenticated users 1-22","text","true","","301168","864","50","50","http://prism.test/procurement-office?year=2026","3465","0","0"
"1791034508016","9066","MEASURED - Procurement dashboard FY2026","200","OK","Authenticated users 1-11","text","true","","301169","864","50","50","http://prism.test/procurement-office?year=2026","9061","0","2"
"1791034513376","3733","MEASURED - Procurement dashboard FY2026","200","OK","Authenticated users 1-33","text","true","","301168","864","50","50","http://prism.test/procurement-office?year=2026","3730","0","0"
"1791034512102","5010","MEASURED - Procurement dashboard FY2026","200","OK","Authenticated users 1-46","text","true","","301168","864","50","50","http://prism.test/procurement-office?year=2026","5005","0","0"
"1791034514946","2174","MEASURED - Procurement dashboard FY2026","200","OK","Authenticated users 1-4","text","true","","301168","864","50","50","http://prism.test/procurement-office?year=2026","2164","0","0"
"1791034513626","3551","MEASURED - Procurement dashboard FY2026","200","OK","Authenticated users 1-44","text","true","","301168","864","50","50","http://prism.test/procurement-office?year=2026","3548","0","0"
"1791034512204","4999","MEASURED - Procurement dashboard FY2026","200","OK","Authenticated users 1-12","text","true","","301168","864","50","50","http://prism.test/procurement-office?year=2026","4996","0","0"
"1791034512165","5041","MEASURED - Procurement dashboard FY2026","200","OK","Authenticated users 1-13","text","true","","301168","864","50","50","http://prism.test/procurement-office?year=2026","5038","0","0"
"1791034512224","5037","MEASURED - Procurement dashboard FY2026","200","OK","Authenticated users 1-10","text","true","","301168","864","50","50","http://prism.test/procurement-office?year=2026","5034","0","0"
"1791034511739","5545","MEASURED - Procurement dashboard FY2026","200","OK","Authenticated users 1-25","text","true","","301169","864","50","50","http://prism.test/procurement-office?year=2026","5542","0","1"
"1791034515978","1343","MEASURED - Procurement dashboard FY2026","200","OK","Authenticated users 1-31","text","true","","301168","864","50","50","http://prism.test/procurement-office?year=2026","1339","0","0"
"1791034512550","5047","MEASURED - Procurement dashboard FY2026","200","OK","Authenticated users 1-29","text","true","","301168","864","50","50","http://prism.test/procurement-office?year=2026","5044","0","0"
"1791034514086","3708","MEASURED - Procurement dashboard FY2026","200","OK","Authenticated users 1-41","text","true","","301168","864","50","50","http://prism.test/procurement-office?year=2026","3703","0","0"
"1791034513291","4518","MEASURED - Procurement dashboard FY2026","200","OK","Authenticated users 1-48","text","true","","301168","864","50","50","http://prism.test/procurement-office?year=2026","4518","0","0"
"1791034514450","3379","MEASURED - Procurement dashboard FY2026","200","OK","Authenticated users 1-16","text","true","","301168","864","50","50","http://prism.test/procurement-office?year=2026","3376","0","0"
"1791034515421","2429","MEASURED - Procurement dashboard FY2026","200","OK","Authenticated users 1-50","text","true","","301168","864","50","50","http://prism.test/procurement-office?year=2026","2426","0","0"
"1791034514450","3479","MEASURED - Procurement dashboard FY2026","200","OK","Authenticated users 1-45","text","true","","301168","864","50","50","http://prism.test/procurement-office?year=2026","3476","0","0"
"1791034515004","2938","MEASURED - Procurement dashboard FY2026","200","OK","Authenticated users 1-34","text","true","","301168","864","50","50","http://prism.test/procurement-office?year=2026","2936","0","0"
"1791034514243","3704","MEASURED - Procurement dashboard FY2026","200","OK","Authenticated users 1-47","text","true","","301168","864","50","50","http://prism.test/procurement-office?year=2026","3697","0","0"
"1791034514216","3794","MEASURED - Procurement dashboard FY2026","200","OK","Authenticated users 1-3","text","true","","301168","864","50","50","http://prism.test/procurement-office?year=2026","3791","0","0"
"1791034515059","3079","MEASURED - Procurement dashboard FY2026","200","OK","Authenticated users 1-1","text","true","","301168","864","50","50","http://prism.test/procurement-office?year=2026","3076","0","0"
"1791034516010","2186","MEASURED - Procurement dashboard FY2026","200","OK","Authenticated users 1-35","text","true","","301168","864","50","50","http://prism.test/procurement-office?year=2026","2183","0","0"
"1791034515460","2791","MEASURED - Procurement dashboard FY2026","200","OK","Authenticated users 1-24","text","true","","301168","864","50","50","http://prism.test/procurement-office?year=2026","2788","0","0"
"1791034515845","2507","MEASURED - Procurement dashboard FY2026","200","OK","Authenticated users 1-7","text","true","","301168","864","50","50","http://prism.test/procurement-office?year=2026","2504","0","0"
"1791034515059","3295","MEASURED - Procurement dashboard FY2026","200","OK","Authenticated users 1-23","text","true","","301168","864","50","50","http://prism.test/procurement-office?year=2026","3292","0","0"
"1791034515041","3344","MEASURED - Procurement dashboard FY2026","200","OK","Authenticated users 1-28","text","true","","301168","864","50","50","http://prism.test/procurement-office?year=2026","3341","0","0"
"1791034514069","4332","MEASURED - Procurement dashboard FY2026","200","OK","Authenticated users 1-8","text","true","","301168","864","50","50","http://prism.test/procurement-office?year=2026","4329","0","0"
"1791034515422","2979","MEASURED - Procurement dashboard FY2026","200","OK","Authenticated users 1-40","text","true","","301168","864","50","50","http://prism.test/procurement-office?year=2026","2975","0","0"
"1791034513288","5185","MEASURED - Procurement dashboard FY2026","200","OK","Authenticated users 1-27","text","true","","301168","864","50","50","http://prism.test/procurement-office?year=2026","5182","0","0"
"1791034513345","5377","MEASURED - Procurement dashboard FY2026","200","OK","Authenticated users 1-5","text","true","","301168","864","50","50","http://prism.test/procurement-office?year=2026","5373","0","0"
"1791034514072","4650","MEASURED - Procurement dashboard FY2026","200","OK","Authenticated users 1-30","text","true","","301168","864","50","50","http://prism.test/procurement-office?year=2026","4646","0","0"
"1791034513289","5434","MEASURED - Procurement dashboard FY2026","200","OK","Authenticated users 1-17","text","true","","301168","864","50","50","http://prism.test/procurement-office?year=2026","5429","0","0"
"1791034514946","3839","MEASURED - Procurement dashboard FY2026","200","OK","Authenticated users 1-32","text","true","","301168","864","50","50","http://prism.test/procurement-office?year=2026","3837","0","0"
"1791034515986","2840","MEASURED - Procurement dashboard FY2026","200","OK","Authenticated users 1-14","text","true","","301168","864","50","50","http://prism.test/procurement-office?year=2026","2837","0","0"
"1791034515466","3362","MEASURED - Procurement dashboard FY2026","200","OK","Authenticated users 1-42","text","true","","301168","864","50","50","http://prism.test/procurement-office?year=2026","3359","0","0"
"1791034516674","2375","MEASURED - Procurement dashboard FY2026","200","OK","Authenticated users 1-21","text","true","","301168","864","50","50","http://prism.test/procurement-office?year=2026","2371","0","0"
"1791034516022","3026","MEASURED - Procurement dashboard FY2026","200","OK","Authenticated users 1-49","text","true","","301168","864","50","50","http://prism.test/procurement-office?year=2026","3023","0","0"
"1791034515989","3198","MEASURED - Procurement dashboard FY2026","200","OK","Authenticated users 1-15","text","true","","301168","864","50","50","http://prism.test/procurement-office?year=2026","3195","0","0"
"1791034516082","3314","MEASURED - Procurement dashboard FY2026","200","OK","Authenticated users 1-43","text","true","","301168","864","50","50","http://prism.test/procurement-office?year=2026","3311","0","0"
"1791034514817","4716","MEASURED - Procurement dashboard FY2026","200","OK","Authenticated users 1-39","text","true","","301168","864","50","50","http://prism.test/procurement-office?year=2026","4713","0","0"
"1791034516551","2999","MEASURED - Procurement dashboard FY2026","200","OK","Authenticated users 1-19","text","true","","301168","864","50","50","http://prism.test/procurement-office?year=2026","2996","0","0"
"1791034516758","2885","MEASURED - Procurement dashboard FY2026","200","OK","Authenticated users 1-6","text","true","","301168","864","50","50","http://prism.test/procurement-office?year=2026","2881","0","0"
"1791034514179","5861","MEASURED - Procurement dashboard FY2026","200","OK","Authenticated users 1-2","text","true","","301168","864","50","50","http://prism.test/procurement-office?year=2026","5857","0","0"
"1791034515059","5021","MEASURED - Procurement dashboard FY2026","200","OK","Authenticated users 1-38","text","true","","301168","864","50","50","http://prism.test/procurement-office?year=2026","5017","0","0"
"1791034517323","2759","MEASURED - Procurement dashboard FY2026","200","OK","Authenticated users 1-31","text","true","","301168","864","50","50","http://prism.test/procurement-office?year=2026","2755","0","0"
"1791034517083","3114","MEASURED - Procurement dashboard FY2026","200","OK","Authenticated users 1-11","text","true","","301168","864","50","50","http://prism.test/procurement-office?year=2026","3111","0","0"
"1791034516758","3539","MEASURED - Procurement dashboard FY2026","200","OK","Authenticated users 1-9","text","true","","301168","864","50","50","http://prism.test/procurement-office?year=2026","3535","0","0"
"1791034517208","3414","MEASURED - Procurement dashboard FY2026","200","OK","Authenticated users 1-13","text","true","","301168","864","50","50","http://prism.test/procurement-office?year=2026","3411","0","0"
"1791034516090","4536","MEASURED - Procurement dashboard FY2026","200","OK","Authenticated users 1-20","text","true","","301168","864","50","50","http://prism.test/procurement-office?year=2026","4533","0","0"
"1791034517262","3490","MEASURED - Procurement dashboard FY2026","200","OK","Authenticated users 1-10","text","true","","301168","864","50","50","http://prism.test/procurement-office?year=2026","3487","0","0"
"1791034516515","4240","MEASURED - Procurement dashboard FY2026","200","OK","Authenticated users 1-36","text","true","","301168","864","50","50","http://prism.test/procurement-office?year=2026","4240","0","0"
"1791034517112","3644","MEASURED - Procurement dashboard FY2026","200","OK","Authenticated users 1-46","text","true","","301168","864","50","50","http://prism.test/procurement-office?year=2026","3637","0","0"
"1791034517944","2858","MEASURED - Procurement dashboard FY2026","200","OK","Authenticated users 1-34","text","true","","301168","864","50","50","http://prism.test/procurement-office?year=2026","2855","0","0"
"1791034517795","3029","MEASURED - Procurement dashboard FY2026","200","OK","Authenticated users 1-41","text","true","","301168","864","50","50","http://prism.test/procurement-office?year=2026","3026","0","0"
"1791034517204","3647","MEASURED - Procurement dashboard FY2026","200","OK","Authenticated users 1-12","text","true","","301168","864","50","50","http://prism.test/procurement-office?year=2026","3643","0","0"
"1791034517111","3899","MEASURED - Procurement dashboard FY2026","200","OK","Authenticated users 1-33","text","true","","301168","864","50","50","http://prism.test/procurement-office?year=2026","3896","0","0"
"1791034518140","2927","MEASURED - Procurement dashboard FY2026","200","OK","Authenticated users 1-1","text","true","","301168","864","50","50","http://prism.test/procurement-office?year=2026","2924","0","0"
"1791034517285","3908","MEASURED - Procurement dashboard FY2026","200","OK","Authenticated users 1-25","text","true","","301168","864","50","50","http://prism.test/procurement-office?year=2026","3905","0","0"
"1791034517179","4014","MEASURED - Procurement dashboard FY2026","200","OK","Authenticated users 1-44","text","true","","301168","864","50","50","http://prism.test/procurement-office?year=2026","4010","0","0"
"1791034518198","2998","MEASURED - Procurement dashboard FY2026","200","OK","Authenticated users 1-35","text","true","","301168","864","50","50","http://prism.test/procurement-office?year=2026","2994","0","0"
"1791034518356","2873","MEASURED - Procurement dashboard FY2026","200","OK","Authenticated users 1-23","text","true","","301168","864","50","50","http://prism.test/procurement-office?year=2026","2868","0","0"
"1791034518010","3272","MEASURED - Procurement dashboard FY2026","200","OK","Authenticated users 1-3","text","true","","301168","864","50","50","http://prism.test/procurement-office?year=2026","3268","0","0"
"1791034517121","4200","MEASURED - Procurement dashboard FY2026","200","OK","Authenticated users 1-4","text","true","","301168","864","50","50","http://prism.test/procurement-office?year=2026","4197","0","0"
"1791034519050","2452","MEASURED - Procurement dashboard FY2026","200","OK","Authenticated users 1-21","text","true","","301168","864","50","50","http://prism.test/procurement-office?year=2026","2448","0","0"
"1791034517598","3905","MEASURED - Procurement dashboard FY2026","200","OK","Authenticated users 1-29","text","true","","301168","864","50","50","http://prism.test/procurement-office?year=2026","3901","0","0"
"1791034517931","3639","MEASURED - Procurement dashboard FY2026","200","OK","Authenticated users 1-45","text","true","","301168","864","50","50","http://prism.test/procurement-office?year=2026","3636","0","0"
"1791034519051","2533","MEASURED - Procurement dashboard FY2026","200","OK","Authenticated users 1-49","text","true","","301168","864","50","50","http://prism.test/procurement-office?year=2026","2531","0","0"
"1791034517852","3764","MEASURED - Procurement dashboard FY2026","200","OK","Authenticated users 1-50","text","true","","301168","864","50","50","http://prism.test/procurement-office?year=2026","3760","0","0"
"1791034518788","2917","MEASURED - Procurement dashboard FY2026","200","OK","Authenticated users 1-32","text","true","","301168","864","50","50","http://prism.test/procurement-office?year=2026","2916","0","0"
"1791034517832","3921","MEASURED - Procurement dashboard FY2026","200","OK","Authenticated users 1-16","text","true","","301168","864","50","50","http://prism.test/procurement-office?year=2026","3917","0","0"
"1791034519536","2257","MEASURED - Procurement dashboard FY2026","200","OK","Authenticated users 1-39","text","true","","301168","864","50","50","http://prism.test/procurement-office?year=2026","2253","0","0"
"1791034517948","3876","MEASURED - Procurement dashboard FY2026","200","OK","Authenticated users 1-47","text","true","","301168","864","50","50","http://prism.test/procurement-office?year=2026","3872","0","0"
"1791034518253","3595","MEASURED - Procurement dashboard FY2026","200","OK","Authenticated users 1-24","text","true","","301168","864","50","50","http://prism.test/procurement-office?year=2026","3592","0","0"
"1791034520042","1901","MEASURED - Procurement dashboard FY2026","200","OK","Authenticated users 1-2","text","true","","301168","864","50","50","http://prism.test/procurement-office?year=2026","1898","0","0"
"1791034518387","3654","MEASURED - Procurement dashboard FY2026","200","OK","Authenticated users 1-28","text","true","","301168","864","50","50","http://prism.test/procurement-office?year=2026","3650","0","0"
"1791034519189","2869","MEASURED - Procurement dashboard FY2026","200","OK","Authenticated users 1-15","text","true","","301168","864","50","50","http://prism.test/procurement-office?year=2026","2854","0","0"
"1791034517822","4285","MEASURED - Procurement dashboard FY2026","200","OK","Authenticated users 1-48","text","true","","301168","864","50","50","http://prism.test/procurement-office?year=2026","4270","0","0"
"1791034518354","3771","MEASURED - Procurement dashboard FY2026","200","OK","Authenticated users 1-7","text","true","","301168","864","50","50","http://prism.test/procurement-office?year=2026","3756","0","0"
"1791034518828","3461","MEASURED - Procurement dashboard FY2026","200","OK","Authenticated users 1-14","text","true","","301168","864","50","50","http://prism.test/procurement-office?year=2026","3458","0","0"
"1791034520083","2232","MEASURED - Procurement dashboard FY2026","200","OK","Authenticated users 1-38","text","true","","301168","864","50","50","http://prism.test/procurement-office?year=2026","2229","0","0"
"1791034520629","1696","MEASURED - Procurement dashboard FY2026","200","OK","Authenticated users 1-20","text","true","","301168","864","50","50","http://prism.test/procurement-office?year=2026","1693","0","0"
"1791034520300","2048","MEASURED - Procurement dashboard FY2026","200","OK","Authenticated users 1-9","text","true","","301168","864","50","50","http://prism.test/procurement-office?year=2026","2045","0","0"
"1791034518402","4272","MEASURED - Procurement dashboard FY2026","200","OK","Authenticated users 1-8","text","true","","301168","864","50","50","http://prism.test/procurement-office?year=2026","4269","0","0"
"1791034518403","4325","MEASURED - Procurement dashboard FY2026","200","OK","Authenticated users 1-40","text","true","","301168","864","50","50","http://prism.test/procurement-office?year=2026","4322","0","0"
"1791034517024","6091","MEASURED - Procurement dashboard FY2026","200","OK","Authenticated users 1-22","text","true","","301168","864","50","50","http://prism.test/procurement-office?year=2026","6088","0","0"
"1791034516781","6337","MEASURED - Procurement dashboard FY2026","200","OK","Authenticated users 1-37","text","true","","301168","864","50","50","http://prism.test/procurement-office?year=2026","6334","0","0"
"1791034518723","4565","MEASURED - Procurement dashboard FY2026","200","OK","Authenticated users 1-5","text","true","","301168","864","50","50","http://prism.test/procurement-office?year=2026","4562","0","0"
"1791034518723","4566","MEASURED - Procurement dashboard FY2026","200","OK","Authenticated users 1-17","text","true","","301168","864","50","50","http://prism.test/procurement-office?year=2026","4563","0","0"
"1791034520755","2588","MEASURED - Procurement dashboard FY2026","200","OK","Authenticated users 1-10","text","true","","301168","864","50","50","http://prism.test/procurement-office?year=2026","2584","0","0"
"1791034521070","2278","MEASURED - Procurement dashboard FY2026","200","OK","Authenticated users 1-1","text","true","","301168","864","50","50","http://prism.test/procurement-office?year=2026","2275","0","0"
"1791034518723","4719","MEASURED - Procurement dashboard FY2026","200","OK","Authenticated users 1-30","text","true","","301168","864","50","50","http://prism.test/procurement-office?year=2026","4716","0","0"
"1791034518830","4626","MEASURED - Procurement dashboard FY2026","200","OK","Authenticated users 1-42","text","true","","301168","864","50","50","http://prism.test/procurement-office?year=2026","4624","0","0"
"1791034519398","4100","MEASURED - Procurement dashboard FY2026","200","OK","Authenticated users 1-43","text","true","","301168","864","50","50","http://prism.test/procurement-office?year=2026","4098","0","0"
"1791034516960","6567","MEASURED - Procurement dashboard FY2026","200","OK","Authenticated users 1-26","text","true","","301168","864","50","50","http://prism.test/procurement-office?year=2026","6564","0","0"
"1791034521199","2400","MEASURED - Procurement dashboard FY2026","200","OK","Authenticated users 1-35","text","true","","301168","864","50","50","http://prism.test/procurement-office?year=2026","2397","0","0"
"1791034518474","5217","MEASURED - Procurement dashboard FY2026","200","OK","Authenticated users 1-27","text","true","","301168","864","50","50","http://prism.test/procurement-office?year=2026","5214","0","0"
"1791034521014","2721","MEASURED - Procurement dashboard FY2026","200","OK","Authenticated users 1-33","text","true","","301168","864","50","50","http://prism.test/procurement-office?year=2026","2718","0","0"
"1791034520854","2944","MEASURED - Procurement dashboard FY2026","200","OK","Authenticated users 1-12","text","true","","301168","864","50","50","http://prism.test/procurement-office?year=2026","2940","0","0"
"1791034521588","2728","MEASURED - Procurement dashboard FY2026","200","OK","Authenticated users 1-49","text","true","","301168","864","50","50","http://prism.test/procurement-office?year=2026","2722","0","0"
"1791034521573","2745","MEASURED - Procurement dashboard FY2026","200","OK","Authenticated users 1-45","text","true","","301168","864","50","50","http://prism.test/procurement-office?year=2026","2742","0","0"
"1791034520625","3751","MEASURED - Procurement dashboard FY2026","200","OK","Authenticated users 1-13","text","true","","301168","864","50","50","http://prism.test/procurement-office?year=2026","3747","0","0"
"1791034521505","2990","MEASURED - Procurement dashboard FY2026","200","OK","Authenticated users 1-21","text","true","","301168","864","50","50","http://prism.test/procurement-office?year=2026","2986","0","0"
"1791034519646","4851","MEASURED - Procurement dashboard FY2026","200","OK","Authenticated users 1-6","text","true","","301168","864","50","50","http://prism.test/procurement-office?year=2026","4844","0","0"
"1791034520759","3752","MEASURED - Procurement dashboard FY2026","200","OK","Authenticated users 1-46","text","true","","301168","864","50","50","http://prism.test/procurement-office?year=2026","3731","0","0"
"1791034522117","2398","MEASURED - Procurement dashboard FY2026","200","OK","Authenticated users 1-48","text","true","","301168","864","50","50","http://prism.test/procurement-office?year=2026","2374","0","0"
"1791034522045","2636","MEASURED - Procurement dashboard FY2026","200","OK","Authenticated users 1-28","text","true","","301168","864","50","50","http://prism.test/procurement-office?year=2026","2634","0","0"
"1791034520758","3924","MEASURED - Procurement dashboard FY2026","200","OK","Authenticated users 1-36","text","true","","301168","864","50","50","http://prism.test/procurement-office?year=2026","3921","0","0"
"1791034520200","4518","MEASURED - Procurement dashboard FY2026","200","OK","Authenticated users 1-11","text","true","","301168","864","50","50","http://prism.test/procurement-office?year=2026","4515","0","0"
"1791034521828","2945","MEASURED - Procurement dashboard FY2026","200","OK","Authenticated users 1-47","text","true","","301168","864","50","50","http://prism.test/procurement-office?year=2026","2942","0","0"
"1791034522350","2551","MEASURED - Procurement dashboard FY2026","200","OK","Authenticated users 1-9","text","true","","301168","864","50","50","http://prism.test/procurement-office?year=2026","2548","0","0"
"1791034521618","3289","MEASURED - Procurement dashboard FY2026","200","OK","Authenticated users 1-50","text","true","","301168","864","50","50","http://prism.test/procurement-office?year=2026","3285","0","0"
"1791034520827","4211","MEASURED - Procurement dashboard FY2026","200","OK","Authenticated users 1-41","text","true","","301168","864","50","50","http://prism.test/procurement-office?year=2026","4207","0","0"
"1791034521285","3835","MEASURED - Procurement dashboard FY2026","200","OK","Authenticated users 1-3","text","true","","301168","864","50","50","http://prism.test/procurement-office?year=2026","3831","0","0"
"1791034519553","5569","MEASURED - Procurement dashboard FY2026","200","OK","Authenticated users 1-19","text","true","","301168","864","50","50","http://prism.test/procurement-office?year=2026","5566","0","0"
"1791034521795","3546","MEASURED - Procurement dashboard FY2026","200","OK","Authenticated users 1-39","text","true","","301168","864","50","50","http://prism.test/procurement-office?year=2026","3543","0","0"
"1791034522327","3016","MEASURED - Procurement dashboard FY2026","200","OK","Authenticated users 1-20","text","true","","301168","864","50","50","http://prism.test/procurement-office?year=2026","3013","0","0"
"1791034522069","3278","MEASURED - Procurement dashboard FY2026","200","OK","Authenticated users 1-15","text","true","","301168","864","50","50","http://prism.test/procurement-office?year=2026","3272","0","0"
"1791034520805","4594","MEASURED - Procurement dashboard FY2026","200","OK","Authenticated users 1-34","text","true","","301168","864","50","50","http://prism.test/procurement-office?year=2026","4591","0","0"
"1791034523121","2332","MEASURED - Procurement dashboard FY2026","200","OK","Authenticated users 1-37","text","true","","301168","864","50","50","http://prism.test/procurement-office?year=2026","2328","0","0"
"1791034523501","2120","MEASURED - Procurement dashboard FY2026","200","OK","Authenticated users 1-43","text","true","","301168","864","50","50","http://prism.test/procurement-office?year=2026","2117","0","0"
"1791034523459","2189","MEASURED - Procurement dashboard FY2026","200","OK","Authenticated users 1-42","text","true","","301168","864","50","50","http://prism.test/procurement-office?year=2026","2185","0","0"
"1791034521708","3944","MEASURED - Procurement dashboard FY2026","200","OK","Authenticated users 1-32","text","true","","301168","864","50","50","http://prism.test/procurement-office?year=2026","3940","0","0"
"1791034521852","3827","MEASURED - Procurement dashboard FY2026","200","OK","Authenticated users 1-24","text","true","","301168","864","50","50","http://prism.test/procurement-office?year=2026","3824","0","0"
"1791034521506","4175","MEASURED - Procurement dashboard FY2026","200","OK","Authenticated users 1-29","text","true","","301168","864","50","50","http://prism.test/procurement-office?year=2026","4172","0","0"
"1791034520085","5756","MEASURED - Procurement dashboard FY2026","200","OK","Authenticated users 1-31","text","true","","301168","864","50","50","http://prism.test/procurement-office?year=2026","5753","0","0"
"1791034522292","3574","MEASURED - Procurement dashboard FY2026","200","OK","Authenticated users 1-14","text","true","","301168","864","50","50","http://prism.test/procurement-office?year=2026","3571","0","0"
"1791034522730","3137","MEASURED - Procurement dashboard FY2026","200","OK","Authenticated users 1-40","text","true","","301168","864","50","50","http://prism.test/procurement-office?year=2026","3133","0","0"
"1791034524318","1658","MEASURED - Procurement dashboard FY2026","200","OK","Authenticated users 1-49","text","true","","301168","864","50","50","http://prism.test/procurement-office?year=2026","1655","0","0"
"1791034521755","4473","MEASURED - Procurement dashboard FY2026","200","OK","Authenticated users 1-16","text","true","","301168","864","50","50","http://prism.test/procurement-office?year=2026","4470","0","0"
"1791034521197","5034","MEASURED - Procurement dashboard FY2026","200","OK","Authenticated users 1-25","text","true","","301168","864","50","50","http://prism.test/procurement-office?year=2026","5030","0","0"
"1791034524513","1928","MEASURED - Procurement dashboard FY2026","200","OK","Authenticated users 1-46","text","true","","301168","864","50","50","http://prism.test/procurement-office?year=2026","1925","0","0"
"1791034521197","5246","MEASURED - Procurement dashboard FY2026","200","OK","Authenticated users 1-44","text","true","","301168","864","50","50","http://prism.test/procurement-office?year=2026","5243","0","0"
"1791034522317","4134","MEASURED - Procurement dashboard FY2026","200","OK","Authenticated users 1-38","text","true","","301168","864","50","50","http://prism.test/procurement-office?year=2026","4131","0","0"
"1791034522128","4327","MEASURED - Procurement dashboard FY2026","200","OK","Authenticated users 1-7","text","true","","301168","864","50","50","http://prism.test/procurement-office?year=2026","4323","0","0"
"1791034522677","3811","MEASURED - Procurement dashboard FY2026","200","OK","Authenticated users 1-8","text","true","","301168","864","50","50","http://prism.test/procurement-office?year=2026","3808","0","0"
"1791034523530","3049","MEASURED - Procurement dashboard FY2026","200","OK","Authenticated users 1-26","text","true","","301168","864","50","50","http://prism.test/procurement-office?year=2026","3045","0","0"
"1791034523345","3379","MEASURED - Procurement dashboard FY2026","200","OK","Authenticated users 1-10","text","true","","301168","864","50","50","http://prism.test/procurement-office?year=2026","3376","0","0"
"1791034521232","5543","MEASURED - Procurement dashboard FY2026","200","OK","Authenticated users 1-23","text","true","","301168","864","50","50","http://prism.test/procurement-office?year=2026","5540","0","0"
"1791034523800","2985","MEASURED - Procurement dashboard FY2026","200","OK","Authenticated users 1-12","text","true","","301168","864","50","50","http://prism.test/procurement-office?year=2026","2982","0","0"
"1791034523445","3457","MEASURED - Procurement dashboard FY2026","200","OK","Authenticated users 1-30","text","true","","301168","864","50","50","http://prism.test/procurement-office?year=2026","3447","0","0"
"1791034523118","3838","MEASURED - Procurement dashboard FY2026","200","OK","Authenticated users 1-22","text","true","","301168","864","50","50","http://prism.test/procurement-office?year=2026","3835","0","0"
"1791034523694","3636","MEASURED - Procurement dashboard FY2026","200","OK","Authenticated users 1-27","text","true","","301168","864","50","50","http://prism.test/procurement-office?year=2026","3633","0","0"
"1791034521944","5392","MEASURED - Procurement dashboard FY2026","200","OK","Authenticated users 1-2","text","true","","301168","864","50","50","http://prism.test/procurement-office?year=2026","5389","0","0"
"1791034524497","2869","MEASURED - Procurement dashboard FY2026","200","OK","Authenticated users 1-21","text","true","","301168","864","50","50","http://prism.test/procurement-office?year=2026","2866","0","0"
"1791034523601","3819","MEASURED - Procurement dashboard FY2026","200","OK","Authenticated users 1-35","text","true","","301168","864","50","50","http://prism.test/procurement-office?year=2026","3815","0","0"
"1791034523350","4189","MEASURED - Procurement dashboard FY2026","200","OK","Authenticated users 1-1","text","true","","301168","864","50","50","http://prism.test/procurement-office?year=2026","4186","0","0"
"1791034524499","3082","MEASURED - Procurement dashboard FY2026","200","OK","Authenticated users 1-6","text","true","","301168","864","50","50","http://prism.test/procurement-office?year=2026","3079","0","0"
"1791034524720","2919","MEASURED - Procurement dashboard FY2026","200","OK","Authenticated users 1-11","text","true","","301168","864","50","50","http://prism.test/procurement-office?year=2026","2919","0","0"
"1791034523292","4360","MEASURED - Procurement dashboard FY2026","200","OK","Authenticated users 1-17","text","true","","301168","864","50","50","http://prism.test/procurement-office?year=2026","4357","0","0"
"1791034524377","3281","MEASURED - Procurement dashboard FY2026","200","OK","Authenticated users 1-13","text","true","","301168","864","50","50","http://prism.test/procurement-office?year=2026","3277","0","0"
"1791034525623","2092","MEASURED - Procurement dashboard FY2026","200","OK","Authenticated users 1-43","text","true","","301168","864","50","50","http://prism.test/procurement-office?year=2026","2089","0","0"
"1791034524517","3250","MEASURED - Procurement dashboard FY2026","200","OK","Authenticated users 1-48","text","true","","301168","864","50","50","http://prism.test/procurement-office?year=2026","3246","0","0"
"1791034523737","4035","MEASURED - Procurement dashboard FY2026","200","OK","Authenticated users 1-33","text","true","","301168","864","50","50","http://prism.test/procurement-office?year=2026","4032","0","0"
"1791034525654","2459","MEASURED - Procurement dashboard FY2026","200","OK","Authenticated users 1-32","text","true","","301168","864","50","50","http://prism.test/procurement-office?year=2026","2457","0","0"
"1791034523291","4830","MEASURED - Procurement dashboard FY2026","200","OK","Authenticated users 1-5","text","true","","301168","864","50","50","http://prism.test/procurement-office?year=2026","4827","0","0"
"1791034524684","3439","MEASURED - Procurement dashboard FY2026","200","OK","Authenticated users 1-36","text","true","","301168","864","50","50","http://prism.test/procurement-office?year=2026","3435","0","0"
"1791034525683","2582","MEASURED - Procurement dashboard FY2026","200","OK","Authenticated users 1-29","text","true","","301168","864","50","50","http://prism.test/procurement-office?year=2026","2578","0","0"
"1791034521324","6990","MEASURED - Procurement dashboard FY2026","200","OK","Authenticated users 1-4","text","true","","301169","864","50","50","http://prism.test/procurement-office?year=2026","6986","0","2"
"1791034524903","3501","MEASURED - Procurement dashboard FY2026","200","OK","Authenticated users 1-9","text","true","","301168","864","50","50","http://prism.test/procurement-office?year=2026","3497","0","0"
"1791034524775","3681","MEASURED - Procurement dashboard FY2026","200","OK","Authenticated users 1-47","text","true","","301168","864","50","50","http://prism.test/procurement-office?year=2026","3679","0","0"
"1791034524319","4148","MEASURED - Procurement dashboard FY2026","200","OK","Authenticated users 1-45","text","true","","301169","864","50","50","http://prism.test/procurement-office?year=2026","4145","0","2"
"1791034525842","2666","MEASURED - Procurement dashboard FY2026","200","OK","Authenticated users 1-31","text","true","","301168","864","50","50","http://prism.test/procurement-office?year=2026","2663","0","0"
"1791034525868","2664","MEASURED - Procurement dashboard FY2026","200","OK","Authenticated users 1-40","text","true","","301168","864","50","50","http://prism.test/procurement-office?year=2026","2660","0","0"
"1791034526445","2516","MEASURED - Procurement dashboard FY2026","200","OK","Authenticated users 1-44","text","true","","301168","864","50","50","http://prism.test/procurement-office?year=2026","2512","0","0"
"1791034525345","3781","MEASURED - Procurement dashboard FY2026","200","OK","Authenticated users 1-20","text","true","","301168","864","50","50","http://prism.test/procurement-office?year=2026","3776","0","0"
"1791034525868","3390","MEASURED - Procurement dashboard FY2026","200","OK","Authenticated users 1-14","text","true","","301168","864","50","50","http://prism.test/procurement-office?year=2026","3387","0","0"
"1791034524909","4376","MEASURED - Procurement dashboard FY2026","200","OK","Authenticated users 1-50","text","true","","301168","864","50","50","http://prism.test/procurement-office?year=2026","4373","0","0"
"1791034525650","3653","MEASURED - Procurement dashboard FY2026","200","OK","Authenticated users 1-42","text","true","","301168","864","50","50","http://prism.test/procurement-office?year=2026","3650","0","0"
"1791034525123","4228","MEASURED - Procurement dashboard FY2026","200","OK","Authenticated users 1-3","text","true","","301168","864","50","50","http://prism.test/procurement-office?year=2026","4225","0","0"
"1791034527333","2130","MEASURED - Procurement dashboard FY2026","200","OK","Authenticated users 1-27","text","true","","301168","864","50","50","http://prism.test/procurement-office?year=2026","2130","0","0"
"1791034525039","4447","MEASURED - Procurement dashboard FY2026","200","OK","Authenticated users 1-41","text","true","","301168","864","50","50","http://prism.test/procurement-office?year=2026","4444","0","0"
"1791034527368","2147","MEASURED - Procurement dashboard FY2026","200","OK","Authenticated users 1-21","text","true","","301168","864","50","50","http://prism.test/procurement-office?year=2026","2143","0","0"
"1791034524683","4865","MEASURED - Procurement dashboard FY2026","200","OK","Authenticated users 1-28","text","true","","301168","864","50","50","http://prism.test/procurement-office?year=2026","4861","0","0"
"1791034525124","4474","MEASURED - Procurement dashboard FY2026","200","OK","Authenticated users 1-19","text","true","","301168","864","50","50","http://prism.test/procurement-office?year=2026","4470","0","0"
"1791034526233","3367","MEASURED - Procurement dashboard FY2026","200","OK","Authenticated users 1-25","text","true","","301168","864","50","50","http://prism.test/procurement-office?year=2026","3363","0","0"
"1791034525344","4301","MEASURED - Procurement dashboard FY2026","200","OK","Authenticated users 1-39","text","true","","301168","864","50","50","http://prism.test/procurement-office?year=2026","4297","0","0"
"1791034526490","3395","MEASURED - Procurement dashboard FY2026","200","OK","Authenticated users 1-8","text","true","","301168","864","50","50","http://prism.test/procurement-office?year=2026","3391","0","0"
"1791034526442","3446","MEASURED - Procurement dashboard FY2026","200","OK","Authenticated users 1-46","text","true","","301168","864","50","50","http://prism.test/procurement-office?year=2026","3443","0","0"
"1791034525681","4705","MEASURED - Procurement dashboard FY2026","200","OK","Authenticated users 1-24","text","true","","301168","864","50","50","http://prism.test/procurement-office?year=2026","4700","0","0"
"1791034526958","3627","MEASURED - Procurement dashboard FY2026","200","OK","Authenticated users 1-22","text","true","","301168","864","50","50","http://prism.test/procurement-office?year=2026","3623","0","0"
"1791034525349","5237","MEASURED - Procurement dashboard FY2026","200","OK","Authenticated users 1-15","text","true","","301168","864","50","50","http://prism.test/procurement-office?year=2026","5232","0","0"
"1791034526230","4356","MEASURED - Procurement dashboard FY2026","200","OK","Authenticated users 1-16","text","true","","301168","864","50","50","http://prism.test/procurement-office?year=2026","4351","0","0"
"1791034528115","2474","MEASURED - Procurement dashboard FY2026","200","OK","Authenticated users 1-32","text","true","","301168","864","50","50","http://prism.test/procurement-office?year=2026","2466","0","0"
"1791034527774","2862","MEASURED - Procurement dashboard FY2026","200","OK","Authenticated users 1-33","text","true","","301168","864","50","50","http://prism.test/procurement-office?year=2026","2859","0","0"
"1791034527338","3303","MEASURED - Procurement dashboard FY2026","200","OK","Authenticated users 1-2","text","true","","301168","864","50","50","http://prism.test/procurement-office?year=2026","3299","0","0"
"1791034527641","3060","MEASURED - Procurement dashboard FY2026","200","OK","Authenticated users 1-11","text","true","","301168","864","50","50","http://prism.test/procurement-office?year=2026","3056","0","0"
"1791034526581","4150","MEASURED - Procurement dashboard FY2026","200","OK","Authenticated users 1-26","text","true","","301168","864","50","50","http://prism.test/procurement-office?year=2026","4146","0","0"
"1791034525979","4987","MEASURED - Procurement dashboard FY2026","200","OK","Authenticated users 1-49","text","true","","301168","864","50","50","http://prism.test/procurement-office?year=2026","4983","0","0"
"1791034526457","4516","MEASURED - Procurement dashboard FY2026","200","OK","Authenticated users 1-7","text","true","","301168","864","50","50","http://prism.test/procurement-office?year=2026","4515","0","0"
"1791034526725","4247","MEASURED - Procurement dashboard FY2026","200","OK","Authenticated users 1-10","text","true","","301168","864","50","50","http://prism.test/procurement-office?year=2026","4242","0","0"
"1791034525456","5517","MEASURED - Procurement dashboard FY2026","200","OK","Authenticated users 1-37","text","true","","301168","864","50","50","http://prism.test/procurement-office?year=2026","5513","0","0"
"1791034528267","2706","MEASURED - Procurement dashboard FY2026","200","OK","Authenticated users 1-29","text","true","","301168","864","50","50","http://prism.test/procurement-office?year=2026","2701","0","0"
"1791034526777","4197","MEASURED - Procurement dashboard FY2026","200","OK","Authenticated users 1-23","text","true","","301168","864","50","50","http://prism.test/procurement-office?year=2026","4196","0","0"
"1791034527660","3374","MEASURED - Procurement dashboard FY2026","200","OK","Authenticated users 1-13","text","true","","301168","864","50","50","http://prism.test/procurement-office?year=2026","3370","0","0"
"1791034526904","4270","MEASURED - Procurement dashboard FY2026","200","OK","Authenticated users 1-30","text","true","","301168","864","50","50","http://prism.test/procurement-office?year=2026","4266","0","0"
"1791034526787","4419","MEASURED - Procurement dashboard FY2026","200","OK","Authenticated users 1-12","text","true","","301168","864","50","50","http://prism.test/procurement-office?year=2026","4415","0","0"
"1791034528510","2744","MEASURED - Procurement dashboard FY2026","200","OK","Authenticated users 1-31","text","true","","301168","864","50","50","http://prism.test/procurement-office?year=2026","2741","0","0"
"1791034527421","4249","MEASURED - Procurement dashboard FY2026","200","OK","Authenticated users 1-35","text","true","","301168","864","50","50","http://prism.test/procurement-office?year=2026","4244","0","0"
"1791034528122","3709","MEASURED - Procurement dashboard FY2026","200","OK","Authenticated users 1-5","text","true","","301168","864","50","50","http://prism.test/procurement-office?year=2026","3705","0","0"
"1791034526453","5583","MEASURED - Procurement dashboard FY2026","200","OK","Authenticated users 1-38","text","true","","301168","864","50","50","http://prism.test/procurement-office?year=2026","5579","0","0"
"1791034528405","3632","MEASURED - Procurement dashboard FY2026","200","OK","Authenticated users 1-9","text","true","","301168","864","50","50","http://prism.test/procurement-office?year=2026","3628","0","0"
"1791034529307","2925","MEASURED - Procurement dashboard FY2026","200","OK","Authenticated users 1-42","text","true","","301168","864","50","50","http://prism.test/procurement-office?year=2026","2922","0","0"
"1791034528468","3770","MEASURED - Procurement dashboard FY2026","200","OK","Authenticated users 1-45","text","true","","301168","864","50","50","http://prism.test/procurement-office?year=2026","3767","0","0"
"1791034528316","3940","MEASURED - Procurement dashboard FY2026","200","OK","Authenticated users 1-4","text","true","","301168","864","50","50","http://prism.test/procurement-office?year=2026","3937","0","0"
"1791034527769","4608","MEASURED - Procurement dashboard FY2026","200","OK","Authenticated users 1-48","text","true","","301168","864","50","50","http://prism.test/procurement-office?year=2026","4597","0","0"
"1791034529260","3324","MEASURED - Procurement dashboard FY2026","200","OK","Authenticated users 1-14","text","true","","301168","864","50","50","http://prism.test/procurement-office?year=2026","3321","0","0"
"1791034528534","4062","MEASURED - Procurement dashboard FY2026","200","OK","Authenticated users 1-40","text","true","","301168","864","50","50","http://prism.test/procurement-office?year=2026","4060","0","0"
"1791034527541","5168","MEASURED - Procurement dashboard FY2026","200","OK","Authenticated users 1-1","text","true","","301168","864","50","50","http://prism.test/procurement-office?year=2026","5164","0","0"
"1791034527654","5107","MEASURED - Procurement dashboard FY2026","200","OK","Authenticated users 1-17","text","true","","301168","864","50","50","http://prism.test/procurement-office?year=2026","5104","0","0"
"1791034527582","5237","MEASURED - Procurement dashboard FY2026","200","OK","Authenticated users 1-6","text","true","","301168","864","50","50","http://prism.test/procurement-office?year=2026","5234","0","0"
"1791034527717","5195","MEASURED - Procurement dashboard FY2026","200","OK","Authenticated users 1-43","text","true","","301168","864","50","50","http://prism.test/procurement-office?year=2026","5192","0","0"
"1791034530638","2315","MEASURED - Procurement dashboard FY2026","200","OK","Authenticated users 1-33","text","true","","301168","864","50","50","http://prism.test/procurement-office?year=2026","2312","0","0"
"1791034529647","3347","MEASURED - Procurement dashboard FY2026","200","OK","Authenticated users 1-39","text","true","","301168","864","50","50","http://prism.test/procurement-office?year=2026","3343","0","0"
"1791034529287","3708","MEASURED - Procurement dashboard FY2026","200","OK","Authenticated users 1-50","text","true","","301168","864","50","50","http://prism.test/procurement-office?year=2026","3704","0","0"
"1791034528963","4061","MEASURED - Procurement dashboard FY2026","200","OK","Authenticated users 1-44","text","true","","301168","864","50","50","http://prism.test/procurement-office?year=2026","4057","0","0"
"1791034528125","4899","MEASURED - Procurement dashboard FY2026","200","OK","Authenticated users 1-36","text","true","","301168","864","50","50","http://prism.test/procurement-office?year=2026","4895","0","0"
"1791034529890","3227","MEASURED - Procurement dashboard FY2026","200","OK","Authenticated users 1-46","text","true","","301168","864","50","50","http://prism.test/procurement-office?year=2026","3224","0","0"
"1791034528458","4707","MEASURED - Procurement dashboard FY2026","200","OK","Authenticated users 1-47","text","true","","301168","864","50","50","http://prism.test/procurement-office?year=2026","4703","0","0"
"1791034530975","2217","MEASURED - Procurement dashboard FY2026","200","OK","Authenticated users 1-10","text","true","","301168","864","50","50","http://prism.test/procurement-office?year=2026","2214","0","0"
"1791034529887","3336","MEASURED - Procurement dashboard FY2026","200","OK","Authenticated users 1-8","text","true","","301168","864","50","50","http://prism.test/procurement-office?year=2026","3333","0","0"
"1791034530587","2698","MEASURED - Procurement dashboard FY2026","200","OK","Authenticated users 1-22","text","true","","301168","864","50","50","http://prism.test/procurement-office?year=2026","2695","0","0"
"1791034530588","2854","MEASURED - Procurement dashboard FY2026","200","OK","Authenticated users 1-16","text","true","","301168","864","50","50","http://prism.test/procurement-office?year=2026","2851","0","0"
"1791034530975","2469","MEASURED - Procurement dashboard FY2026","200","OK","Authenticated users 1-29","text","true","","301168","864","50","50","http://prism.test/procurement-office?year=2026","2466","0","0"
"1791034529489","3994","MEASURED - Procurement dashboard FY2026","200","OK","Authenticated users 1-41","text","true","","301168","864","50","50","http://prism.test/procurement-office?year=2026","3991","0","0"
"1791034525401","8101","MEASURED - Procurement dashboard FY2026","200","OK","Authenticated users 1-34","text","true","","301169","864","50","50","http://prism.test/procurement-office?year=2026","8097","0","1"
"1791034529128","4381","MEASURED - Procurement dashboard FY2026","200","OK","Authenticated users 1-20","text","true","","301168","864","50","50","http://prism.test/procurement-office?year=2026","4378","0","0"
"1791034529465","4081","MEASURED - Procurement dashboard FY2026","200","OK","Authenticated users 1-27","text","true","","301168","864","50","50","http://prism.test/procurement-office?year=2026","4077","0","0"
"1791034530970","2636","MEASURED - Procurement dashboard FY2026","200","OK","Authenticated users 1-49","text","true","","301168","864","50","50","http://prism.test/procurement-office?year=2026","2632","0","0"
"1791034529602","4038","MEASURED - Procurement dashboard FY2026","200","OK","Authenticated users 1-25","text","true","","301168","864","50","50","http://prism.test/procurement-office?year=2026","4034","0","0"
"1791034529551","4189","MEASURED - Procurement dashboard FY2026","200","OK","Authenticated users 1-28","text","true","","301168","864","50","50","http://prism.test/procurement-office?year=2026","4186","0","0"
"1791034530642","3443","MEASURED - Procurement dashboard FY2026","200","OK","Authenticated users 1-2","text","true","","301168","864","50","50","http://prism.test/procurement-office?year=2026","3439","0","0"
"1791034529353","4733","MEASURED - Procurement dashboard FY2026","200","OK","Authenticated users 1-3","text","true","","301168","864","50","50","http://prism.test/procurement-office?year=2026","4729","0","0"
"1791034529517","4631","MEASURED - Procurement dashboard FY2026","200","OK","Authenticated users 1-21","text","true","","301168","864","50","50","http://prism.test/procurement-office?year=2026","4628","0","0"
"1791034531832","2386","MEASURED - Procurement dashboard FY2026","200","OK","Authenticated users 1-5","text","true","","301168","864","50","50","http://prism.test/procurement-office?year=2026","2382","0","0"
"1791034530591","3704","MEASURED - Procurement dashboard FY2026","200","OK","Authenticated users 1-32","text","true","","301168","864","50","50","http://prism.test/procurement-office?year=2026","3701","0","0"
"1791034530975","3346","MEASURED - Procurement dashboard FY2026","200","OK","Authenticated users 1-37","text","true","","301168","864","50","50","http://prism.test/procurement-office?year=2026","3343","0","0"
"1791034530975","3348","MEASURED - Procurement dashboard FY2026","200","OK","Authenticated users 1-23","text","true","","301168","864","50","50","http://prism.test/procurement-office?year=2026","3344","0","0"
"1791034532039","2373","MEASURED - Procurement dashboard FY2026","500","Internal Server Error","Authenticated users 1-9","text","false","Expected authenticated Procurement Office dashboard and HTTP 200.","13629","864","50","50","http://prism.test/procurement-office?year=2026","2366","0","0"
"1791034529600","4935","MEASURED - Procurement dashboard FY2026","200","OK","Authenticated users 1-19","text","true","","301168","864","50","50","http://prism.test/procurement-office?year=2026","4932","0","0"
"1791034532384","2153","MEASURED - Procurement dashboard FY2026","200","OK","Authenticated users 1-48","text","true","","301168","864","50","50","http://prism.test/procurement-office?year=2026","2150","0","0"
"1791034532588","1975","MEASURED - Procurement dashboard FY2026","200","OK","Authenticated users 1-14","text","true","","301168","864","50","50","http://prism.test/procurement-office?year=2026","1972","0","0"
"1791034531257","3485","MEASURED - Procurement dashboard FY2026","200","OK","Authenticated users 1-31","text","true","","301168","864","50","50","http://prism.test/procurement-office?year=2026","3481","0","0"
"1791034530391","4440","MEASURED - Procurement dashboard FY2026","200","OK","Authenticated users 1-24","text","true","","301168","864","50","50","http://prism.test/procurement-office?year=2026","4437","0","0"
"1791034531208","3709","MEASURED - Procurement dashboard FY2026","200","OK","Authenticated users 1-12","text","true","","301168","864","50","50","http://prism.test/procurement-office?year=2026","3705","0","0"
"1791034532234","2689","MEASURED - Procurement dashboard FY2026","200","OK","Authenticated users 1-42","text","true","","301168","864","50","50","http://prism.test/procurement-office?year=2026","2685","0","0"
"1791034531035","3922","MEASURED - Procurement dashboard FY2026","200","OK","Authenticated users 1-13","text","true","","301168","864","50","50","http://prism.test/procurement-office?year=2026","3919","0","0"
"1791034530587","4438","MEASURED - Procurement dashboard FY2026","200","OK","Authenticated users 1-15","text","true","","301168","864","50","50","http://prism.test/procurement-office?year=2026","4433","0","0"
"1791034532240","2879","MEASURED - Procurement dashboard FY2026","200","OK","Authenticated users 1-45","text","true","","301168","864","50","50","http://prism.test/procurement-office?year=2026","2876","0","0"
"1791034531672","3447","MEASURED - Procurement dashboard FY2026","200","OK","Authenticated users 1-35","text","true","","301168","864","50","50","http://prism.test/procurement-office?year=2026","3444","0","0"
"1791034530733","4525","MEASURED - Procurement dashboard FY2026","200","OK","Authenticated users 1-26","text","true","","301168","864","50","50","http://prism.test/procurement-office?year=2026","4521","0","0"
"1791034533026","2317","MEASURED - Procurement dashboard FY2026","200","OK","Authenticated users 1-44","text","true","","301168","864","50","50","http://prism.test/procurement-office?year=2026","2313","0","0"
"1791034530702","4782","MEASURED - Procurement dashboard FY2026","500","Internal Server Error","Authenticated users 1-11","text","false","Expected authenticated Procurement Office dashboard and HTTP 200.","13629","864","50","50","http://prism.test/procurement-office?year=2026","4674","0","0"
"1791034533642","2104","MEASURED - Procurement dashboard FY2026","200","OK","Authenticated users 1-25","text","true","","301168","864","50","50","http://prism.test/procurement-office?year=2026","2100","0","0"
"1791034532711","3250","MEASURED - Procurement dashboard FY2026","200","OK","Authenticated users 1-1","text","true","","301168","864","50","50","http://prism.test/procurement-office?year=2026","3247","0","0"
"1791034532763","3412","MEASURED - Procurement dashboard FY2026","200","OK","Authenticated users 1-17","text","true","","301168","864","50","50","http://prism.test/procurement-office?year=2026","3409","0","0"
"1791034530975","5263","MEASURED - Procurement dashboard FY2026","200","OK","Authenticated users 1-7","text","true","","301168","864","50","50","http://prism.test/procurement-office?year=2026","5260","0","0"
"1791034533026","3221","MEASURED - Procurement dashboard FY2026","200","OK","Authenticated users 1-36","text","true","","301168","864","50","50","http://prism.test/procurement-office?year=2026","3217","0","0"
"1791034531176","5080","MEASURED - Procurement dashboard FY2026","200","OK","Authenticated users 1-30","text","true","","301168","864","50","50","http://prism.test/procurement-office?year=2026","5075","0","0"
"1791034533446","2829","MEASURED - Procurement dashboard FY2026","200","OK","Authenticated users 1-29","text","true","","301168","864","50","50","http://prism.test/procurement-office?year=2026","2825","0","0"
"1791034532259","4023","MEASURED - Procurement dashboard FY2026","200","OK","Authenticated users 1-4","text","true","","301168","864","50","50","http://prism.test/procurement-office?year=2026","4020","0","0"
"1791034533444","3022","MEASURED - Procurement dashboard FY2026","200","OK","Authenticated users 1-16","text","true","","301168","864","50","50","http://prism.test/procurement-office?year=2026","3019","0","0"
"1791034532996","3486","MEASURED - Procurement dashboard FY2026","200","OK","Authenticated users 1-39","text","true","","301168","864","50","50","http://prism.test/procurement-office?year=2026","3482","0","0"
"1791034533608","2966","MEASURED - Procurement dashboard FY2026","200","OK","Authenticated users 1-49","text","true","","301168","864","50","50","http://prism.test/procurement-office?year=2026","2962","0","0"
"1791034534325","2325","MEASURED - Procurement dashboard FY2026","200","OK","Authenticated users 1-23","text","true","","301168","864","50","50","http://prism.test/procurement-office?year=2026","2322","0","0"
"1791034533119","3577","MEASURED - Procurement dashboard FY2026","200","OK","Authenticated users 1-46","text","true","","301168","864","50","50","http://prism.test/procurement-office?year=2026","3574","0","0"
"1791034533504","3200","MEASURED - Procurement dashboard FY2026","200","OK","Authenticated users 1-34","text","true","","301168","864","50","50","http://prism.test/procurement-office?year=2026","3196","0","0"
"1791034532038","4680","MEASURED - Procurement dashboard FY2026","200","OK","Authenticated users 1-38","text","true","","301169","864","50","50","http://prism.test/procurement-office?year=2026","4677","0","12"
"1791034532599","4144","MEASURED - Procurement dashboard FY2026","200","OK","Authenticated users 1-40","text","true","","301168","864","50","50","http://prism.test/procurement-office?year=2026","4134","0","0"
"1791034533194","3585","MEASURED - Procurement dashboard FY2026","200","OK","Authenticated users 1-10","text","true","","301168","864","50","50","http://prism.test/procurement-office?year=2026","3582","0","0"
"1791034533226","3627","MEASURED - Procurement dashboard FY2026","200","OK","Authenticated users 1-8","text","true","","301168","864","50","50","http://prism.test/procurement-office?year=2026","3626","0","0"
"1791034532821","4048","MEASURED - Procurement dashboard FY2026","200","OK","Authenticated users 1-6","text","true","","301168","864","50","50","http://prism.test/procurement-office?year=2026","4045","0","0"
"1791034534833","2045","MEASURED - Procurement dashboard FY2026","200","OK","Authenticated users 1-24","text","true","","301168","864","50","50","http://prism.test/procurement-office?year=2026","2042","0","0"
"1791034533548","3335","MEASURED - Procurement dashboard FY2026","200","OK","Authenticated users 1-27","text","true","","301168","864","50","50","http://prism.test/procurement-office?year=2026","3332","0","0"
"1791034534324","2578","MEASURED - Procurement dashboard FY2026","200","OK","Authenticated users 1-37","text","true","","301168","864","50","50","http://prism.test/procurement-office?year=2026","2575","0","0"
"1791034532915","4139","MEASURED - Procurement dashboard FY2026","200","OK","Authenticated users 1-43","text","true","","301168","864","50","50","http://prism.test/procurement-office?year=2026","4135","0","0"
"1791034532955","4305","MEASURED - Procurement dashboard FY2026","200","OK","Authenticated users 1-33","text","true","","301168","864","50","50","http://prism.test/procurement-office?year=2026","4301","0","0"
"1791034535026","2509","MEASURED - Procurement dashboard FY2026","200","OK","Authenticated users 1-15","text","true","","301168","864","50","50","http://prism.test/procurement-office?year=2026","2490","0","0"
"1791034534539","2998","MEASURED - Procurement dashboard FY2026","200","OK","Authenticated users 1-48","text","true","","301168","864","50","50","http://prism.test/procurement-office?year=2026","2996","0","0"
"1791034534959","2602","MEASURED - Procurement dashboard FY2026","200","OK","Authenticated users 1-13","text","true","","301168","864","50","50","http://prism.test/procurement-office?year=2026","2599","0","0"
"1791034533166","4438","MEASURED - Procurement dashboard FY2026","200","OK","Authenticated users 1-47","text","true","","301168","864","50","50","http://prism.test/procurement-office?year=2026","4434","0","0"
"1791034534088","3515","MEASURED - Procurement dashboard FY2026","200","OK","Authenticated users 1-3","text","true","","301168","864","50","50","http://prism.test/procurement-office?year=2026","3512","0","0"
"1791034534566","3081","MEASURED - Procurement dashboard FY2026","200","OK","Authenticated users 1-14","text","true","","301168","864","50","50","http://prism.test/procurement-office?year=2026","3077","0","0"
"1791034533485","4181","MEASURED - Procurement dashboard FY2026","200","OK","Authenticated users 1-41","text","true","","301168","864","50","50","http://prism.test/procurement-office?year=2026","4177","0","0"
"1791034535121","2757","MEASURED - Procurement dashboard FY2026","200","OK","Authenticated users 1-35","text","true","","301168","864","50","50","http://prism.test/procurement-office?year=2026","2753","0","0"
"1791034536258","1638","MEASURED - Procurement dashboard FY2026","200","OK","Authenticated users 1-30","text","true","","301168","864","50","50","http://prism.test/procurement-office?year=2026","1634","0","0"
"1791034534087","3958","MEASURED - Procurement dashboard FY2026","200","OK","Authenticated users 1-2","text","true","","301168","864","50","50","http://prism.test/procurement-office?year=2026","3952","0","0"
"1791034532997","5092","MEASURED - Procurement dashboard FY2026","200","OK","Authenticated users 1-50","text","true","","301168","864","50","50","http://prism.test/procurement-office?year=2026","5089","0","0"
"1791034534150","4003","MEASURED - Procurement dashboard FY2026","200","OK","Authenticated users 1-21","text","true","","301168","864","50","50","http://prism.test/procurement-office?year=2026","3999","0","0"
"1791034533511","4660","MEASURED - Procurement dashboard FY2026","200","OK","Authenticated users 1-20","text","true","","301168","864","50","50","http://prism.test/procurement-office?year=2026","4657","0","0"
"1791034535121","3077","MEASURED - Procurement dashboard FY2026","200","OK","Authenticated users 1-45","text","true","","301168","864","50","50","http://prism.test/procurement-office?year=2026","3073","0","0"
"1791034534925","3543","MEASURED - Procurement dashboard FY2026","200","OK","Authenticated users 1-42","text","true","","301168","864","50","50","http://prism.test/procurement-office?year=2026","3540","0","0"
"1791034534297","4265","MEASURED - Procurement dashboard FY2026","200","OK","Authenticated users 1-32","text","true","","301168","864","50","50","http://prism.test/procurement-office?year=2026","4262","0","0"
"1791034534538","4272","MEASURED - Procurement dashboard FY2026","200","OK","Authenticated users 1-19","text","true","","301168","864","50","50","http://prism.test/procurement-office?year=2026","4269","0","0"
"1791034534744","4161","MEASURED - Procurement dashboard FY2026","200","OK","Authenticated users 1-31","text","true","","301168","864","50","50","http://prism.test/procurement-office?year=2026","4157","0","0"
"1791034535963","2999","MEASURED - Procurement dashboard FY2026","200","OK","Authenticated users 1-1","text","true","","301168","864","50","50","http://prism.test/procurement-office?year=2026","2996","0","0"
"1791034536284","2710","MEASURED - Procurement dashboard FY2026","200","OK","Authenticated users 1-4","text","true","","301168","864","50","50","http://prism.test/procurement-office?year=2026","2706","0","0"
"1791034536706","2420","MEASURED - Procurement dashboard FY2026","200","OK","Authenticated users 1-34","text","true","","301168","864","50","50","http://prism.test/procurement-office?year=2026","2417","0","0"
"1791034535344","3898","MEASURED - Procurement dashboard FY2026","200","OK","Authenticated users 1-44","text","true","","301168","864","50","50","http://prism.test/procurement-office?year=2026","3894","0","0"
"1791034536240","3245","MEASURED - Procurement dashboard FY2026","200","OK","Authenticated users 1-7","text","true","","301168","864","50","50","http://prism.test/procurement-office?year=2026","3242","0","0"
"1791034535485","4072","MEASURED - Procurement dashboard FY2026","200","OK","Authenticated users 1-11","text","true","","301169","864","50","50","http://prism.test/procurement-office?year=2026","4068","0","1"
"1791034536248","3324","MEASURED - Procurement dashboard FY2026","200","OK","Authenticated users 1-36","text","true","","301169","864","50","50","http://prism.test/procurement-office?year=2026","3321","0","2"
"1791034536885","2804","MEASURED - Procurement dashboard FY2026","200","OK","Authenticated users 1-27","text","true","","301168","864","50","50","http://prism.test/procurement-office?year=2026","2800","0","0"
"1791034536855","2877","MEASURED - Procurement dashboard FY2026","200","OK","Authenticated users 1-8","text","true","","301169","864","50","50","http://prism.test/procurement-office?year=2026","2873","0","2"
"1791034533287","6468","MEASURED - Procurement dashboard FY2026","200","OK","Authenticated users 1-22","text","true","","301168","864","50","50","http://prism.test/procurement-office?year=2026","6465","0","0"
"1791034537262","2493","MEASURED - Procurement dashboard FY2026","200","OK","Authenticated users 1-33","text","true","","301168","864","50","50","http://prism.test/procurement-office?year=2026","2490","0","0"
"1791034536177","3788","MEASURED - Procurement dashboard FY2026","200","OK","Authenticated users 1-17","text","true","","301168","864","50","50","http://prism.test/procurement-office?year=2026","3784","0","0"
"1791034536744","3228","MEASURED - Procurement dashboard FY2026","200","OK","Authenticated users 1-40","text","true","","301168","864","50","50","http://prism.test/procurement-office?year=2026","3225","0","0"
"1791034534220","5753","MEASURED - Procurement dashboard FY2026","200","OK","Authenticated users 1-5","text","true","","301168","864","50","50","http://prism.test/procurement-office?year=2026","5749","0","0"
"1791034537605","2369","MEASURED - Procurement dashboard FY2026","200","OK","Authenticated users 1-3","text","true","","301168","864","50","50","http://prism.test/procurement-office?year=2026","2365","0","0"
"1791034536904","3097","MEASURED - Procurement dashboard FY2026","200","OK","Authenticated users 1-37","text","true","","301168","864","50","50","http://prism.test/procurement-office?year=2026","3094","0","0"
"1791034536468","3542","MEASURED - Procurement dashboard FY2026","200","OK","Authenticated users 1-16","text","true","","301168","864","50","50","http://prism.test/procurement-office?year=2026","3540","0","0"
"1791034534920","5217","MEASURED - Procurement dashboard FY2026","200","OK","Authenticated users 1-12","text","true","","301169","864","50","50","http://prism.test/procurement-office?year=2026","5214","0","1"
"1791034537536","2609","MEASURED - Procurement dashboard FY2026","200","OK","Authenticated users 1-15","text","true","","301168","864","50","50","http://prism.test/procurement-office?year=2026","2606","0","0"
"1791034537668","2722","MEASURED - Procurement dashboard FY2026","500","Internal Server Error","Authenticated users 1-41","text","false","Expected authenticated Procurement Office dashboard and HTTP 200.","13629","864","50","50","http://prism.test/procurement-office?year=2026","2717","0","0"
"1791034537648","2760","MEASURED - Procurement dashboard FY2026","200","OK","Authenticated users 1-14","text","true","","301168","864","50","50","http://prism.test/procurement-office?year=2026","2757","0","0"
"1791034537056","3355","MEASURED - Procurement dashboard FY2026","200","OK","Authenticated users 1-43","text","true","","301168","864","50","50","http://prism.test/procurement-office?year=2026","3353","0","0"
"1791034536483","4060","MEASURED - Procurement dashboard FY2026","200","OK","Authenticated users 1-39","text","true","","301168","864","50","50","http://prism.test/procurement-office?year=2026","4056","0","0"
"1791034535748","4796","MEASURED - Procurement dashboard FY2026","200","OK","Authenticated users 1-25","text","true","","301168","864","50","50","http://prism.test/procurement-office?year=2026","4791","0","0"
"1791034536698","3850","MEASURED - Procurement dashboard FY2026","200","OK","Authenticated users 1-46","text","true","","301168","864","50","50","http://prism.test/procurement-office?year=2026","3847","0","0"
"1791034536721","3871","MEASURED - Procurement dashboard FY2026","200","OK","Authenticated users 1-38","text","true","","301168","864","50","50","http://prism.test/procurement-office?year=2026","3862","0","0"
"1791034537605","3002","MEASURED - Procurement dashboard FY2026","200","OK","Authenticated users 1-47","text","true","","301168","864","50","50","http://prism.test/procurement-office?year=2026","2998","0","0"
"1791034535259","5359","MEASURED - Procurement dashboard FY2026","200","OK","Authenticated users 1-26","text","true","","301169","864","50","50","http://prism.test/procurement-office?year=2026","5356","0","2"
"1791034536575","4053","MEASURED - Procurement dashboard FY2026","200","OK","Authenticated users 1-49","text","true","","301168","864","50","50","http://prism.test/procurement-office?year=2026","4050","0","0"
"1791034533743","6885","MEASURED - Procurement dashboard FY2026","200","OK","Authenticated users 1-28","text","true","","301168","864","50","50","http://prism.test/procurement-office?year=2026","6883","0","0"
"1791034536879","3893","MEASURED - Procurement dashboard FY2026","200","OK","Authenticated users 1-24","text","true","","301168","864","50","50","http://prism.test/procurement-office?year=2026","3890","0","0"
"1791034536870","3913","MEASURED - Procurement dashboard FY2026","200","OK","Authenticated users 1-6","text","true","","301168","864","50","50","http://prism.test/procurement-office?year=2026","3910","0","0"
"1791034536277","4554","MEASURED - Procurement dashboard FY2026","200","OK","Authenticated users 1-29","text","true","","301169","864","50","50","http://prism.test/procurement-office?year=2026","4551","0","1"
"1791034538047","3076","MEASURED - Procurement dashboard FY2026","200","OK","Authenticated users 1-2","text","true","","301168","864","50","50","http://prism.test/procurement-office?year=2026","3074","0","0"
"1791034534413","6712","MEASURED - Procurement dashboard FY2026","200","OK","Authenticated users 1-9","text","true","","301169","864","50","50","http://prism.test/procurement-office?year=2026","6708","0","3"
"1791034537540","3787","MEASURED - Procurement dashboard FY2026","200","OK","Authenticated users 1-48","text","true","","301168","864","50","50","http://prism.test/procurement-office?year=2026","3784","0","0"
"1791034539127","2311","MEASURED - Procurement dashboard FY2026","200","OK","Authenticated users 1-34","text","true","","301168","864","50","50","http://prism.test/procurement-office?year=2026","2307","0","0"
"1791034538200","3343","MEASURED - Procurement dashboard FY2026","200","OK","Authenticated users 1-45","text","true","","301168","864","50","50","http://prism.test/procurement-office?year=2026","3340","0","0"
"1791034538812","2756","MEASURED - Procurement dashboard FY2026","200","OK","Authenticated users 1-19","text","true","","301168","864","50","50","http://prism.test/procurement-office?year=2026","2752","0","0"
"1791034538996","2585","MEASURED - Procurement dashboard FY2026","200","OK","Authenticated users 1-4","text","true","","301168","864","50","50","http://prism.test/procurement-office?year=2026","2582","0","0"
"1791034538173","3409","MEASURED - Procurement dashboard FY2026","200","OK","Authenticated users 1-20","text","true","","301168","864","50","50","http://prism.test/procurement-office?year=2026","3406","0","0"
"1791034536652","5021","MEASURED - Procurement dashboard FY2026","200","OK","Authenticated users 1-23","text","true","","301169","864","50","50","http://prism.test/procurement-office?year=2026","5018","0","1"
"1791034539690","2133","MEASURED - Procurement dashboard FY2026","200","OK","Authenticated users 1-27","text","true","","301168","864","50","50","http://prism.test/procurement-office?year=2026","2130","0","0"
"1791034539573","2458","MEASURED - Procurement dashboard FY2026","200","OK","Authenticated users 1-36","text","true","","301168","864","50","50","http://prism.test/procurement-office?year=2026","2455","0","0"
"1791034539757","2275","MEASURED - Procurement dashboard FY2026","200","OK","Authenticated users 1-22","text","true","","301168","864","50","50","http://prism.test/procurement-office?year=2026","2272","0","0"
"1791034539486","2735","MEASURED - Procurement dashboard FY2026","200","OK","Authenticated users 1-7","text","true","","301168","864","50","50","http://prism.test/procurement-office?year=2026","2732","0","0"
"1791034536781","5441","MEASURED - Procurement dashboard FY2026","200","OK","Authenticated users 1-10","text","true","","301169","864","50","50","http://prism.test/procurement-office?year=2026","5436","0","1"
"1791034540608","1624","MEASURED - Procurement dashboard FY2026","200","OK","Authenticated users 1-47","text","true","","301168","864","50","50","http://prism.test/procurement-office?year=2026","1620","0","0"
"1791034540619","1726","MEASURED - Procurement dashboard FY2026","200","OK","Authenticated users 1-26","text","true","","301168","864","50","50","http://prism.test/procurement-office?year=2026","1722","0","0"
"1791034540146","2203","MEASURED - Procurement dashboard FY2026","200","OK","Authenticated users 1-15","text","true","","301168","864","50","50","http://prism.test/procurement-office?year=2026","2200","0","0"
"1791034540773","1581","MEASURED - Procurement dashboard FY2026","200","OK","Authenticated users 1-24","text","true","","301168","864","50","50","http://prism.test/procurement-office?year=2026","1577","0","0"
"1791034538155","4413","MEASURED - Procurement dashboard FY2026","200","OK","Authenticated users 1-21","text","true","","301168","864","50","50","http://prism.test/procurement-office?year=2026","4410","0","0"
"1791034539733","2835","MEASURED - Procurement dashboard FY2026","200","OK","Authenticated users 1-8","text","true","","301168","864","50","50","http://prism.test/procurement-office?year=2026","2832","0","0"
"1791034537562","5059","MEASURED - Procurement dashboard FY2026","200","OK","Authenticated users 1-13","text","true","","301168","864","50","50","http://prism.test/procurement-office?year=2026","5055","0","0"
"1791034537897","4724","MEASURED - Procurement dashboard FY2026","200","OK","Authenticated users 1-30","text","true","","301168","864","50","50","http://prism.test/procurement-office?year=2026","4720","0","0"
"1791034540544","2113","MEASURED - Procurement dashboard FY2026","200","OK","Authenticated users 1-39","text","true","","301168","864","50","50","http://prism.test/procurement-office?year=2026","2109","0","0"
"1791034540783","2501","MEASURED - Procurement dashboard FY2026","200","OK","Authenticated users 1-6","text","true","","301168","864","50","50","http://prism.test/procurement-office?year=2026","2498","0","0"
"1791034540593","2695","MEASURED - Procurement dashboard FY2026","200","OK","Authenticated users 1-38","text","true","","301168","864","50","50","http://prism.test/procurement-office?year=2026","2691","0","0"
"1791034538470","4823","MEASURED - Procurement dashboard FY2026","200","OK","Authenticated users 1-42","text","true","","301168","864","50","50","http://prism.test/procurement-office?year=2026","4818","0","0"
"1791034539558","3734","MEASURED - Procurement dashboard FY2026","200","OK","Authenticated users 1-11","text","true","","301168","864","50","50","http://prism.test/procurement-office?year=2026","3728","0","0"
"1791034540138","3156","MEASURED - Procurement dashboard FY2026","200","OK","Authenticated users 1-12","text","true","","301168","864","50","50","http://prism.test/procurement-office?year=2026","3152","0","0"
"1791034539244","4110","MEASURED - Procurement dashboard FY2026","200","OK","Authenticated users 1-44","text","true","","301168","864","50","50","http://prism.test/procurement-office?year=2026","4107","0","0"
"1791034538964","4527","MEASURED - Procurement dashboard FY2026","200","OK","Authenticated users 1-1","text","true","","301168","864","50","50","http://prism.test/procurement-office?year=2026","4524","0","0"
"1791034539966","3572","MEASURED - Procurement dashboard FY2026","200","OK","Authenticated users 1-17","text","true","","301168","864","50","50","http://prism.test/procurement-office?year=2026","3569","0","0"
"1791034541673","1982","MEASURED - Procurement dashboard FY2026","200","OK","Authenticated users 1-23","text","true","","301168","864","50","50","http://prism.test/procurement-office?year=2026","1969","0","0"
"1791034541825","1841","MEASURED - Procurement dashboard FY2026","200","OK","Authenticated users 1-27","text","true","","301168","864","50","50","http://prism.test/procurement-office?year=2026","1838","0","0"
"1791034540409","3282","MEASURED - Procurement dashboard FY2026","200","OK","Authenticated users 1-14","text","true","","301168","864","50","50","http://prism.test/procurement-office?year=2026","3279","0","0"
"1791034541328","2406","MEASURED - Procurement dashboard FY2026","200","OK","Authenticated users 1-48","text","true","","301168","864","50","50","http://prism.test/procurement-office?year=2026","2403","0","0"
"1791034540629","3148","MEASURED - Procurement dashboard FY2026","200","OK","Authenticated users 1-49","text","true","","301168","864","50","50","http://prism.test/procurement-office?year=2026","3145","0","0"
"1791034539974","3818","MEASURED - Procurement dashboard FY2026","200","OK","Authenticated users 1-5","text","true","","301168","864","50","50","http://prism.test/procurement-office?year=2026","3815","0","0"
"1791034541124","2679","MEASURED - Procurement dashboard FY2026","200","OK","Authenticated users 1-2","text","true","","301168","864","50","50","http://prism.test/procurement-office?year=2026","2676","0","0"
"1791034542659","1189","MEASURED - Procurement dashboard FY2026","200","OK","Authenticated users 1-39","text","true","","301168","864","50","50","http://prism.test/procurement-office?year=2026","1187","0","0"
"1791034538564","5427","MEASURED - Procurement dashboard FY2026","200","OK","Authenticated users 1-32","text","true","","301168","864","50","50","http://prism.test/procurement-office?year=2026","5424","0","0"
"1791034540545","3462","MEASURED - Procurement dashboard FY2026","200","OK","Authenticated users 1-25","text","true","","301168","864","50","50","http://prism.test/procurement-office?year=2026","3459","0","0"
"1791034541125","2894","MEASURED - Procurement dashboard FY2026","200","OK","Authenticated users 1-9","text","true","","301168","864","50","50","http://prism.test/procurement-office?year=2026","2891","0","0"
"1791034540011","4127","MEASURED - Procurement dashboard FY2026","200","OK","Authenticated users 1-16","text","true","","301168","864","50","50","http://prism.test/procurement-office?year=2026","4122","0","0"
"1791034541454","2701","MEASURED - Procurement dashboard FY2026","200","OK","Authenticated users 1-34","text","true","","301168","864","50","50","http://prism.test/procurement-office?year=2026","2698","0","0"
"1791034542623","1540","MEASURED - Procurement dashboard FY2026","200","OK","Authenticated users 1-30","text","true","","301168","864","50","50","http://prism.test/procurement-office?year=2026","1537","0","0"
"1791034542034","2265","MEASURED - Procurement dashboard FY2026","200","OK","Authenticated users 1-22","text","true","","301168","864","50","50","http://prism.test/procurement-office?year=2026","2262","0","0"
"1791034540832","3508","MEASURED - Procurement dashboard FY2026","200","OK","Authenticated users 1-29","text","true","","301168","864","50","50","http://prism.test/procurement-office?year=2026","3505","0","0"
"1791034541583","2791","MEASURED - Procurement dashboard FY2026","200","OK","Authenticated users 1-20","text","true","","301168","864","50","50","http://prism.test/procurement-office?year=2026","2788","0","0"
"1791034540412","4027","MEASURED - Procurement dashboard FY2026","200","OK","Authenticated users 1-43","text","true","","301168","864","50","50","http://prism.test/procurement-office?year=2026","4023","0","0"
"1791034542569","1873","MEASURED - Procurement dashboard FY2026","200","OK","Authenticated users 1-21","text","true","","301168","864","50","50","http://prism.test/procurement-office?year=2026","1869","0","0"
"1791034542623","1833","MEASURED - Procurement dashboard FY2026","200","OK","Authenticated users 1-13","text","true","","301168","864","50","50","http://prism.test/procurement-office?year=2026","1830","0","0"
"1791034542223","2416","MEASURED - Procurement dashboard FY2026","200","OK","Authenticated users 1-7","text","true","","301168","864","50","50","http://prism.test/procurement-office?year=2026","2414","0","0"
"1791034540549","4200","MEASURED - Procurement dashboard FY2026","200","OK","Authenticated users 1-46","text","true","","301168","864","50","50","http://prism.test/procurement-office?year=2026","4197","0","0"
"1791034543294","1592","MEASURED - Procurement dashboard FY2026","200","OK","Authenticated users 1-11","text","true","","301168","864","50","50","http://prism.test/procurement-office?year=2026","1588","0","0"
"1791034542347","2869","MEASURED - Procurement dashboard FY2026","200","OK","Authenticated users 1-26","text","true","","301168","864","50","50","http://prism.test/procurement-office?year=2026","2866","0","0"
"1791034541582","3809","MEASURED - Procurement dashboard FY2026","200","OK","Authenticated users 1-4","text","true","","301168","864","50","50","http://prism.test/procurement-office?year=2026","3806","0","0"
"1791034539974","5602","MEASURED - Procurement dashboard FY2026","200","OK","Authenticated users 1-3","text","true","","301168","864","50","50","http://prism.test/procurement-office?year=2026","5598","0","0"
"1791034542033","3688","MEASURED - Procurement dashboard FY2026","200","OK","Authenticated users 1-36","text","true","","301168","864","50","50","http://prism.test/procurement-office?year=2026","3685","0","0"
"1791034542355","3447","MEASURED - Procurement dashboard FY2026","200","OK","Authenticated users 1-24","text","true","","301168","864","50","50","http://prism.test/procurement-office?year=2026","3443","0","0"
"1791034541569","4516","MEASURED - Procurement dashboard FY2026","200","OK","Authenticated users 1-19","text","true","","301168","864","50","50","http://prism.test/procurement-office?year=2026","4515","0","0"
"1791034542570","3793","MEASURED - Procurement dashboard FY2026","200","OK","Authenticated users 1-8","text","true","","301168","864","50","50","http://prism.test/procurement-office?year=2026","3790","0","0"
"1791034541546","4829","MEASURED - Procurement dashboard FY2026","200","OK","Authenticated users 1-45","text","true","","301168","864","50","50","http://prism.test/procurement-office?year=2026","4825","0","0"
"1791034543287","3240","MEASURED - Procurement dashboard FY2026","200","OK","Authenticated users 1-6","text","true","","301169","864","50","50","http://prism.test/procurement-office?year=2026","3236","0","3"
"1791034539757","6784","MEASURED - Procurement dashboard FY2026","200","OK","Authenticated users 1-33","text","true","","301169","864","50","50","http://prism.test/procurement-office?year=2026","6780","0","1"
"1791034543657","2894","MEASURED - Procurement dashboard FY2026","200","OK","Authenticated users 1-23","text","true","","301168","864","50","50","http://prism.test/procurement-office?year=2026","2890","0","0"
"1791034537880","8746","MEASURED - Procurement dashboard FY2026","200","OK","Authenticated users 1-35","text","true","","301169","864","50","50","http://prism.test/procurement-office?year=2026","8743","0","1"
"1791034538907","7725","MEASURED - Procurement dashboard FY2026","200","OK","Authenticated users 1-31","text","true","","301169","864","50","50","http://prism.test/procurement-office?year=2026","7721","0","1"
"1791034543355","3601","MEASURED - Procurement dashboard FY2026","200","OK","Authenticated users 1-44","text","true","","301168","864","50","50","http://prism.test/procurement-office?year=2026","3598","0","0"
"1791034542351","4605","MEASURED - Procurement dashboard FY2026","200","OK","Authenticated users 1-15","text","true","","301168","864","50","50","http://prism.test/procurement-office?year=2026","4601","0","0"
"1791034543296","3767","MEASURED - Procurement dashboard FY2026","500","Internal Server Error","Authenticated users 1-12","text","false","Expected authenticated Procurement Office dashboard and HTTP 200.","13629","864","50","50","http://prism.test/procurement-office?year=2026","3760","0","0"
"1791034543735","3327","MEASURED - Procurement dashboard FY2026","200","OK","Authenticated users 1-48","text","true","","301168","864","50","50","http://prism.test/procurement-office?year=2026","3323","0","0"
"1791034542223","4855","MEASURED - Procurement dashboard FY2026","200","OK","Authenticated users 1-10","text","true","","301168","864","50","50","http://prism.test/procurement-office?year=2026","4851","0","0"
"1791034543693","3392","MEASURED - Procurement dashboard FY2026","200","OK","Authenticated users 1-14","text","true","","301168","864","50","50","http://prism.test/procurement-office?year=2026","3387","0","0"
"1791034542233","4868","MEASURED - Procurement dashboard FY2026","200","OK","Authenticated users 1-47","text","true","","301168","864","50","50","http://prism.test/procurement-office?year=2026","4864","0","0"
"1791034543805","3305","MEASURED - Procurement dashboard FY2026","200","OK","Authenticated users 1-2","text","true","","301168","864","50","50","http://prism.test/procurement-office?year=2026","3302","0","0"
"1791034544165","3080","MEASURED - Procurement dashboard FY2026","200","OK","Authenticated users 1-30","text","true","","301168","864","50","50","http://prism.test/procurement-office?year=2026","3077","0","0"
"1791034543294","3959","MEASURED - Procurement dashboard FY2026","200","OK","Authenticated users 1-42","text","true","","301168","864","50","50","http://prism.test/procurement-office?year=2026","3955","0","0"
"1791034543492","3793","MEASURED - Procurement dashboard FY2026","200","OK","Authenticated users 1-1","text","true","","301168","864","50","50","http://prism.test/procurement-office?year=2026","3790","0","0"
"1791034544301","3002","MEASURED - Procurement dashboard FY2026","200","OK","Authenticated users 1-22","text","true","","301168","864","50","50","http://prism.test/procurement-office?year=2026","2998","0","0"
"1791034543669","3928","MEASURED - Procurement dashboard FY2026","200","OK","Authenticated users 1-27","text","true","","301168","864","50","50","http://prism.test/procurement-office?year=2026","3924","0","0"
"1791034544458","3260","MEASURED - Procurement dashboard FY2026","200","OK","Authenticated users 1-13","text","true","","301168","864","50","50","http://prism.test/procurement-office?year=2026","3256","0","0"
"1791034539974","7822","MEASURED - Procurement dashboard FY2026","200","OK","Authenticated users 1-40","text","true","","301169","864","50","50","http://prism.test/procurement-office?year=2026","7820","0","2"
"1791034544888","2995","MEASURED - Procurement dashboard FY2026","200","OK","Authenticated users 1-11","text","true","","301168","864","50","50","http://prism.test/procurement-office?year=2026","2992","0","0"
"1791034543290","4601","MEASURED - Procurement dashboard FY2026","500","Internal Server Error","Authenticated users 1-38","text","false","Expected authenticated Procurement Office dashboard and HTTP 200.","13629","864","50","50","http://prism.test/procurement-office?year=2026","4372","0","0"
"1791034540390","7578","MEASURED - Procurement dashboard FY2026","200","OK","Authenticated users 1-41","text","true","","301169","864","50","50","http://prism.test/procurement-office?year=2026","7574","0","1"
"1791034543779","4196","MEASURED - Procurement dashboard FY2026","200","OK","Authenticated users 1-49","text","true","","301168","864","50","50","http://prism.test/procurement-office?year=2026","4192","0","0"
"1791034544021","3958","MEASURED - Procurement dashboard FY2026","200","OK","Authenticated users 1-9","text","true","","301168","864","50","50","http://prism.test/procurement-office?year=2026","3953","0","0"
"1791034544641","3607","MEASURED - Procurement dashboard FY2026","200","OK","Authenticated users 1-7","text","true","","301168","864","50","50","http://prism.test/procurement-office?year=2026","3602","0","0"
"1791034544342","3907","MEASURED - Procurement dashboard FY2026","200","OK","Authenticated users 1-29","text","true","","301168","864","50","50","http://prism.test/procurement-office?year=2026","3901","0","0"
"1791034545578","2688","MEASURED - Procurement dashboard FY2026","200","OK","Authenticated users 1-3","text","true","","301168","864","50","50","http://prism.test/procurement-office?year=2026","2684","0","0"
"1791034544443","3835","MEASURED - Procurement dashboard FY2026","200","OK","Authenticated users 1-21","text","true","","301168","864","50","50","http://prism.test/procurement-office?year=2026","3831","0","0"
"1791034546959","1410","MEASURED - Procurement dashboard FY2026","200","OK","Authenticated users 1-44","text","true","","301168","864","50","50","http://prism.test/procurement-office?year=2026","1407","0","0"
"1791034540003","8477","MEASURED - Procurement dashboard FY2026","200","OK","Authenticated users 1-37","text","true","","301169","864","50","50","http://prism.test/procurement-office?year=2026","8474","0","1"
"1791034544140","4368","MEASURED - Procurement dashboard FY2026","200","OK","Authenticated users 1-16","text","true","","301168","864","50","50","http://prism.test/procurement-office?year=2026","4364","0","0"
"1791034544157","4419","MEASURED - Procurement dashboard FY2026","200","OK","Authenticated users 1-34","text","true","","301168","864","50","50","http://prism.test/procurement-office?year=2026","4415","0","0"
"1791034543795","4800","MEASURED - Procurement dashboard FY2026","200","OK","Authenticated users 1-5","text","true","","301168","864","50","50","http://prism.test/procurement-office?year=2026","4796","0","0"
"1791034544376","4226","MEASURED - Procurement dashboard FY2026","200","OK","Authenticated users 1-20","text","true","","301168","864","50","50","http://prism.test/procurement-office?year=2026","4222","0","0"
"1791034543992","4668","MEASURED - Procurement dashboard FY2026","200","OK","Authenticated users 1-32","text","true","","301168","864","50","50","http://prism.test/procurement-office?year=2026","4664","0","0"
"1791034544009","4794","MEASURED - Procurement dashboard FY2026","200","OK","Authenticated users 1-25","text","true","","301168","864","50","50","http://prism.test/procurement-office?year=2026","4790","0","0"
"1791034546552","2286","MEASURED - Procurement dashboard FY2026","200","OK","Authenticated users 1-23","text","true","","301168","864","50","50","http://prism.test/procurement-office?year=2026","2282","0","0"
"1791034543540","5365","MEASURED - Procurement dashboard FY2026","200","OK","Authenticated users 1-17","text","true","","301168","864","50","50","http://prism.test/procurement-office?year=2026","5362","0","0"
"1791034543850","5223","MEASURED - Procurement dashboard FY2026","200","OK","Authenticated users 1-39","text","true","","301168","864","50","50","http://prism.test/procurement-office?year=2026","5220","0","0"
"1791034540629","8451","MEASURED - Procurement dashboard FY2026","200","OK","Authenticated users 1-28","text","true","","301169","864","50","50","http://prism.test/procurement-office?year=2026","8448","0","2"
"1791034538091","11037","MEASURED - Procurement dashboard FY2026","200","OK","Authenticated users 1-50","text","true","","301169","864","50","50","http://prism.test/procurement-office?year=2026","11033","0","1"
"1791034545218","4063","MEASURED - Procurement dashboard FY2026","200","OK","Authenticated users 1-26","text","true","","301168","864","50","50","http://prism.test/procurement-office?year=2026","4059","0","0"
"1791034547079","2488","MEASURED - Procurement dashboard FY2026","200","OK","Authenticated users 1-10","text","true","","301168","864","50","50","http://prism.test/procurement-office?year=2026","2485","0","0"
"1791034546088","3486","MEASURED - Procurement dashboard FY2026","200","OK","Authenticated users 1-19","text","true","","301168","864","50","50","http://prism.test/procurement-office?year=2026","3483","0","0"
"1791034546633","3129","MEASURED - Procurement dashboard FY2026","200","OK","Authenticated users 1-31","text","true","","301168","864","50","50","http://prism.test/procurement-office?year=2026","3126","0","0"
"1791034547063","2731","MEASURED - Procurement dashboard FY2026","200","OK","Authenticated users 1-12","text","true","","301169","864","50","50","http://prism.test/procurement-office?year=2026","2728","0","3"
"1791034547287","2713","MEASURED - Procurement dashboard FY2026","200","OK","Authenticated users 1-1","text","true","","301168","864","50","50","http://prism.test/procurement-office?year=2026","2710","0","0"
"1791034548577","1431","MEASURED - Procurement dashboard FY2026","200","OK","Authenticated users 1-34","text","true","","301168","864","50","50","http://prism.test/procurement-office?year=2026","1428","0","0"
"1791034544441","5582","MEASURED - Procurement dashboard FY2026","200","OK","Authenticated users 1-43","text","true","","301168","864","50","50","http://prism.test/procurement-office?year=2026","5579","0","0"
"1791034546959","3243","MEASURED - Procurement dashboard FY2026","500","Internal Server Error","Authenticated users 1-15","text","false","Expected authenticated Procurement Office dashboard and HTTP 200.","13629","864","50","50","http://prism.test/procurement-office?year=2026","3237","0","0"
"1791034546529","3822","MEASURED - Procurement dashboard FY2026","200","OK","Authenticated users 1-6","text","true","","301168","864","50","50","http://prism.test/procurement-office?year=2026","3818","0","0"
"1791034548483","1928","MEASURED - Procurement dashboard FY2026","200","OK","Authenticated users 1-37","text","true","","301168","864","50","50","http://prism.test/procurement-office?year=2026","1925","0","0"
"1791034546377","4055","MEASURED - Procurement dashboard FY2026","200","OK","Authenticated users 1-45","text","true","","301168","864","50","50","http://prism.test/procurement-office?year=2026","4051","0","0"
"1791034547086","3379","MEASURED - Procurement dashboard FY2026","200","OK","Authenticated users 1-14","text","true","","301168","864","50","50","http://prism.test/procurement-office?year=2026","3376","0","0"
"1791034547305","3340","MEASURED - Procurement dashboard FY2026","200","OK","Authenticated users 1-22","text","true","","301168","864","50","50","http://prism.test/procurement-office?year=2026","3336","0","0"
"1791034545723","4972","MEASURED - Procurement dashboard FY2026","200","OK","Authenticated users 1-36","text","true","","301168","864","50","50","http://prism.test/procurement-office?year=2026","4969","0","0"
"1791034547103","3635","MEASURED - Procurement dashboard FY2026","200","OK","Authenticated users 1-47","text","true","","301168","864","50","50","http://prism.test/procurement-office?year=2026","3632","0","0"
"1791034547798","2968","MEASURED - Procurement dashboard FY2026","200","OK","Authenticated users 1-40","text","true","","301168","864","50","50","http://prism.test/procurement-office?year=2026","2967","0","0"
"1791034546627","4158","MEASURED - Procurement dashboard FY2026","200","OK","Authenticated users 1-35","text","true","","301168","864","50","50","http://prism.test/procurement-office?year=2026","4155","0","0"
"1791034548268","2519","MEASURED - Procurement dashboard FY2026","200","OK","Authenticated users 1-3","text","true","","301168","864","50","50","http://prism.test/procurement-office?year=2026","2516","0","0"
"1791034548251","2577","MEASURED - Procurement dashboard FY2026","200","OK","Authenticated users 1-29","text","true","","301168","864","50","50","http://prism.test/procurement-office?year=2026","2574","0","0"
"1791034547600","3258","MEASURED - Procurement dashboard FY2026","200","OK","Authenticated users 1-27","text","true","","301168","864","50","50","http://prism.test/procurement-office?year=2026","3254","0","0"
"1791034547063","3852","MEASURED - Procurement dashboard FY2026","200","OK","Authenticated users 1-48","text","true","","301169","864","50","50","http://prism.test/procurement-office?year=2026","3850","0","3"
"1791034547247","3740","MEASURED - Procurement dashboard FY2026","200","OK","Authenticated users 1-30","text","true","","301168","864","50","50","http://prism.test/procurement-office?year=2026","3728","0","0"
"1791034545803","5436","MEASURED - Procurement dashboard FY2026","200","OK","Authenticated users 1-24","text","true","","301168","864","50","50","http://prism.test/procurement-office?year=2026","5433","0","0"
"1791034548280","2959","MEASURED - Procurement dashboard FY2026","200","OK","Authenticated users 1-21","text","true","","301168","864","50","50","http://prism.test/procurement-office?year=2026","2956","0","0"
"1791034545393","6135","MEASURED - Procurement dashboard FY2026","200","OK","Authenticated users 1-4","text","true","","301168","864","50","50","http://prism.test/procurement-office?year=2026","6132","0","0"
"1791034547720","4093","MEASURED - Procurement dashboard FY2026","200","OK","Authenticated users 1-13","text","true","","301168","864","50","50","http://prism.test/procurement-office?year=2026","4085","0","0"
"1791034546549","5302","MEASURED - Procurement dashboard FY2026","200","OK","Authenticated users 1-33","text","true","","301168","864","50","50","http://prism.test/procurement-office?year=2026","5297","0","0"
"1791034547981","3925","MEASURED - Procurement dashboard FY2026","200","OK","Authenticated users 1-9","text","true","","301168","864","50","50","http://prism.test/procurement-office?year=2026","3921","0","0"
"1791034547885","4063","MEASURED - Procurement dashboard FY2026","200","OK","Authenticated users 1-11","text","true","","301168","864","50","50","http://prism.test/procurement-office?year=2026","4059","0","0"
"1791034548661","3342","MEASURED - Procurement dashboard FY2026","200","OK","Authenticated users 1-32","text","true","","301169","864","50","50","http://prism.test/procurement-office?year=2026","3339","0","2"
"1791034548251","3965","MEASURED - Procurement dashboard FY2026","200","OK","Authenticated users 1-7","text","true","","301168","864","50","50","http://prism.test/procurement-office?year=2026","3961","0","0"
"1791034548805","3446","MEASURED - Procurement dashboard FY2026","200","OK","Authenticated users 1-25","text","true","","301168","864","50","50","http://prism.test/procurement-office?year=2026","3442","0","0"
"1791034549129","3128","MEASURED - Procurement dashboard FY2026","200","OK","Authenticated users 1-50","text","true","","301168","864","50","50","http://prism.test/procurement-office?year=2026","3125","0","0"
"1791034547255","5112","MEASURED - Procurement dashboard FY2026","200","OK","Authenticated users 1-42","text","true","","301169","864","50","50","http://prism.test/procurement-office?year=2026","5107","0","1"
"1791034548907","3465","MEASURED - Procurement dashboard FY2026","200","OK","Authenticated users 1-17","text","true","","301168","864","50","50","http://prism.test/procurement-office?year=2026","3460","0","0"
"1791034544750","7626","MEASURED - Procurement dashboard FY2026","200","OK","Authenticated users 1-46","text","true","","301168","864","50","50","http://prism.test/procurement-office?year=2026","7618","0","0"
"1791034548604","3837","MEASURED - Procurement dashboard FY2026","200","OK","Authenticated users 1-20","text","true","","301168","864","50","50","http://prism.test/procurement-office?year=2026","3833","0","0"
"1791034547892","4549","MEASURED - Procurement dashboard FY2026","200","OK","Authenticated users 1-38","text","true","","301169","864","50","50","http://prism.test/procurement-office?year=2026","4545","0","1"
"1791034547977","4570","MEASURED - Procurement dashboard FY2026","200","OK","Authenticated users 1-49","text","true","","301168","864","50","50","http://prism.test/procurement-office?year=2026","4567","0","0"
"1791034549766","2798","MEASURED - Procurement dashboard FY2026","200","OK","Authenticated users 1-31","text","true","","301168","864","50","50","http://prism.test/procurement-office?year=2026","2794","0","0"
"1791034549075","3533","MEASURED - Procurement dashboard FY2026","200","OK","Authenticated users 1-39","text","true","","301168","864","50","50","http://prism.test/procurement-office?year=2026","3529","0","0"
"1791034547112","5521","MEASURED - Procurement dashboard FY2026","200","OK","Authenticated users 1-2","text","true","","301168","864","50","50","http://prism.test/procurement-office?year=2026","5518","0","0"
"1791034548597","4052","MEASURED - Procurement dashboard FY2026","200","OK","Authenticated users 1-5","text","true","","301168","864","50","50","http://prism.test/procurement-office?year=2026","4049","0","0"
"1791034549082","3579","MEASURED - Procurement dashboard FY2026","200","OK","Authenticated users 1-28","text","true","","301168","864","50","50","http://prism.test/procurement-office?year=2026","3575","0","0"
"1791034548510","4171","MEASURED - Procurement dashboard FY2026","200","OK","Authenticated users 1-16","text","true","","301168","864","50","50","http://prism.test/procurement-office?year=2026","4168","0","0"
"1791034550026","2669","MEASURED - Procurement dashboard FY2026","200","OK","Authenticated users 1-43","text","true","","301168","864","50","50","http://prism.test/procurement-office?year=2026","2666","0","0"
"1791034549570","3459","MEASURED - Procurement dashboard FY2026","200","OK","Authenticated users 1-10","text","true","","301168","864","50","50","http://prism.test/procurement-office?year=2026","3455","0","0"
"1791034547970","5224","MEASURED - Procurement dashboard FY2026","200","OK","Authenticated users 1-41","text","true","","301168","864","50","50","http://prism.test/procurement-office?year=2026","5221","0","0"
"1791034549797","3425","MEASURED - Procurement dashboard FY2026","200","OK","Authenticated users 1-12","text","true","","301168","864","50","50","http://prism.test/procurement-office?year=2026","3420","0","0"
"1791034548840","4491","MEASURED - Procurement dashboard FY2026","200","OK","Authenticated users 1-23","text","true","","301168","864","50","50","http://prism.test/procurement-office?year=2026","4487","0","0"
"1791034550788","2544","MEASURED - Procurement dashboard FY2026","200","OK","Authenticated users 1-35","text","true","","301168","864","50","50","http://prism.test/procurement-office?year=2026","2541","0","0"
"1791034549283","4121","MEASURED - Procurement dashboard FY2026","200","OK","Authenticated users 1-26","text","true","","301168","864","50","50","http://prism.test/procurement-office?year=2026","4118","0","0"
"1791034551244","2292","MEASURED - Procurement dashboard FY2026","200","OK","Authenticated users 1-21","text","true","","301168","864","50","50","http://prism.test/procurement-office?year=2026","2289","0","0"
"1791034550861","2759","MEASURED - Procurement dashboard FY2026","200","OK","Authenticated users 1-27","text","true","","301168","864","50","50","http://prism.test/procurement-office?year=2026","2756","0","0"
"1791034550011","3639","MEASURED - Procurement dashboard FY2026","200","OK","Authenticated users 1-34","text","true","","301168","864","50","50","http://prism.test/procurement-office?year=2026","3636","0","0"
"1791034548371","5380","MEASURED - Procurement dashboard FY2026","200","OK","Authenticated users 1-44","text","true","","301168","864","50","50","http://prism.test/procurement-office?year=2026","5377","0","0"
"1791034550917","2862","MEASURED - Procurement dashboard FY2026","200","OK","Authenticated users 1-48","text","true","","301168","864","50","50","http://prism.test/procurement-office?year=2026","2859","0","0"
"1791034550414","3643","MEASURED - Procurement dashboard FY2026","200","OK","Authenticated users 1-37","text","true","","301168","864","50","50","http://prism.test/procurement-office?year=2026","3639","0","0"
"1791034550698","3455","MEASURED - Procurement dashboard FY2026","200","OK","Authenticated users 1-36","text","true","","301168","864","50","50","http://prism.test/procurement-office?year=2026","3452","0","0"
"1791034550204","4008","MEASURED - Procurement dashboard FY2026","200","OK","Authenticated users 1-15","text","true","","301169","864","50","50","http://prism.test/procurement-office?year=2026","4003","0","2"
"1791034550790","3467","MEASURED - Procurement dashboard FY2026","200","OK","Authenticated users 1-3","text","true","","301168","864","50","50","http://prism.test/procurement-office?year=2026","3464","0","0"
"1791034552374","2344","MEASURED - Procurement dashboard FY2026","200","OK","Authenticated users 1-17","text","true","","301168","864","50","50","http://prism.test/procurement-office?year=2026","2330","0","0"
"1791034550769","3958","MEASURED - Procurement dashboard FY2026","200","OK","Authenticated users 1-40","text","true","","301168","864","50","50","http://prism.test/procurement-office?year=2026","3943","0","0"
"1791034552684","2066","MEASURED - Procurement dashboard FY2026","200","OK","Authenticated users 1-16","text","true","","301168","864","50","50","http://prism.test/procurement-office?year=2026","2060","0","0"
"1791034550648","4217","MEASURED - Procurement dashboard FY2026","200","OK","Authenticated users 1-22","text","true","","301168","864","50","50","http://prism.test/procurement-office?year=2026","4213","0","0"
"1791034550003","4906","MEASURED - Procurement dashboard FY2026","200","OK","Authenticated users 1-1","text","true","","301168","864","50","50","http://prism.test/procurement-office?year=2026","4902","0","0"
"1791034551951","2964","MEASURED - Procurement dashboard FY2026","200","OK","Authenticated users 1-11","text","true","","301168","864","50","50","http://prism.test/procurement-office?year=2026","2960","0","0"
"1791034550468","4505","MEASURED - Procurement dashboard FY2026","200","OK","Authenticated users 1-14","text","true","","301168","864","50","50","http://prism.test/procurement-office?year=2026","4501","0","0"
"1791034551854","3480","MEASURED - Procurement dashboard FY2026","200","OK","Authenticated users 1-33","text","true","","301168","864","50","50","http://prism.test/procurement-office?year=2026","3477","0","0"
"1791034552254","3195","MEASURED - Procurement dashboard FY2026","200","OK","Authenticated users 1-25","text","true","","301168","864","50","50","http://prism.test/procurement-office?year=2026","3192","0","0"
"1791034550354","5098","MEASURED - Procurement dashboard FY2026","200","OK","Authenticated users 1-6","text","true","","301168","864","50","50","http://prism.test/procurement-office?year=2026","5094","0","0"
"1791034550741","4742","MEASURED - Procurement dashboard FY2026","200","OK","Authenticated users 1-47","text","true","","301168","864","50","50","http://prism.test/procurement-office?year=2026","4739","0","0"
"1791034552371","3126","MEASURED - Procurement dashboard FY2026","200","OK","Authenticated users 1-42","text","true","","301168","864","50","50","http://prism.test/procurement-office?year=2026","3123","0","0"
"1791034553334","2229","MEASURED - Procurement dashboard FY2026","200","OK","Authenticated users 1-35","text","true","","301168","864","50","50","http://prism.test/procurement-office?year=2026","2226","0","0"
"1791034553407","2282","MEASURED - Procurement dashboard FY2026","200","OK","Authenticated users 1-26","text","true","","301168","864","50","50","http://prism.test/procurement-office?year=2026","2278","0","0"
"1791034550435","5371","MEASURED - Procurement dashboard FY2026","200","OK","Authenticated users 1-45","text","true","","301168","864","50","50","http://prism.test/procurement-office?year=2026","5368","0","0"
"1791034552636","3266","MEASURED - Procurement dashboard FY2026","200","OK","Authenticated users 1-2","text","true","","301168","864","50","50","http://prism.test/procurement-office?year=2026","3261","0","0"
"1791034552610","3556","MEASURED - Procurement dashboard FY2026","200","OK","Authenticated users 1-39","text","true","","301168","864","50","50","http://prism.test/procurement-office?year=2026","3553","0","0"
"1791034551244","4938","MEASURED - Procurement dashboard FY2026","200","OK","Authenticated users 1-24","text","true","","301168","864","50","50","http://prism.test/procurement-office?year=2026","4935","0","0"
"1791034553754","2574","MEASURED - Procurement dashboard FY2026","200","OK","Authenticated users 1-44","text","true","","301168","864","50","50","http://prism.test/procurement-office?year=2026","2571","0","0"
"1791034552378","3950","MEASURED - Procurement dashboard FY2026","200","OK","Authenticated users 1-46","text","true","","301168","864","50","50","http://prism.test/procurement-office?year=2026","3947","0","0"
"1791034550995","5433","MEASURED - Procurement dashboard FY2026","200","OK","Authenticated users 1-30","text","true","","301168","864","50","50","http://prism.test/procurement-office?year=2026","5430","0","0"
"1791034552006","4650","MEASURED - Procurement dashboard FY2026","200","OK","Authenticated users 1-32","text","true","","301168","864","50","50","http://prism.test/procurement-office?year=2026","4646","0","0"
"1791034551909","4811","MEASURED - Procurement dashboard FY2026","200","OK","Authenticated users 1-9","text","true","","301168","864","50","50","http://prism.test/procurement-office?year=2026","4798","0","0"
"1791034550831","6357","MEASURED - Procurement dashboard FY2026","200","OK","Authenticated users 1-29","text","true","","301168","864","50","50","http://prism.test/procurement-office?year=2026","6354","0","0"
"1791034554059","3230","MEASURED - Procurement dashboard FY2026","500","Internal Server Error","Authenticated users 1-37","text","false","Expected authenticated Procurement Office dashboard and HTTP 200.","13629","864","50","50","http://prism.test/procurement-office?year=2026","3223","0","0"
"1791034551816","5496","MEASURED - Procurement dashboard FY2026","200","OK","Authenticated users 1-13","text","true","","301168","864","50","50","http://prism.test/procurement-office?year=2026","5493","0","0"
"1791034552664","4778","MEASURED - Procurement dashboard FY2026","200","OK","Authenticated users 1-28","text","true","","301168","864","50","50","http://prism.test/procurement-office?year=2026","4774","0","0"
"1791034553198","4251","MEASURED - Procurement dashboard FY2026","200","OK","Authenticated users 1-41","text","true","","301168","864","50","50","http://prism.test/procurement-office?year=2026","4246","0","0"
"1791034552260","5209","MEASURED - Procurement dashboard FY2026","200","OK","Authenticated users 1-50","text","true","","301168","864","50","50","http://prism.test/procurement-office?year=2026","5205","0","0"
"1791034553651","4302","MEASURED - Procurement dashboard FY2026","200","OK","Authenticated users 1-34","text","true","","301168","864","50","50","http://prism.test/procurement-office?year=2026","4298","0","0"
"1791034553538","4625","MEASURED - Procurement dashboard FY2026","200","OK","Authenticated users 1-21","text","true","","301168","864","50","50","http://prism.test/procurement-office?year=2026","4621","0","0"
"1791034552444","5728","MEASURED - Procurement dashboard FY2026","200","OK","Authenticated users 1-38","text","true","","301168","864","50","50","http://prism.test/procurement-office?year=2026","5724","0","0"
"1791034554721","3466","MEASURED - Procurement dashboard FY2026","200","OK","Authenticated users 1-17","text","true","","301168","864","50","50","http://prism.test/procurement-office?year=2026","3460","0","0"
"1791034553224","5116","MEASURED - Procurement dashboard FY2026","200","OK","Authenticated users 1-12","text","true","","301168","864","50","50","http://prism.test/procurement-office?year=2026","5116","0","0"
"1791034552551","5870","MEASURED - Procurement dashboard FY2026","200","OK","Authenticated users 1-49","text","true","","301168","864","50","50","http://prism.test/procurement-office?year=2026","5866","0","0"
"1791034552219","6203","MEASURED - Procurement dashboard FY2026","200","OK","Authenticated users 1-7","text","true","","301169","864","50","50","http://prism.test/procurement-office?year=2026","6200","0","2"
"1791034549577","8845","MEASURED - Procurement dashboard FY2026","200","OK","Authenticated users 1-19","text","true","","301169","864","50","50","http://prism.test/procurement-office?year=2026","8839","0","2"
"1791034498538","60019","MEASURED - Procurement dashboard FY2026","Non HTTP response code: java.net.SocketTimeoutException","Non HTTP response message: Read timed out","Authenticated users 1-18","text","false","Expected authenticated Procurement Office dashboard and HTTP 200.","2675","0","50","50","http://prism.test/procurement-office?year=2026","0","0","0"
"1791034552444","6200","MEASURED - Procurement dashboard FY2026","200","OK","Authenticated users 1-20","text","true","","301168","864","50","50","http://prism.test/procurement-office?year=2026","6196","0","0"
"1791034555335","3391","MEASURED - Procurement dashboard FY2026","200","OK","Authenticated users 1-33","text","true","","301168","864","50","50","http://prism.test/procurement-office?year=2026","3387","0","0"
"1791034551531","7274","MEASURED - Procurement dashboard FY2026","200","OK","Authenticated users 1-4","text","true","","301168","864","50","50","http://prism.test/procurement-office?year=2026","7270","0","0"
"1791034554155","4719","MEASURED - Procurement dashboard FY2026","200","OK","Authenticated users 1-36","text","true","","301168","864","50","50","http://prism.test/procurement-office?year=2026","4715","0","0"
"1791034553334","5661","MEASURED - Procurement dashboard FY2026","200","OK","Authenticated users 1-23","text","true","","301168","864","50","50","http://prism.test/procurement-office?year=2026","5658","0","0"
"1791034556721","2292","MEASURED - Procurement dashboard FY2026","200","OK","Authenticated users 1-9","text","true","","301168","864","50","50","http://prism.test/procurement-office?year=2026","2289","0","0"
"1791034553031","5984","MEASURED - Procurement dashboard FY2026","200","OK","Authenticated users 1-10","text","true","","301168","864","50","50","http://prism.test/procurement-office?year=2026","5981","0","0"
"1791034554910","4195","MEASURED - Procurement dashboard FY2026","200","OK","Authenticated users 1-1","text","true","","301168","864","50","50","http://prism.test/procurement-office?year=2026","4189","0","0"
"1791034552652","6473","MEASURED - Procurement dashboard FY2026","200","OK","Authenticated users 1-5","text","true","","301168","864","50","50","http://prism.test/procurement-office?year=2026","6469","0","0"
"1791034554259","4918","MEASURED - Procurement dashboard FY2026","200","OK","Authenticated users 1-3","text","true","","301168","864","50","50","http://prism.test/procurement-office?year=2026","4915","0","0"
"1791034555453","3789","MEASURED - Procurement dashboard FY2026","200","OK","Authenticated users 1-6","text","true","","301168","864","50","50","http://prism.test/procurement-office?year=2026","3785","0","0"
"1791034553622","5652","MEASURED - Procurement dashboard FY2026","200","OK","Authenticated users 1-27","text","true","","301168","864","50","50","http://prism.test/procurement-office?year=2026","5647","0","0"
"1791034553782","5804","MEASURED - Procurement dashboard FY2026","200","OK","Authenticated users 1-48","text","true","","301168","864","50","50","http://prism.test/procurement-office?year=2026","5800","0","0"
"1791034555485","4121","MEASURED - Procurement dashboard FY2026","200","OK","Authenticated users 1-47","text","true","","301168","864","50","50","http://prism.test/procurement-office?year=2026","4118","0","0"
"1791034554916","4709","MEASURED - Procurement dashboard FY2026","200","OK","Authenticated users 1-11","text","true","","301168","864","50","50","http://prism.test/procurement-office?year=2026","4709","0","0"
"1791034556330","3629","MEASURED - Procurement dashboard FY2026","200","OK","Authenticated users 1-44","text","true","","301168","864","50","50","http://prism.test/procurement-office?year=2026","3626","0","0"
"1791034555807","4471","MEASURED - Procurement dashboard FY2026","200","OK","Authenticated users 1-45","text","true","","301168","864","50","50","http://prism.test/procurement-office?year=2026","4467","0","0"
"1791034555690","4592","MEASURED - Procurement dashboard FY2026","200","OK","Authenticated users 1-26","text","true","","301168","864","50","50","http://prism.test/procurement-office?year=2026","4585","0","0"
"1791034559016","1312","MEASURED - Procurement dashboard FY2026","200","OK","Authenticated users 1-9","text","true","","301168","864","50","50","http://prism.test/procurement-office?year=2026","1308","0","0"
"1791034554214","6118","MEASURED - Procurement dashboard FY2026","200","OK","Authenticated users 1-15","text","true","","301168","864","50","50","http://prism.test/procurement-office?year=2026","6114","0","0"
"1791034552698","7700","MEASURED - Procurement dashboard FY2026","200","OK","Authenticated users 1-43","text","true","","301168","864","50","50","http://prism.test/procurement-office?year=2026","7695","0","0"
"1791034555903","4620","MEASURED - Procurement dashboard FY2026","200","OK","Authenticated users 1-2","text","true","","301169","864","50","50","http://prism.test/procurement-office?year=2026","4616","0","2"
"1791034555498","5079","MEASURED - Procurement dashboard FY2026","200","OK","Authenticated users 1-42","text","true","","301168","864","50","50","http://prism.test/procurement-office?year=2026","5075","0","0"
"1791034552565","8073","MEASURED - Procurement dashboard FY2026","200","OK","Authenticated users 1-31","text","true","","301168","864","50","50","http://prism.test/procurement-office?year=2026","8069","0","0"
"1791034554732","5957","MEASURED - Procurement dashboard FY2026","200","OK","Authenticated users 1-40","text","true","","301168","864","50","50","http://prism.test/procurement-office?year=2026","5953","0","0"
"1791034557450","3324","MEASURED - Procurement dashboard FY2026","200","OK","Authenticated users 1-41","text","true","","301168","864","50","50","http://prism.test/procurement-office?year=2026","3321","0","0"
"1791034555564","5237","MEASURED - Procurement dashboard FY2026","200","OK","Authenticated users 1-35","text","true","","301168","864","50","50","http://prism.test/procurement-office?year=2026","5233","0","0"
"1791034558428","2418","MEASURED - Procurement dashboard FY2026","200","OK","Authenticated users 1-19","text","true","","301168","864","50","50","http://prism.test/procurement-office?year=2026","2415","0","0"
"1791034557316","3564","MEASURED - Procurement dashboard FY2026","200","OK","Authenticated users 1-13","text","true","","301168","864","50","50","http://prism.test/procurement-office?year=2026","3561","0","0"
"1791034556330","4568","MEASURED - Procurement dashboard FY2026","200","OK","Authenticated users 1-46","text","true","","301168","864","50","50","http://prism.test/procurement-office?year=2026","4565","0","0"
"1791034554866","6359","MEASURED - Procurement dashboard FY2026","200","OK","Authenticated users 1-22","text","true","","301168","864","50","50","http://prism.test/procurement-office?year=2026","6354","0","0"
"1791034556183","5531","MEASURED - Procurement dashboard FY2026","200","OK","Authenticated users 1-24","text","true","","301168","864","50","50","http://prism.test/procurement-office?year=2026","5527","0","0"
"1791034559125","2760","MEASURED - Procurement dashboard FY2026","200","OK","Authenticated users 1-5","text","true","","301168","864","50","50","http://prism.test/procurement-office?year=2026","2756","0","0"
"1791034558422","3496","MEASURED - Procurement dashboard FY2026","200","OK","Authenticated users 1-49","text","true","","301168","864","50","50","http://prism.test/procurement-office?year=2026","3492","0","0"
"1791034555450","6471","MEASURED - Procurement dashboard FY2026","200","OK","Authenticated users 1-25","text","true","","301168","864","50","50","http://prism.test/procurement-office?year=2026","6467","0","0"
"1791034558341","3692","MEASURED - Procurement dashboard FY2026","200","OK","Authenticated users 1-12","text","true","","301168","864","50","50","http://prism.test/procurement-office?year=2026","3689","0","0"
"1791034558166","3899","MEASURED - Procurement dashboard FY2026","200","OK","Authenticated users 1-21","text","true","","301168","864","50","50","http://prism.test/procurement-office?year=2026","3895","0","0"
"1791034556430","5709","MEASURED - Procurement dashboard FY2026","200","OK","Authenticated users 1-30","text","true","","301168","864","50","50","http://prism.test/procurement-office?year=2026","5705","0","0"
"1791034557469","4849","MEASURED - Procurement dashboard FY2026","200","OK","Authenticated users 1-50","text","true","","301168","864","50","50","http://prism.test/procurement-office?year=2026","4846","0","0"
"1791034558996","3408","MEASURED - Procurement dashboard FY2026","200","OK","Authenticated users 1-23","text","true","","301168","864","50","50","http://prism.test/procurement-office?year=2026","3403","0","0"
"1791034559629","2984","MEASURED - Procurement dashboard FY2026","200","OK","Authenticated users 1-11","text","true","","301168","864","50","50","http://prism.test/procurement-office?year=2026","2981","0","0"
"1791034558188","4506","MEASURED - Procurement dashboard FY2026","200","OK","Authenticated users 1-17","text","true","","301168","864","50","50","http://prism.test/procurement-office?year=2026","4502","0","0"
"1791034559107","3655","MEASURED - Procurement dashboard FY2026","200","OK","Authenticated users 1-1","text","true","","301168","864","50","50","http://prism.test/procurement-office?year=2026","3651","0","0"
"1791034558562","4261","MEASURED - Procurement dashboard FY2026","200","OK","Authenticated users 1-18","text","true","","301169","864","50","50","http://prism.test/procurement-office?year=2026","4256","0","1"
"1791034558423","4551","MEASURED - Procurement dashboard FY2026","200","OK","Authenticated users 1-7","text","true","","301168","864","50","50","http://prism.test/procurement-office?year=2026","4547","0","0"
"1791034560284","2701","MEASURED - Procurement dashboard FY2026","200","OK","Authenticated users 1-26","text","true","","301168","864","50","50","http://prism.test/procurement-office?year=2026","2698","0","0"
"1791034560331","2727","MEASURED - Procurement dashboard FY2026","200","OK","Authenticated users 1-9","text","true","","301168","864","50","50","http://prism.test/procurement-office?year=2026","2723","0","0"
"1791034556656","6507","MEASURED - Procurement dashboard FY2026","200","OK","Authenticated users 1-32","text","true","","301168","864","50","50","http://prism.test/procurement-office?year=2026","6502","0","0"
"1791034559609","3556","MEASURED - Procurement dashboard FY2026","200","OK","Authenticated users 1-47","text","true","","301168","864","50","50","http://prism.test/procurement-office?year=2026","3554","0","0"
"1791034560525","2659","MEASURED - Procurement dashboard FY2026","200","OK","Authenticated users 1-2","text","true","","301168","864","50","50","http://prism.test/procurement-office?year=2026","2636","0","0"
"1791034557955","5430","MEASURED - Procurement dashboard FY2026","200","OK","Authenticated users 1-34","text","true","","301168","864","50","50","http://prism.test/procurement-office?year=2026","5427","0","0"
"1791034557443","6013","MEASURED - Procurement dashboard FY2026","200","OK","Authenticated users 1-28","text","true","","301168","864","50","50","http://prism.test/procurement-office?year=2026","6010","0","0"
"1791034559588","3896","MEASURED - Procurement dashboard FY2026","200","OK","Authenticated users 1-48","text","true","","301168","864","50","50","http://prism.test/procurement-office?year=2026","3892","0","0"
"1791034558173","5341","MEASURED - Procurement dashboard FY2026","200","OK","Authenticated users 1-38","text","true","","301168","864","50","50","http://prism.test/procurement-office?year=2026","5336","0","0"
"1791034554974","8654","MEASURED - Procurement dashboard FY2026","200","OK","Authenticated users 1-14","text","true","","301169","864","50","50","http://prism.test/procurement-office?year=2026","8651","0","2"
"1791034560778","3282","MEASURED - Procurement dashboard FY2026","200","OK","Authenticated users 1-41","text","true","","301168","864","50","50","http://prism.test/procurement-office?year=2026","3271","0","0"
"1791034559962","4157","MEASURED - Procurement dashboard FY2026","200","OK","Authenticated users 1-44","text","true","","301168","864","50","50","http://prism.test/procurement-office?year=2026","4154","0","0"
"1791034554751","9617","MEASURED - Procurement dashboard FY2026","200","OK","Authenticated users 1-16","text","true","","301169","864","50","50","http://prism.test/procurement-office?year=2026","9613","0","2"
"1791034560901","3679","MEASURED - Procurement dashboard FY2026","200","OK","Authenticated users 1-46","text","true","","301168","864","50","50","http://prism.test/procurement-office?year=2026","3675","0","0"
"1791034560849","3746","MEASURED - Procurement dashboard FY2026","200","OK","Authenticated users 1-19","text","true","","301168","864","50","50","http://prism.test/procurement-office?year=2026","3743","0","0"
"1791034558729","5868","MEASURED - Procurement dashboard FY2026","200","OK","Authenticated users 1-33","text","true","","301168","864","50","50","http://prism.test/procurement-office?year=2026","5863","0","0"
"1791034560400","4197","MEASURED - Procurement dashboard FY2026","200","OK","Authenticated users 1-43","text","true","","301168","864","50","50","http://prism.test/procurement-office?year=2026","4193","0","0"
"1791034560884","3716","MEASURED - Procurement dashboard FY2026","200","OK","Authenticated users 1-13","text","true","","301168","864","50","50","http://prism.test/procurement-office?year=2026","3712","0","0"
"1791034559244","5361","MEASURED - Procurement dashboard FY2026","200","OK","Authenticated users 1-6","text","true","","301168","864","50","50","http://prism.test/procurement-office?year=2026","5353","0","0"
"1791034557190","7515","MEASURED - Procurement dashboard FY2026","200","OK","Authenticated users 1-29","text","true","","301168","864","50","50","http://prism.test/procurement-office?year=2026","7511","0","0"
"1791034562068","2639","MEASURED - Procurement dashboard FY2026","200","OK","Authenticated users 1-21","text","true","","301169","864","50","50","http://prism.test/procurement-office?year=2026","2636","0","3"
"1791034560284","4478","MEASURED - Procurement dashboard FY2026","200","OK","Authenticated users 1-45","text","true","","301168","864","50","50","http://prism.test/procurement-office?year=2026","4475","0","0"
"1791034561924","2968","MEASURED - Procurement dashboard FY2026","200","OK","Authenticated users 1-25","text","true","","301168","864","50","50","http://prism.test/procurement-office?year=2026","2965","0","0"
"1791034560580","4572","MEASURED - Procurement dashboard FY2026","200","OK","Authenticated users 1-42","text","true","","301168","864","50","50","http://prism.test/procurement-office?year=2026","4569","0","0"
"1791034558645","6582","MEASURED - Procurement dashboard FY2026","200","OK","Authenticated users 1-20","text","true","","301169","864","50","50","http://prism.test/procurement-office?year=2026","6576","0","1"
"1791034560804","4458","MEASURED - Procurement dashboard FY2026","200","OK","Authenticated users 1-35","text","true","","301168","864","50","50","http://prism.test/procurement-office?year=2026","4454","0","0"
"1791034562036","3249","MEASURED - Procurement dashboard FY2026","200","OK","Authenticated users 1-12","text","true","","301168","864","50","50","http://prism.test/procurement-office?year=2026","3245","0","0"
"1791034559274","6052","MEASURED - Procurement dashboard FY2026","200","OK","Authenticated users 1-27","text","true","","301168","864","50","50","http://prism.test/procurement-office?year=2026","6047","0","0"
"1791034560334","5004","MEASURED - Procurement dashboard FY2026","200","OK","Authenticated users 1-15","text","true","","301168","864","50","50","http://prism.test/procurement-office?year=2026","5000","0","0"
"1791034563187","2165","MEASURED - Procurement dashboard FY2026","200","OK","Authenticated users 1-47","text","true","","301168","864","50","50","http://prism.test/procurement-office?year=2026","2161","0","0"
"1791034561716","3686","MEASURED - Procurement dashboard FY2026","200","OK","Authenticated users 1-24","text","true","","301168","864","50","50","http://prism.test/procurement-office?year=2026","3683","0","0"
"1791034561888","3549","MEASURED - Procurement dashboard FY2026","200","OK","Authenticated users 1-5","text","true","","301168","864","50","50","http://prism.test/procurement-office?year=2026","3546","0","0"
"1791034558806","6704","MEASURED - Procurement dashboard FY2026","200","OK","Authenticated users 1-4","text","true","","301168","864","50","50","http://prism.test/procurement-office?year=2026","6701","0","0"
"1791034559179","6423","MEASURED - Procurement dashboard FY2026","200","OK","Authenticated users 1-3","text","true","","301168","864","50","50","http://prism.test/procurement-office?year=2026","6418","0","0"
"1791034560692","5001","MEASURED - Procurement dashboard FY2026","200","OK","Authenticated users 1-40","text","true","","301168","864","50","50","http://prism.test/procurement-office?year=2026","4998","0","0"
"1791034562321","3435","MEASURED - Procurement dashboard FY2026","200","OK","Authenticated users 1-50","text","true","","301168","864","50","50","http://prism.test/procurement-office?year=2026","3432","0","0"
"1791034562697","3404","MEASURED - Procurement dashboard FY2026","200","OK","Authenticated users 1-17","text","true","","301168","864","50","50","http://prism.test/procurement-office?year=2026","3401","0","0"
"1791034561230","4922","MEASURED - Procurement dashboard FY2026","200","OK","Authenticated users 1-22","text","true","","301168","864","50","50","http://prism.test/procurement-office?year=2026","4919","0","0"
"1791034563634","2571","MEASURED - Procurement dashboard FY2026","200","OK","Authenticated users 1-14","text","true","","301168","864","50","50","http://prism.test/procurement-office?year=2026","2568","0","0"
"1791034562143","4077","MEASURED - Procurement dashboard FY2026","200","OK","Authenticated users 1-30","text","true","","301169","864","50","50","http://prism.test/procurement-office?year=2026","4074","0","1"
"1791034561921","4439","MEASURED - Procurement dashboard FY2026","200","OK","Authenticated users 1-49","text","true","","301168","864","50","50","http://prism.test/procurement-office?year=2026","4436","0","0"
"1791034563486","3021","MEASURED - Procurement dashboard FY2026","200","OK","Authenticated users 1-48","text","true","","301168","864","50","50","http://prism.test/procurement-office?year=2026","3018","0","0"
"1791034562615","3995","MEASURED - Procurement dashboard FY2026","200","OK","Authenticated users 1-11","text","true","","301168","864","50","50","http://prism.test/procurement-office?year=2026","3991","0","0"
"1791034562765","3860","MEASURED - Procurement dashboard FY2026","200","OK","Authenticated users 1-1","text","true","","301168","864","50","50","http://prism.test/procurement-office?year=2026","3857","0","0"
"1791034562978","3728","MEASURED - Procurement dashboard FY2026","200","OK","Authenticated users 1-7","text","true","","301168","864","50","50","http://prism.test/procurement-office?year=2026","3724","0","0"
"1791034563184","3627","MEASURED - Procurement dashboard FY2026","200","OK","Authenticated users 1-32","text","true","","301168","864","50","50","http://prism.test/procurement-office?year=2026","3623","0","0"
"1791034563059","3948","MEASURED - Procurement dashboard FY2026","200","OK","Authenticated users 1-9","text","true","","301168","864","50","50","http://prism.test/procurement-office?year=2026","3945","0","0"
"1791034564596","2582","MEASURED - Procurement dashboard FY2026","200","OK","Authenticated users 1-19","text","true","","301168","864","50","50","http://prism.test/procurement-office?year=2026","2578","0","0"
"1791034563389","3852","MEASURED - Procurement dashboard FY2026","200","OK","Authenticated users 1-34","text","true","","301168","864","50","50","http://prism.test/procurement-office?year=2026","3848","0","0"
"1791034563187","4086","MEASURED - Procurement dashboard FY2026","200","OK","Authenticated users 1-2","text","true","","301168","864","50","50","http://prism.test/procurement-office?year=2026","4083","0","0"
"1791034564607","2836","MEASURED - Procurement dashboard FY2026","200","OK","Authenticated users 1-6","text","true","","301168","864","50","50","http://prism.test/procurement-office?year=2026","2832","0","0"
"1791034564599","2846","MEASURED - Procurement dashboard FY2026","200","OK","Authenticated users 1-43","text","true","","301168","864","50","50","http://prism.test/procurement-office?year=2026","2842","0","0"
"1791034565153","2292","MEASURED - Procurement dashboard FY2026","200","OK","Authenticated users 1-42","text","true","","301168","864","50","50","http://prism.test/procurement-office?year=2026","2288","0","0"
"1791034565338","2169","MEASURED - Procurement dashboard FY2026","200","OK","Authenticated users 1-15","text","true","","301168","864","50","50","http://prism.test/procurement-office?year=2026","2165","0","0"
"1791034562987","4533","MEASURED - Procurement dashboard FY2026","200","OK","Authenticated users 1-26","text","true","","301168","864","50","50","http://prism.test/procurement-office?year=2026","4530","0","0"
"1791034564601","2954","MEASURED - Procurement dashboard FY2026","200","OK","Authenticated users 1-13","text","true","","301168","864","50","50","http://prism.test/procurement-office?year=2026","2950","0","0"
"1791034564121","3624","MEASURED - Procurement dashboard FY2026","200","OK","Authenticated users 1-44","text","true","","301168","864","50","50","http://prism.test/procurement-office?year=2026","3620","0","0"
"1791034562826","4919","MEASURED - Procurement dashboard FY2026","200","OK","Authenticated users 1-18","text","true","","301168","864","50","50","http://prism.test/procurement-office?year=2026","4916","0","0"
"1791034560640","7225","MEASURED - Procurement dashboard FY2026","200","OK","Authenticated users 1-31","text","true","","301168","864","50","50","http://prism.test/procurement-office?year=2026","7222","0","0"
"1791034565229","2709","MEASURED - Procurement dashboard FY2026","200","OK","Authenticated users 1-20","text","true","","301168","864","50","50","http://prism.test/procurement-office?year=2026","2705","0","0"
"1791034563517","4588","MEASURED - Procurement dashboard FY2026","200","OK","Authenticated users 1-38","text","true","","301168","864","50","50","http://prism.test/procurement-office?year=2026","4585","0","0"
"1791034564763","3418","MEASURED - Procurement dashboard FY2026","200","OK","Authenticated users 1-45","text","true","","301168","864","50","50","http://prism.test/procurement-office?year=2026","3416","0","0"
"1791034565403","2885","MEASURED - Procurement dashboard FY2026","200","OK","Authenticated users 1-24","text","true","","301168","864","50","50","http://prism.test/procurement-office?year=2026","2881","0","0"
"1791034565262","3051","MEASURED - Procurement dashboard FY2026","200","OK","Authenticated users 1-35","text","true","","301168","864","50","50","http://prism.test/procurement-office?year=2026","3048","0","0"
"1791034563459","4889","MEASURED - Procurement dashboard FY2026","200","OK","Authenticated users 1-28","text","true","","301168","864","50","50","http://prism.test/procurement-office?year=2026","4886","0","0"
"1791034564707","4219","MEASURED - Procurement dashboard FY2026","200","OK","Authenticated users 1-29","text","true","","301168","864","50","50","http://prism.test/procurement-office?year=2026","4216","0","0"
"1791034565758","3170","MEASURED - Procurement dashboard FY2026","200","OK","Authenticated users 1-50","text","true","","301168","864","50","50","http://prism.test/procurement-office?year=2026","3167","0","0"
"1791034562406","6568","MEASURED - Procurement dashboard FY2026","200","OK","Authenticated users 1-23","text","true","","301168","864","50","50","http://prism.test/procurement-office?year=2026","6565","0","0"
"1791034566154","2868","MEASURED - Procurement dashboard FY2026","200","OK","Authenticated users 1-22","text","true","","301168","864","50","50","http://prism.test/procurement-office?year=2026","2865","0","0"
"1791034564372","4673","MEASURED - Procurement dashboard FY2026","200","OK","Authenticated users 1-16","text","true","","301168","864","50","50","http://prism.test/procurement-office?year=2026","4670","0","0"
"1791034564581","4469","MEASURED - Procurement dashboard FY2026","200","OK","Authenticated users 1-46","text","true","","301168","864","50","50","http://prism.test/procurement-office?year=2026","4466","0","0"
"1791034564063","5013","MEASURED - Procurement dashboard FY2026","200","OK","Authenticated users 1-41","text","true","","301168","864","50","50","http://prism.test/procurement-office?year=2026","5010","0","0"
"1791034565512","3749","MEASURED - Procurement dashboard FY2026","200","OK","Authenticated users 1-4","text","true","","301168","864","50","50","http://prism.test/procurement-office?year=2026","3745","0","0"
"1791034567008","2265","MEASURED - Procurement dashboard FY2026","200","OK","Authenticated users 1-9","text","true","","301168","864","50","50","http://prism.test/procurement-office?year=2026","2262","0","0"
"1791034566707","2571","MEASURED - Procurement dashboard FY2026","200","OK","Authenticated users 1-7","text","true","","301168","864","50","50","http://prism.test/procurement-office?year=2026","2568","0","0"
"1791034566102","3396","MEASURED - Procurement dashboard FY2026","200","OK","Authenticated users 1-17","text","true","","301168","864","50","50","http://prism.test/procurement-office?year=2026","3393","0","0"
"1791034566611","2964","MEASURED - Procurement dashboard FY2026","200","OK","Authenticated users 1-11","text","true","","301168","864","50","50","http://prism.test/procurement-office?year=2026","2960","0","0"
"1791034567274","2403","MEASURED - Procurement dashboard FY2026","200","OK","Authenticated users 1-2","text","true","","301168","864","50","50","http://prism.test/procurement-office?year=2026","2400","0","0"
"1791034565286","4521","MEASURED - Procurement dashboard FY2026","200","OK","Authenticated users 1-12","text","true","","301168","864","50","50","http://prism.test/procurement-office?year=2026","4516","0","0"
"1791034564708","5132","MEASURED - Procurement dashboard FY2026","200","OK","Authenticated users 1-21","text","true","","301168","864","50","50","http://prism.test/procurement-office?year=2026","5128","0","0"
"1791034564893","4951","MEASURED - Procurement dashboard FY2026","200","OK","Authenticated users 1-25","text","true","","301168","864","50","50","http://prism.test/procurement-office?year=2026","4947","0","0"
"1791034567747","2275","MEASURED - Procurement dashboard FY2026","200","OK","Authenticated users 1-44","text","true","","301168","864","50","50","http://prism.test/procurement-office?year=2026","2271","0","0"
"1791034567521","2518","MEASURED - Procurement dashboard FY2026","200","OK","Authenticated users 1-26","text","true","","301168","864","50","50","http://prism.test/procurement-office?year=2026","2514","0","0"
"1791034566626","3454","MEASURED - Procurement dashboard FY2026","200","OK","Authenticated users 1-1","text","true","","301168","864","50","50","http://prism.test/procurement-office?year=2026","3450","0","0"
"1791034566812","3451","MEASURED - Procurement dashboard FY2026","200","OK","Authenticated users 1-32","text","true","","301168","864","50","50","http://prism.test/procurement-office?year=2026","3449","0","0"
"1791034567241","3048","MEASURED - Procurement dashboard FY2026","200","OK","Authenticated users 1-34","text","true","","301168","864","50","50","http://prism.test/procurement-office?year=2026","3044","0","0"
"1791034565694","4601","MEASURED - Procurement dashboard FY2026","200","OK","Authenticated users 1-40","text","true","","301168","864","50","50","http://prism.test/procurement-office?year=2026","4597","0","0"
"1791034566221","4337","MEASURED - Procurement dashboard FY2026","200","OK","Authenticated users 1-30","text","true","","301168","864","50","50","http://prism.test/procurement-office?year=2026","4334","0","0"
"1791034564599","6061","MEASURED - Procurement dashboard FY2026","200","OK","Authenticated users 1-33","text","true","","301168","864","50","50","http://prism.test/procurement-office?year=2026","6059","0","0"
"1791034567866","2829","MEASURED - Procurement dashboard FY2026","200","OK","Authenticated users 1-31","text","true","","301168","864","50","50","http://prism.test/procurement-office?year=2026","2826","0","0"
"1791034567445","3328","MEASURED - Procurement dashboard FY2026","500","Internal Server Error","Authenticated users 1-6","text","false","Expected authenticated Procurement Office dashboard and HTTP 200.","13629","864","50","50","http://prism.test/procurement-office?year=2026","3320","0","0"
"1791034568349","2724","MEASURED - Procurement dashboard FY2026","200","OK","Authenticated users 1-28","text","true","","301168","864","50","50","http://prism.test/procurement-office?year=2026","2717","0","0"
"1791034568975","2100","MEASURED - Procurement dashboard FY2026","200","OK","Authenticated users 1-23","text","true","","301168","864","50","50","http://prism.test/procurement-office?year=2026","2096","0","0"
"1791034566361","4882","MEASURED - Procurement dashboard FY2026","200","OK","Authenticated users 1-49","text","true","","301168","864","50","50","http://prism.test/procurement-office?year=2026","4878","0","0"
"1791034567940","3335","MEASURED - Procurement dashboard FY2026","200","OK","Authenticated users 1-20","text","true","","301168","864","50","50","http://prism.test/procurement-office?year=2026","3331","0","0"
"1791034568290","3109","MEASURED - Procurement dashboard FY2026","200","OK","Authenticated users 1-24","text","true","","301169","864","50","50","http://prism.test/procurement-office?year=2026","3105","0","1"
"1791034566508","4892","MEASURED - Procurement dashboard FY2026","200","OK","Authenticated users 1-48","text","true","","301168","864","50","50","http://prism.test/procurement-office?year=2026","4889","0","0"
"1791034567747","3707","MEASURED - Procurement dashboard FY2026","200","OK","Authenticated users 1-18","text","true","","301168","864","50","50","http://prism.test/procurement-office?year=2026","3704","0","0"
"1791034567179","4413","MEASURED - Procurement dashboard FY2026","200","OK","Authenticated users 1-19","text","true","","301168","864","50","50","http://prism.test/procurement-office?year=2026","4410","0","0"
"1791034567508","4089","MEASURED - Procurement dashboard FY2026","200","OK","Authenticated users 1-15","text","true","","301168","864","50","50","http://prism.test/procurement-office?year=2026","4085","0","0"
"1791034568106","3494","MEASURED - Procurement dashboard FY2026","200","OK","Authenticated users 1-38","text","true","","301168","864","50","50","http://prism.test/procurement-office?year=2026","3490","0","0"
"1791034569263","2347","MEASURED - Procurement dashboard FY2026","200","OK","Authenticated users 1-4","text","true","","301168","864","50","50","http://prism.test/procurement-office?year=2026","2343","0","0"
"1791034566207","5513","MEASURED - Procurement dashboard FY2026","200","OK","Authenticated users 1-14","text","true","","301168","864","50","50","http://prism.test/procurement-office?year=2026","5510","0","0"
"1791034565328","6645","MEASURED - Procurement dashboard FY2026","200","OK","Authenticated users 1-27","text","true","","301169","864","50","50","http://prism.test/procurement-office?year=2026","6645","0","2"
"1791034567447","4532","MEASURED - Procurement dashboard FY2026","200","OK","Authenticated users 1-43","text","true","","301169","864","50","50","http://prism.test/procurement-office?year=2026","4529","0","2"
"1791034569500","2726","MEASURED - Procurement dashboard FY2026","200","OK","Authenticated users 1-17","text","true","","301168","864","50","50","http://prism.test/procurement-office?year=2026","2724","0","0"
"1791034565353","6948","MEASURED - Procurement dashboard FY2026","200","OK","Authenticated users 1-47","text","true","","301169","864","50","50","http://prism.test/procurement-office?year=2026","6944","0","2"
"1791034568937","3384","MEASURED - Procurement dashboard FY2026","200","OK","Authenticated users 1-50","text","true","","301168","864","50","50","http://prism.test/procurement-office?year=2026","3381","0","0"
"1791034569679","2677","MEASURED - Procurement dashboard FY2026","200","OK","Authenticated users 1-2","text","true","","301168","864","50","50","http://prism.test/procurement-office?year=2026","2673","0","0"
"1791034569077","3405","MEASURED - Procurement dashboard FY2026","200","OK","Authenticated users 1-41","text","true","","301168","864","50","50","http://prism.test/procurement-office?year=2026","3402","0","0"
"1791034569046","3531","MEASURED - Procurement dashboard FY2026","200","OK","Authenticated users 1-16","text","true","","301168","864","50","50","http://prism.test/procurement-office?year=2026","3527","0","0"
"1791034569842","2772","MEASURED - Procurement dashboard FY2026","200","OK","Authenticated users 1-21","text","true","","301168","864","50","50","http://prism.test/procurement-office?year=2026","2768","0","0"
"1791034569280","3452","MEASURED - Procurement dashboard FY2026","200","OK","Authenticated users 1-7","text","true","","301168","864","50","50","http://prism.test/procurement-office?year=2026","3448","0","0"
"1791034568183","4957","MEASURED - Procurement dashboard FY2026","200","OK","Authenticated users 1-45","text","true","","301168","864","50","50","http://prism.test/procurement-office?year=2026","4954","0","0"
"1791034570265","2886","MEASURED - Procurement dashboard FY2026","200","OK","Authenticated users 1-32","text","true","","301168","864","50","50","http://prism.test/procurement-office?year=2026","2882","0","0"
"1791034568928","4295","MEASURED - Procurement dashboard FY2026","200","OK","Authenticated users 1-29","text","true","","301168","864","50","50","http://prism.test/procurement-office?year=2026","4292","0","0"
"1791034571076","2235","MEASURED - Procurement dashboard FY2026","500","Internal Server Error","Authenticated users 1-28","text","false","Expected authenticated Procurement Office dashboard and HTTP 200.","13629","864","50","50","http://prism.test/procurement-office?year=2026","2229","0","0"
"1791034571076","2273","MEASURED - Procurement dashboard FY2026","200","OK","Authenticated users 1-23","text","true","","301168","864","50","50","http://prism.test/procurement-office?year=2026","2270","0","0"
"1791034569576","3824","MEASURED - Procurement dashboard FY2026","200","OK","Authenticated users 1-11","text","true","","301168","864","50","50","http://prism.test/procurement-office?year=2026","3820","0","0"
"1791034565438","7980","MEASURED - Procurement dashboard FY2026","200","OK","Authenticated users 1-5","text","true","","301169","864","50","50","http://prism.test/procurement-office?year=2026","7976","0","1"
"1791034570560","2860","MEASURED - Procurement dashboard FY2026","200","OK","Authenticated users 1-30","text","true","","301168","864","50","50","http://prism.test/procurement-office?year=2026","2856","0","0"
"1791034569846","3585","MEASURED - Procurement dashboard FY2026","200","OK","Authenticated users 1-25","text","true","","301168","864","50","50","http://prism.test/procurement-office?year=2026","3582","0","0"
"1791034570297","3215","MEASURED - Procurement dashboard FY2026","200","OK","Authenticated users 1-40","text","true","","301168","864","50","50","http://prism.test/procurement-office?year=2026","3213","0","0"
"1791034569275","4245","MEASURED - Procurement dashboard FY2026","200","OK","Authenticated users 1-9","text","true","","301168","864","50","50","http://prism.test/procurement-office?year=2026","4242","0","0"
"1791034571612","1912","MEASURED - Procurement dashboard FY2026","200","OK","Authenticated users 1-4","text","true","","301168","864","50","50","http://prism.test/procurement-office?year=2026","1909","0","0"
"1791034567557","6120","MEASURED - Procurement dashboard FY2026","200","OK","Authenticated users 1-13","text","true","","301169","864","50","50","http://prism.test/procurement-office?year=2026","6117","0","1"
"1791034570291","3740","MEASURED - Procurement dashboard FY2026","200","OK","Authenticated users 1-34","text","true","","301168","864","50","50","http://prism.test/procurement-office?year=2026","3736","0","0"
"1791034571599","2820","MEASURED - Procurement dashboard FY2026","200","OK","Authenticated users 1-15","text","true","","301168","864","50","50","http://prism.test/procurement-office?year=2026","2816","0","0"
"1791034570662","3792","MEASURED - Procurement dashboard FY2026","200","OK","Authenticated users 1-33","text","true","","301168","864","50","50","http://prism.test/procurement-office?year=2026","3789","0","0"
"1791034571403","3145","MEASURED - Procurement dashboard FY2026","200","OK","Authenticated users 1-48","text","true","","301168","864","50","50","http://prism.test/procurement-office?year=2026","3142","0","0"
"1791034570024","4584","MEASURED - Procurement dashboard FY2026","200","OK","Authenticated users 1-44","text","true","","301168","864","50","50","http://prism.test/procurement-office?year=2026","4581","0","0"
"1791034571602","3090","MEASURED - Procurement dashboard FY2026","500","Internal Server Error","Authenticated users 1-38","text","false","Expected authenticated Procurement Office dashboard and HTTP 200.","13629","864","50","50","http://prism.test/procurement-office?year=2026","3084","0","0"
"1791034571982","2741","MEASURED - Procurement dashboard FY2026","200","OK","Authenticated users 1-43","text","true","","301168","864","50","50","http://prism.test/procurement-office?year=2026","2726","0","0"
"1791034572616","2114","MEASURED - Procurement dashboard FY2026","200","OK","Authenticated users 1-21","text","true","","301168","864","50","50","http://prism.test/procurement-office?year=2026","2105","0","0"
"1791034571456","3373","MEASURED - Procurement dashboard FY2026","200","OK","Authenticated users 1-18","text","true","","301168","864","50","50","http://prism.test/procurement-office?year=2026","3369","0","0"
"1791034571277","3636","MEASURED - Procurement dashboard FY2026","200","OK","Authenticated users 1-20","text","true","","301168","864","50","50","http://prism.test/procurement-office?year=2026","3632","0","0"
"1791034573522","1525","MEASURED - Procurement dashboard FY2026","200","OK","Authenticated users 1-9","text","true","","301168","864","50","50","http://prism.test/procurement-office?year=2026","1522","0","0"
"1791034571245","3808","MEASURED - Procurement dashboard FY2026","200","OK","Authenticated users 1-49","text","true","","301169","864","50","50","http://prism.test/procurement-office?year=2026","3804","0","1"
"1791034572733","2337","MEASURED - Procurement dashboard FY2026","200","OK","Authenticated users 1-7","text","true","","301168","864","50","50","http://prism.test/procurement-office?year=2026","2334","0","0"
"1791034570040","5231","MEASURED - Procurement dashboard FY2026","200","OK","Authenticated users 1-26","text","true","","301168","864","50","50","http://prism.test/procurement-office?year=2026","5227","0","0"
"1791034573225","2066","MEASURED - Procurement dashboard FY2026","200","OK","Authenticated users 1-29","text","true","","301168","864","50","50","http://prism.test/procurement-office?year=2026","2063","0","0"
"1791034570698","4629","MEASURED - Procurement dashboard FY2026","200","OK","Authenticated users 1-31","text","true","","301168","864","50","50","http://prism.test/procurement-office?year=2026","4625","0","0"
"1791034572303","3080","MEASURED - Procurement dashboard FY2026","200","OK","Authenticated users 1-47","text","true","","301168","864","50","50","http://prism.test/procurement-office?year=2026","3076","0","0"
"1791034570082","5366","MEASURED - Procurement dashboard FY2026","200","OK","Authenticated users 1-1","text","true","","301169","864","50","50","http://prism.test/procurement-office?year=2026","5361","0","2"
"1791034571401","4102","MEASURED - Procurement dashboard FY2026","200","OK","Authenticated users 1-24","text","true","","301168","864","50","50","http://prism.test/procurement-office?year=2026","4097","0","0"
"1791034571594","3926","MEASURED - Procurement dashboard FY2026","200","OK","Authenticated users 1-19","text","true","","301168","864","50","50","http://prism.test/procurement-office?year=2026","3922","0","0"
"1791034572579","2952","MEASURED - Procurement dashboard FY2026","200","OK","Authenticated users 1-16","text","true","","301168","864","50","50","http://prism.test/procurement-office?year=2026","2946","0","0"
"1791034569808","5983","MEASURED - Procurement dashboard FY2026","200","OK","Authenticated users 1-12","text","true","","301168","864","50","50","http://prism.test/procurement-office?year=2026","5982","0","0"
"1791034568314","7602","MEASURED - Procurement dashboard FY2026","200","OK","Authenticated users 1-35","text","true","","301168","864","50","50","http://prism.test/procurement-office?year=2026","7599","0","0"
"1791034570774","5410","MEASURED - Procurement dashboard FY2026","200","OK","Authenticated users 1-6","text","true","","301169","864","50","50","http://prism.test/procurement-office?year=2026","5406","0","2"
"1791034574550","1883","MEASURED - Procurement dashboard FY2026","200","OK","Authenticated users 1-48","text","true","","301168","864","50","50","http://prism.test/procurement-office?year=2026","1880","0","0"
"1791034575055","1568","MEASURED - Procurement dashboard FY2026","200","OK","Authenticated users 1-49","text","true","","301168","864","50","50","http://prism.test/procurement-office?year=2026","1565","0","0"
"1791034573153","3474","MEASURED - Procurement dashboard FY2026","200","OK","Authenticated users 1-32","text","true","","301168","864","50","50","http://prism.test/procurement-office?year=2026","3470","0","0"
"1791034571722","5028","MEASURED - Procurement dashboard FY2026","200","OK","Authenticated users 1-14","text","true","","301168","864","50","50","http://prism.test/procurement-office?year=2026","5025","0","0"
"1791034572357","4431","MEASURED - Procurement dashboard FY2026","200","OK","Authenticated users 1-2","text","true","","301168","864","50","50","http://prism.test/procurement-office?year=2026","4427","0","0"
"1791034569052","7765","MEASURED - Procurement dashboard FY2026","200","OK","Authenticated users 1-46","text","true","","301169","864","50","50","http://prism.test/procurement-office?year=2026","7761","0","1"
"1791034574033","2795","MEASURED - Procurement dashboard FY2026","200","OK","Authenticated users 1-34","text","true","","301168","864","50","50","http://prism.test/procurement-office?year=2026","2792","0","0"
"1791034572324","4670","MEASURED - Procurement dashboard FY2026","200","OK","Authenticated users 1-50","text","true","","301168","864","50","50","http://prism.test/procurement-office?year=2026","4665","0","0"
"1791034573351","3753","MEASURED - Procurement dashboard FY2026","200","OK","Authenticated users 1-23","text","true","","301168","864","50","50","http://prism.test/procurement-office?year=2026","3751","0","0"
"1791034573420","3863","MEASURED - Procurement dashboard FY2026","200","OK","Authenticated users 1-5","text","true","","301168","864","50","50","http://prism.test/procurement-office?year=2026","3859","0","0"
"1791034572484","4835","MEASURED - Procurement dashboard FY2026","200","OK","Authenticated users 1-41","text","true","","301168","864","50","50","http://prism.test/procurement-office?year=2026","4832","0","0"
"1791034575050","2309","MEASURED - Procurement dashboard FY2026","200","OK","Authenticated users 1-9","text","true","","301168","864","50","50","http://prism.test/procurement-office?year=2026","2306","0","0"
"1791034569024","8405","MEASURED - Procurement dashboard FY2026","200","OK","Authenticated users 1-22","text","true","","301169","864","50","50","http://prism.test/procurement-office?year=2026","8402","0","1"
"1791034573422","4085","MEASURED - Procurement dashboard FY2026","200","OK","Authenticated users 1-30","text","true","","301168","864","50","50","http://prism.test/procurement-office?year=2026","4081","0","0"
"1791034574732","2792","MEASURED - Procurement dashboard FY2026","200","OK","Authenticated users 1-43","text","true","","301168","864","50","50","http://prism.test/procurement-office?year=2026","2789","0","0"
"1791034574421","3169","MEASURED - Procurement dashboard FY2026","200","OK","Authenticated users 1-15","text","true","","301168","864","50","50","http://prism.test/procurement-office?year=2026","3165","0","0"
"1791034573679","3934","MEASURED - Procurement dashboard FY2026","200","OK","Authenticated users 1-13","text","true","","301168","864","50","50","http://prism.test/procurement-office?year=2026","3931","0","0"
"1791034573402","4263","MEASURED - Procurement dashboard FY2026","200","OK","Authenticated users 1-11","text","true","","301168","864","50","50","http://prism.test/procurement-office?year=2026","4261","0","0"
"1791034575504","2261","MEASURED - Procurement dashboard FY2026","200","OK","Authenticated users 1-24","text","true","","301168","864","50","50","http://prism.test/procurement-office?year=2026","2257","0","0"
"1791034571975","5795","MEASURED - Procurement dashboard FY2026","200","OK","Authenticated users 1-27","text","true","","301168","864","50","50","http://prism.test/procurement-office?year=2026","5792","0","0"
"1791034575072","2866","MEASURED - Procurement dashboard FY2026","200","OK","Authenticated users 1-7","text","true","","301168","864","50","50","http://prism.test/procurement-office?year=2026","2863","0","0"
"1791034575450","2836","MEASURED - Procurement dashboard FY2026","200","OK","Authenticated users 1-1","text","true","","301168","864","50","50","http://prism.test/procurement-office?year=2026","2832","0","0"
"1791034574916","3465","MEASURED - Procurement dashboard FY2026","200","OK","Authenticated users 1-20","text","true","","301168","864","50","50","http://prism.test/procurement-office?year=2026","3462","0","0"
"1791034574832","3580","MEASURED - Procurement dashboard FY2026","200","OK","Authenticated users 1-18","text","true","","301168","864","50","50","http://prism.test/procurement-office?year=2026","3577","0","0"
"1791034573514","4924","MEASURED - Procurement dashboard FY2026","200","OK","Authenticated users 1-40","text","true","","301168","864","50","50","http://prism.test/procurement-office?year=2026","4920","0","0"
"1791034573526","4917","MEASURED - Procurement dashboard FY2026","200","OK","Authenticated users 1-4","text","true","","301168","864","50","50","http://prism.test/procurement-office?year=2026","4914","0","0"
"1791034574733","3717","MEASURED - Procurement dashboard FY2026","200","OK","Authenticated users 1-21","text","true","","301168","864","50","50","http://prism.test/procurement-office?year=2026","3713","0","0"
"1791034575533","2938","MEASURED - Procurement dashboard FY2026","200","OK","Authenticated users 1-16","text","true","","301168","864","50","50","http://prism.test/procurement-office?year=2026","2935","0","0"
"1791034575273","3218","MEASURED - Procurement dashboard FY2026","200","OK","Authenticated users 1-26","text","true","","301168","864","50","50","http://prism.test/procurement-office?year=2026","3215","0","0"
"1791034576436","2161","MEASURED - Procurement dashboard FY2026","200","OK","Authenticated users 1-48","text","true","","301168","864","50","50","http://prism.test/procurement-office?year=2026","2158","0","0"
"1791034575918","2912","MEASURED - Procurement dashboard FY2026","200","OK","Authenticated users 1-35","text","true","","301168","864","50","50","http://prism.test/procurement-office?year=2026","2908","0","0"
"1791034576629","2205","MEASURED - Procurement dashboard FY2026","200","OK","Authenticated users 1-32","text","true","","301168","864","50","50","http://prism.test/procurement-office?year=2026","2200","0","0"
"1791034574456","4383","MEASURED - Procurement dashboard FY2026","200","OK","Authenticated users 1-33","text","true","","301168","864","50","50","http://prism.test/procurement-office?year=2026","4380","0","0"
"1791034575385","3531","MEASURED - Procurement dashboard FY2026","200","OK","Authenticated users 1-47","text","true","","301168","864","50","50","http://prism.test/procurement-office?year=2026","3528","0","0"
"1791034575293","4007","MEASURED - Procurement dashboard FY2026","200","OK","Authenticated users 1-29","text","true","","301168","864","50","50","http://prism.test/procurement-office?year=2026","4004","0","0"
"1791034576186","3125","MEASURED - Procurement dashboard FY2026","200","OK","Authenticated users 1-6","text","true","","301168","864","50","50","http://prism.test/procurement-office?year=2026","3122","0","0"
"1791034577527","1915","MEASURED - Procurement dashboard FY2026","200","OK","Authenticated users 1-43","text","true","","301168","864","50","50","http://prism.test/procurement-office?year=2026","1911","0","0"
"1791034575329","4119","MEASURED - Procurement dashboard FY2026","200","OK","Authenticated users 1-31","text","true","","301168","864","50","50","http://prism.test/procurement-office?year=2026","4115","0","0"
"1791034575792","3781","MEASURED - Procurement dashboard FY2026","200","OK","Authenticated users 1-12","text","true","","301168","864","50","50","http://prism.test/procurement-office?year=2026","3778","0","0"
"1791034576625","2950","MEASURED - Procurement dashboard FY2026","200","OK","Authenticated users 1-49","text","true","","301168","864","50","50","http://prism.test/procurement-office?year=2026","2947","0","0"
"1791034576819","2775","MEASURED - Procurement dashboard FY2026","200","OK","Authenticated users 1-46","text","true","","301168","864","50","50","http://prism.test/procurement-office?year=2026","2772","0","0"
"1791034576753","2887","MEASURED - Procurement dashboard FY2026","200","OK","Authenticated users 1-14","text","true","","301168","864","50","50","http://prism.test/procurement-office?year=2026","2883","0","0"
"1791034573142","6574","MEASURED - Procurement dashboard FY2026","200","OK","Authenticated users 1-45","text","true","","301168","864","50","50","http://prism.test/procurement-office?year=2026","6571","0","0"
"1791034573312","6548","MEASURED - Procurement dashboard FY2026","200","OK","Authenticated users 1-28","text","true","","301169","864","50","50","http://prism.test/procurement-office?year=2026","6545","0","2"
"1791034576790","3563","MEASURED - Procurement dashboard FY2026","200","OK","Authenticated users 1-2","text","true","","301168","864","50","50","http://prism.test/procurement-office?year=2026","3560","0","0"
"1791034576995","3367","MEASURED - Procurement dashboard FY2026","200","OK","Authenticated users 1-50","text","true","","301168","864","50","50","http://prism.test/procurement-office?year=2026","3364","0","0"
"1791034577285","3368","MEASURED - Procurement dashboard FY2026","200","OK","Authenticated users 1-5","text","true","","301168","864","50","50","http://prism.test/procurement-office?year=2026","3365","0","0"
"1791034576830","3866","MEASURED - Procurement dashboard FY2026","200","OK","Authenticated users 1-34","text","true","","301168","864","50","50","http://prism.test/procurement-office?year=2026","3851","0","0"
"1791034577106","3717","MEASURED - Procurement dashboard FY2026","200","OK","Authenticated users 1-23","text","true","","301168","864","50","50","http://prism.test/procurement-office?year=2026","3714","0","0"
"1791034575522","5302","MEASURED - Procurement dashboard FY2026","200","OK","Authenticated users 1-19","text","true","","301168","864","50","50","http://prism.test/procurement-office?year=2026","5298","0","0"
"1791034577321","3552","MEASURED - Procurement dashboard FY2026","200","OK","Authenticated users 1-41","text","true","","301168","864","50","50","http://prism.test/procurement-office?year=2026","3548","0","0"
"1791034577592","3592","MEASURED - Procurement dashboard FY2026","200","OK","Authenticated users 1-15","text","true","","301168","864","50","50","http://prism.test/procurement-office?year=2026","3590","0","0"
"1791034578836","2381","MEASURED - Procurement dashboard FY2026","200","OK","Authenticated users 1-32","text","true","","301168","864","50","50","http://prism.test/procurement-office?year=2026","2377","0","0"
"1791034578440","3053","MEASURED - Procurement dashboard FY2026","200","OK","Authenticated users 1-40","text","true","","301168","864","50","50","http://prism.test/procurement-office?year=2026","3050","0","0"
"1791034572228","9284","MEASURED - Procurement dashboard FY2026","200","OK","Authenticated users 1-17","text","true","","301169","864","50","50","http://prism.test/procurement-office?year=2026","9280","0","1"
"1791034578445","3086","MEASURED - Procurement dashboard FY2026","200","OK","Authenticated users 1-4","text","true","","301168","864","50","50","http://prism.test/procurement-office?year=2026","3082","0","0"
"1791034577767","3804","MEASURED - Procurement dashboard FY2026","200","OK","Authenticated users 1-24","text","true","","301168","864","50","50","http://prism.test/procurement-office?year=2026","3801","0","0"
"1791034578383","3189","MEASURED - Procurement dashboard FY2026","200","OK","Authenticated users 1-20","text","true","","301168","864","50","50","http://prism.test/procurement-office?year=2026","3184","0","0"
"1791034578493","3372","MEASURED - Procurement dashboard FY2026","200","OK","Authenticated users 1-26","text","true","","301168","864","50","50","http://prism.test/procurement-office?year=2026","3369","0","0"
"1791034573433","8492","MEASURED - Procurement dashboard FY2026","200","OK","Authenticated users 1-25","text","true","","301169","864","50","50","http://prism.test/procurement-office?year=2026","8488","0","1"
"1791034579450","2500","MEASURED - Procurement dashboard FY2026","200","OK","Authenticated users 1-31","text","true","","301168","864","50","50","http://prism.test/procurement-office?year=2026","2497","0","0"
"1791034577668","4376","MEASURED - Procurement dashboard FY2026","200","OK","Authenticated users 1-11","text","true","","301168","864","50","50","http://prism.test/procurement-office?year=2026","4372","0","0"
"1791034578832","3232","MEASURED - Procurement dashboard FY2026","200","OK","Authenticated users 1-35","text","true","","301168","864","50","50","http://prism.test/procurement-office?year=2026","3225","0","0"
"1791034579575","2774","MEASURED - Procurement dashboard FY2026","200","OK","Authenticated users 1-12","text","true","","301168","864","50","50","http://prism.test/procurement-office?year=2026","2770","0","0"
"1791034579642","2739","MEASURED - Procurement dashboard FY2026","200","OK","Authenticated users 1-14","text","true","","301168","864","50","50","http://prism.test/procurement-office?year=2026","2736","0","0"
"1791034579302","3100","MEASURED - Procurement dashboard FY2026","200","OK","Authenticated users 1-29","text","true","","301168","864","50","50","http://prism.test/procurement-office?year=2026","3096","0","0"
"1791034579313","3094","MEASURED - Procurement dashboard FY2026","200","OK","Authenticated users 1-6","text","true","","301168","864","50","50","http://prism.test/procurement-office?year=2026","3091","0","0"
"1791034577432","5222","MEASURED - Procurement dashboard FY2026","200","OK","Authenticated users 1-22","text","true","","301168","864","50","50","http://prism.test/procurement-office?year=2026","5219","0","0"
"1791034578473","4406","MEASURED - Procurement dashboard FY2026","200","OK","Authenticated users 1-16","text","true","","301168","864","50","50","http://prism.test/procurement-office?year=2026","4403","0","0"
"1791034580697","2229","MEASURED - Procurement dashboard FY2026","200","OK","Authenticated users 1-34","text","true","","301168","864","50","50","http://prism.test/procurement-office?year=2026","2226","0","0"
"1791034579718","3303","MEASURED - Procurement dashboard FY2026","200","OK","Authenticated users 1-45","text","true","","301168","864","50","50","http://prism.test/procurement-office?year=2026","3300","0","0"
"1791034577615","5457","MEASURED - Procurement dashboard FY2026","200","OK","Authenticated users 1-13","text","true","","301168","864","50","50","http://prism.test/procurement-office?year=2026","5453","0","0"
"1791034579445","3631","MEASURED - Procurement dashboard FY2026","200","OK","Authenticated users 1-43","text","true","","301168","864","50","50","http://prism.test/procurement-office?year=2026","3625","0","0"
"1791034578288","4789","MEASURED - Procurement dashboard FY2026","200","OK","Authenticated users 1-1","text","true","","301168","864","50","50","http://prism.test/procurement-office?year=2026","4780","0","0"
"1791034580355","2724","MEASURED - Procurement dashboard FY2026","200","OK","Authenticated users 1-2","text","true","","301168","864","50","50","http://prism.test/procurement-office?year=2026","2719","0","0"
"1791034574610","8484","MEASURED - Procurement dashboard FY2026","200","OK","Authenticated users 1-44","text","true","","301169","864","50","50","http://prism.test/procurement-office?year=2026","8479","0","2"
"1791034578414","4681","MEASURED - Procurement dashboard FY2026","200","OK","Authenticated users 1-18","text","true","","301168","864","50","50","http://prism.test/procurement-office?year=2026","4677","0","0"
"1791034577509","5598","MEASURED - Procurement dashboard FY2026","200","OK","Authenticated users 1-30","text","true","","301168","864","50","50","http://prism.test/procurement-office?year=2026","5595","0","0"
"1791034578842","4274","MEASURED - Procurement dashboard FY2026","200","OK","Authenticated users 1-33","text","true","","301168","864","50","50","http://prism.test/procurement-office?year=2026","4271","0","0"
"1791034577940","5187","MEASURED - Procurement dashboard FY2026","200","OK","Authenticated users 1-7","text","true","","301168","864","50","50","http://prism.test/procurement-office?year=2026","5153","0","0"
"1791034574693","8492","MEASURED - Procurement dashboard FY2026","200","OK","Authenticated users 1-38","text","true","","301169","864","50","50","http://prism.test/procurement-office?year=2026","8487","0","1"
"1791034578452","4751","MEASURED - Procurement dashboard FY2026","200","OK","Authenticated users 1-21","text","true","","301168","864","50","50","http://prism.test/procurement-office?year=2026","4748","0","0"
"1791034577361","5874","MEASURED - Procurement dashboard FY2026","200","OK","Authenticated users 1-9","text","true","","301168","864","50","50","http://prism.test/procurement-office?year=2026","5871","0","0"
"1791034580364","2935","MEASURED - Procurement dashboard FY2026","500","Internal Server Error","Authenticated users 1-50","text","false","Expected authenticated Procurement Office dashboard and HTTP 200.","13629","864","50","50","http://prism.test/procurement-office?year=2026","2593","0","0"
"1791034578599","4714","MEASURED - Procurement dashboard FY2026","200","OK","Authenticated users 1-48","text","true","","301168","864","50","50","http://prism.test/procurement-office?year=2026","4710","0","0"
"1791034581514","1927","MEASURED - Procurement dashboard FY2026","200","OK","Authenticated users 1-17","text","true","","301168","864","50","50","http://prism.test/procurement-office?year=2026","1923","0","0"
"1791034581867","1657","MEASURED - Procurement dashboard FY2026","200","OK","Authenticated users 1-26","text","true","","301168","864","50","50","http://prism.test/procurement-office?year=2026","1654","0","0"
"1791034577772","5868","MEASURED - Procurement dashboard FY2026","200","OK","Authenticated users 1-27","text","true","","301168","864","50","50","http://prism.test/procurement-office?year=2026","5864","0","0"
"1791034580874","3032","MEASURED - Procurement dashboard FY2026","200","OK","Authenticated users 1-41","text","true","","301168","864","50","50","http://prism.test/procurement-office?year=2026","3029","0","0"
"1791034582350","1572","MEASURED - Procurement dashboard FY2026","200","OK","Authenticated users 1-12","text","true","","301168","864","50","50","http://prism.test/procurement-office?year=2026","1569","0","0"
"1791034581573","2400","MEASURED - Procurement dashboard FY2026","200","OK","Authenticated users 1-24","text","true","","301168","864","50","50","http://prism.test/procurement-office?year=2026","2398","0","0"
"1791034579862","4180","MEASURED - Procurement dashboard FY2026","200","OK","Authenticated users 1-28","text","true","","301168","864","50","50","http://prism.test/procurement-office?year=2026","4176","0","0"
"1791034578918","5176","MEASURED - Procurement dashboard FY2026","200","OK","Authenticated users 1-47","text","true","","301168","864","50","50","http://prism.test/procurement-office?year=2026","5173","0","0"
"1791034581495","2715","MEASURED - Procurement dashboard FY2026","200","OK","Authenticated users 1-40","text","true","","301168","864","50","50","http://prism.test/procurement-office?year=2026","2712","0","0"
"1791034580825","3444","MEASURED - Procurement dashboard FY2026","200","OK","Authenticated users 1-19","text","true","","301168","864","50","50","http://prism.test/procurement-office?year=2026","3441","0","0"
"1791034579596","4765","MEASURED - Procurement dashboard FY2026","200","OK","Authenticated users 1-46","text","true","","301168","864","50","50","http://prism.test/procurement-office?year=2026","4762","0","0"
"1791034580825","3656","MEASURED - Procurement dashboard FY2026","200","OK","Authenticated users 1-23","text","true","","301168","864","50","50","http://prism.test/procurement-office?year=2026","3653","0","0"
"1791034583205","1449","MEASURED - Procurement dashboard FY2026","200","OK","Authenticated users 1-21","text","true","","301168","864","50","50","http://prism.test/procurement-office?year=2026","1446","0","0"
"1791034581574","3270","MEASURED - Procurement dashboard FY2026","200","OK","Authenticated users 1-20","text","true","","301168","864","50","50","http://prism.test/procurement-office?year=2026","3268","0","0"
"1791034581927","2962","MEASURED - Procurement dashboard FY2026","200","OK","Authenticated users 1-25","text","true","","301168","864","50","50","http://prism.test/procurement-office?year=2026","2959","0","0"
"1791034579577","5469","MEASURED - Procurement dashboard FY2026","200","OK","Authenticated users 1-49","text","true","","301168","864","50","50","http://prism.test/procurement-office?year=2026","5465","0","0"
"1791034580655","4401","MEASURED - Procurement dashboard FY2026","200","OK","Authenticated users 1-5","text","true","","301168","864","50","50","http://prism.test/procurement-office?year=2026","4399","0","0"
"1791034582404","2716","MEASURED - Procurement dashboard FY2026","200","OK","Authenticated users 1-29","text","true","","301168","864","50","50","http://prism.test/procurement-office?year=2026","2714","0","0"
"1791034582066","3154","MEASURED - Procurement dashboard FY2026","200","OK","Authenticated users 1-35","text","true","","301168","864","50","50","http://prism.test/procurement-office?year=2026","3151","0","0"
"1791034582881","2536","MEASURED - Procurement dashboard FY2026","200","OK","Authenticated users 1-16","text","true","","301168","864","50","50","http://prism.test/procurement-office?year=2026","2533","0","0"
"1791034582408","3052","MEASURED - Procurement dashboard FY2026","200","OK","Authenticated users 1-6","text","true","","301168","864","50","50","http://prism.test/procurement-office?year=2026","3049","0","0"
"1791034582384","3091","MEASURED - Procurement dashboard FY2026","200","OK","Authenticated users 1-14","text","true","","301168","864","50","50","http://prism.test/procurement-office?year=2026","3088","0","0"
"1791034581219","4602","MEASURED - Procurement dashboard FY2026","200","OK","Authenticated users 1-32","text","true","","301168","864","50","50","http://prism.test/procurement-office?year=2026","4599","0","0"
"1791034582928","2897","MEASURED - Procurement dashboard FY2026","200","OK","Authenticated users 1-34","text","true","","301168","864","50","50","http://prism.test/procurement-office?year=2026","2894","0","0"
"1791034583079","2883","MEASURED - Procurement dashboard FY2026","200","OK","Authenticated users 1-1","text","true","","301168","864","50","50","http://prism.test/procurement-office?year=2026","2880","0","0"
"1791034583129","2848","MEASURED - Procurement dashboard FY2026","200","OK","Authenticated users 1-7","text","true","","301168","864","50","50","http://prism.test/procurement-office?year=2026","2845","0","0"
"1791034583078","2900","MEASURED - Procurement dashboard FY2026","200","OK","Authenticated users 1-43","text","true","","301168","864","50","50","http://prism.test/procurement-office?year=2026","2897","0","0"
"1791034581187","4927","MEASURED - Procurement dashboard FY2026","200","OK","Authenticated users 1-15","text","true","","301168","864","50","50","http://prism.test/procurement-office?year=2026","4924","0","0"
"1791034583074","3081","MEASURED - Procurement dashboard FY2026","200","OK","Authenticated users 1-13","text","true","","301168","864","50","50","http://prism.test/procurement-office?year=2026","3077","0","0"
"1791034583443","2808","MEASURED - Procurement dashboard FY2026","500","Internal Server Error","Authenticated users 1-17","text","false","Expected authenticated Procurement Office dashboard and HTTP 200.","13629","864","50","50","http://prism.test/procurement-office?year=2026","2803","0","0"
"1791034583237","3024","MEASURED - Procurement dashboard FY2026","200","OK","Authenticated users 1-9","text","true","","301168","864","50","50","http://prism.test/procurement-office?year=2026","3021","0","0"
"1791034582046","4513","MEASURED - Procurement dashboard FY2026","200","OK","Authenticated users 1-11","text","true","","301168","864","50","50","http://prism.test/procurement-office?year=2026","4511","0","0"
"1791034583096","3473","MEASURED - Procurement dashboard FY2026","200","OK","Authenticated users 1-44","text","true","","301168","864","50","50","http://prism.test/procurement-office?year=2026","3470","0","0"
"1791034584363","2315","MEASURED - Procurement dashboard FY2026","200","OK","Authenticated users 1-46","text","true","","301168","864","50","50","http://prism.test/procurement-office?year=2026","2312","0","0"
"1791034583974","2983","MEASURED - Procurement dashboard FY2026","200","OK","Authenticated users 1-24","text","true","","301168","864","50","50","http://prism.test/procurement-office?year=2026","2980","0","0"
"1791034584656","2321","MEASURED - Procurement dashboard FY2026","200","OK","Authenticated users 1-21","text","true","","301168","864","50","50","http://prism.test/procurement-office?year=2026","2318","0","0"
"1791034583642","3362","MEASURED - Procurement dashboard FY2026","200","OK","Authenticated users 1-27","text","true","","301168","864","50","50","http://prism.test/procurement-office?year=2026","3359","0","0"
"1791034584096","2965","MEASURED - Procurement dashboard FY2026","200","OK","Authenticated users 1-47","text","true","","301168","864","50","50","http://prism.test/procurement-office?year=2026","2962","0","0"
"1791034583081","3990","MEASURED - Procurement dashboard FY2026","200","OK","Authenticated users 1-2","text","true","","301168","864","50","50","http://prism.test/procurement-office?year=2026","3988","0","0"
"1791034583118","4050","MEASURED - Procurement dashboard FY2026","200","OK","Authenticated users 1-33","text","true","","301168","864","50","50","http://prism.test/procurement-office?year=2026","4047","0","0"
"1791034583097","4090","MEASURED - Procurement dashboard FY2026","200","OK","Authenticated users 1-18","text","true","","301168","864","50","50","http://prism.test/procurement-office?year=2026","4087","0","0"
"1791034585979","1235","MEASURED - Procurement dashboard FY2026","200","OK","Authenticated users 1-7","text","true","","301168","864","50","50","http://prism.test/procurement-office?year=2026","1231","0","0"
"1791034583109","4182","MEASURED - Procurement dashboard FY2026","200","OK","Authenticated users 1-30","text","true","","301168","864","50","50","http://prism.test/procurement-office?year=2026","4179","0","0"
"1791034581952","5422","MEASURED - Procurement dashboard FY2026","200","OK","Authenticated users 1-31","text","true","","301168","864","50","50","http://prism.test/procurement-office?year=2026","5418","0","0"
"1791034584891","2583","MEASURED - Procurement dashboard FY2026","200","OK","Authenticated users 1-25","text","true","","301168","864","50","50","http://prism.test/procurement-office?year=2026","2580","0","0"
"1791034584271","3221","MEASURED - Procurement dashboard FY2026","200","OK","Authenticated users 1-19","text","true","","301168","864","50","50","http://prism.test/procurement-office?year=2026","3218","0","0"
"1791034582656","4844","MEASURED - Procurement dashboard FY2026","200","OK","Authenticated users 1-22","text","true","","301168","864","50","50","http://prism.test/procurement-office?year=2026","4839","0","0"
"1791034583315","4190","MEASURED - Procurement dashboard FY2026","200","OK","Authenticated users 1-48","text","true","","301168","864","50","50","http://prism.test/procurement-office?year=2026","4187","0","0"
"1791034583924","3613","MEASURED - Procurement dashboard FY2026","200","OK","Authenticated users 1-12","text","true","","301168","864","50","50","http://prism.test/procurement-office?year=2026","3611","0","0"
"1791034583023","4522","MEASURED - Procurement dashboard FY2026","200","OK","Authenticated users 1-45","text","true","","301168","864","50","50","http://prism.test/procurement-office?year=2026","4519","0","0"
"1791034583526","4066","MEASURED - Procurement dashboard FY2026","200","OK","Authenticated users 1-26","text","true","","301168","864","50","50","http://prism.test/procurement-office?year=2026","4063","0","0"
"1791034584211","3381","MEASURED - Procurement dashboard FY2026","200","OK","Authenticated users 1-40","text","true","","301168","864","50","50","http://prism.test/procurement-office?year=2026","3377","0","0"
"1791034583186","4476","MEASURED - Procurement dashboard FY2026","200","OK","Authenticated users 1-38","text","true","","301168","864","50","50","http://prism.test/procurement-office?year=2026","4473","0","0"
"1791034585980","1810","MEASURED - Procurement dashboard FY2026","200","OK","Authenticated users 1-43","text","true","","301168","864","50","50","http://prism.test/procurement-office?year=2026","1807","0","0"
"1791034585048","2750","MEASURED - Procurement dashboard FY2026","200","OK","Authenticated users 1-49","text","true","","301168","864","50","50","http://prism.test/procurement-office?year=2026","2747","0","0"
"1791034585058","2918","MEASURED - Procurement dashboard FY2026","200","OK","Authenticated users 1-5","text","true","","301168","864","50","50","http://prism.test/procurement-office?year=2026","2913","0","0"
"1791034584044","4024","MEASURED - Procurement dashboard FY2026","200","OK","Authenticated users 1-28","text","true","","301168","864","50","50","http://prism.test/procurement-office?year=2026","4020","0","0"
"1791034584483","3957","MEASURED - Procurement dashboard FY2026","200","OK","Authenticated users 1-23","text","true","","301168","864","50","50","http://prism.test/procurement-office?year=2026","3953","0","0"
"1791034585823","2907","MEASURED - Procurement dashboard FY2026","200","OK","Authenticated users 1-32","text","true","","301168","864","50","50","http://prism.test/procurement-office?year=2026","2903","0","0"
"1791034587064","1783","MEASURED - Procurement dashboard FY2026","200","OK","Authenticated users 1-47","text","true","","301168","864","50","50","http://prism.test/procurement-office?year=2026","1779","0","0"
"1791034586561","2375","MEASURED - Procurement dashboard FY2026","200","OK","Authenticated users 1-11","text","true","","301168","864","50","50","http://prism.test/procurement-office?year=2026","2371","0","0"
"1791034584846","4133","MEASURED - Procurement dashboard FY2026","200","OK","Authenticated users 1-20","text","true","","301168","864","50","50","http://prism.test/procurement-office?year=2026","4130","0","0"
"1791034586959","2211","MEASURED - Procurement dashboard FY2026","200","OK","Authenticated users 1-24","text","true","","301168","864","50","50","http://prism.test/procurement-office?year=2026","2208","0","0"
"1791034586680","2499","MEASURED - Procurement dashboard FY2026","200","OK","Authenticated users 1-46","text","true","","301168","864","50","50","http://prism.test/procurement-office?year=2026","2496","0","0"
"1791034585419","3922","MEASURED - Procurement dashboard FY2026","200","OK","Authenticated users 1-16","text","true","","301168","864","50","50","http://prism.test/procurement-office?year=2026","3918","0","0"
"1791034585221","4264","MEASURED - Procurement dashboard FY2026","200","OK","Authenticated users 1-35","text","true","","301168","864","50","50","http://prism.test/procurement-office?year=2026","4261","0","0"
"1791034585477","4037","MEASURED - Procurement dashboard FY2026","200","OK","Authenticated users 1-14","text","true","","301168","864","50","50","http://prism.test/procurement-office?year=2026","4034","0","0"
"1791034587216","2498","MEASURED - Procurement dashboard FY2026","200","OK","Authenticated users 1-7","text","true","","301168","864","49","49","http://prism.test/procurement-office?year=2026","2495","0","0"
"1791034583907","5895","MEASURED - Procurement dashboard FY2026","200","OK","Authenticated users 1-41","text","true","","301168","864","48","48","http://prism.test/procurement-office?year=2026","5892","0","0"
"1791034586116","3698","MEASURED - Procurement dashboard FY2026","200","OK","Authenticated users 1-15","text","true","","301168","864","47","47","http://prism.test/procurement-office?year=2026","3694","0","0"
"1791034587188","2657","MEASURED - Procurement dashboard FY2026","200","OK","Authenticated users 1-18","text","true","","301168","864","46","46","http://prism.test/procurement-office?year=2026","2654","0","0"
"1791034586979","2930","MEASURED - Procurement dashboard FY2026","200","OK","Authenticated users 1-21","text","true","","301168","864","45","45","http://prism.test/procurement-office?year=2026","2926","0","0"
"1791034587594","2340","MEASURED - Procurement dashboard FY2026","200","OK","Authenticated users 1-26","text","true","","301168","864","44","44","http://prism.test/procurement-office?year=2026","2337","0","0"
"1791034586172","3890","MEASURED - Procurement dashboard FY2026","200","OK","Authenticated users 1-13","text","true","","301168","864","43","43","http://prism.test/procurement-office?year=2026","3886","0","0"
"1791034588981","1184","MEASURED - Procurement dashboard FY2026","200","OK","Authenticated users 1-20","text","true","","301168","864","42","42","http://prism.test/procurement-office?year=2026","1182","0","0"
"1791034587006","3214","MEASURED - Procurement dashboard FY2026","200","OK","Authenticated users 1-27","text","true","","301168","864","41","41","http://prism.test/procurement-office?year=2026","3211","0","0"
"1791034587539","2717","MEASURED - Procurement dashboard FY2026","200","OK","Authenticated users 1-12","text","true","","301168","864","40","40","http://prism.test/procurement-office?year=2026","2715","0","0"
"1791034587376","2934","MEASURED - Procurement dashboard FY2026","200","OK","Authenticated users 1-31","text","true","","301168","864","39","39","http://prism.test/procurement-office?year=2026","2929","0","0"
"1791034587507","2807","MEASURED - Procurement dashboard FY2026","200","OK","Authenticated users 1-48","text","true","","301168","864","38","38","http://prism.test/procurement-office?year=2026","2803","0","0"
"1791034585462","4863","MEASURED - Procurement dashboard FY2026","200","OK","Authenticated users 1-6","text","true","","301168","864","37","37","http://prism.test/procurement-office?year=2026","4860","0","0"
"1791034587494","2888","MEASURED - Procurement dashboard FY2026","200","OK","Authenticated users 1-19","text","true","","301168","864","36","36","http://prism.test/procurement-office?year=2026","2885","0","0"
"1791034585122","5316","MEASURED - Procurement dashboard FY2026","200","OK","Authenticated users 1-29","text","true","","301168","864","35","35","http://prism.test/procurement-office?year=2026","5313","0","0"
"1791034557289","33192","MEASURED - Procurement dashboard FY2026","500","Internal Server Error","Authenticated users 1-37","text","false","Expected authenticated Procurement Office dashboard and HTTP 200.","879452","864","34","34","http://prism.test/procurement-office?year=2026","33045","0","3"
"1791034586264","4247","MEASURED - Procurement dashboard FY2026","200","OK","Authenticated users 1-9","text","true","","301168","864","33","33","http://prism.test/procurement-office?year=2026","4244","0","0"
"1791034588849","1732","MEASURED - Procurement dashboard FY2026","200","OK","Authenticated users 1-47","text","true","","301168","864","32","32","http://prism.test/procurement-office?year=2026","1729","0","0"
"1791034587792","2797","MEASURED - Procurement dashboard FY2026","200","OK","Authenticated users 1-43","text","true","","301168","864","31","31","http://prism.test/procurement-office?year=2026","2794","0","0"
"1791034587073","3539","MEASURED - Procurement dashboard FY2026","200","OK","Authenticated users 1-2","text","true","","301168","864","30","30","http://prism.test/procurement-office?year=2026","3535","0","0"
"1791034587170","3491","MEASURED - Procurement dashboard FY2026","200","OK","Authenticated users 1-33","text","true","","301168","864","29","29","http://prism.test/procurement-office?year=2026","3487","0","0"
"1791034587476","3220","MEASURED - Procurement dashboard FY2026","200","OK","Authenticated users 1-25","text","true","","301168","864","28","28","http://prism.test/procurement-office?year=2026","3210","0","0"
"1791034587293","3560","MEASURED - Procurement dashboard FY2026","200","OK","Authenticated users 1-30","text","true","","301168","864","27","27","http://prism.test/procurement-office?year=2026","3556","0","0"
"1791034587800","3091","MEASURED - Procurement dashboard FY2026","200","OK","Authenticated users 1-49","text","true","","301168","864","26","26","http://prism.test/procurement-office?year=2026","3087","0","0"
"1791034589343","1567","MEASURED - Procurement dashboard FY2026","200","OK","Authenticated users 1-16","text","true","","301168","864","25","25","http://prism.test/procurement-office?year=2026","1563","0","0"
"1791034589181","1816","MEASURED - Procurement dashboard FY2026","200","OK","Authenticated users 1-46","text","true","","301168","864","24","24","http://prism.test/procurement-office?year=2026","1813","0","0"
"1791034587664","3506","MEASURED - Procurement dashboard FY2026","200","OK","Authenticated users 1-38","text","true","","301168","864","23","23","http://prism.test/procurement-office?year=2026","3503","0","0"
"1791034587594","3619","MEASURED - Procurement dashboard FY2026","200","OK","Authenticated users 1-40","text","true","","301168","864","22","22","http://prism.test/procurement-office?year=2026","3616","0","0"
"1791034587501","3713","MEASURED - Procurement dashboard FY2026","200","OK","Authenticated users 1-22","text","true","","301168","864","22","22","http://prism.test/procurement-office?year=2026","3709","0","0"
"1791034585965","5270","MEASURED - Procurement dashboard FY2026","200","OK","Authenticated users 1-1","text","true","","301168","864","20","20","http://prism.test/procurement-office?year=2026","5267","0","0"
"1791034587977","3339","MEASURED - Procurement dashboard FY2026","200","OK","Authenticated users 1-5","text","true","","301168","864","19","19","http://prism.test/procurement-office?year=2026","3336","0","0"
"1791034588442","2891","MEASURED - Procurement dashboard FY2026","200","OK","Authenticated users 1-23","text","true","","301168","864","18","18","http://prism.test/procurement-office?year=2026","2887","0","0"
"1791034588069","3288","MEASURED - Procurement dashboard FY2026","200","OK","Authenticated users 1-28","text","true","","301168","864","17","17","http://prism.test/procurement-office?year=2026","3285","0","0"
"1791034588938","2434","MEASURED - Procurement dashboard FY2026","200","OK","Authenticated users 1-11","text","true","","301168","864","16","16","http://prism.test/procurement-office?year=2026","2431","0","0"
"1791034589172","2256","MEASURED - Procurement dashboard FY2026","200","OK","Authenticated users 1-24","text","true","","301168","864","15","15","http://prism.test/procurement-office?year=2026","2253","0","0"
"1791034588732","2806","MEASURED - Procurement dashboard FY2026","200","OK","Authenticated users 1-32","text","true","","301168","864","14","14","http://prism.test/procurement-office?year=2026","2803","0","0"
"1791034589486","2177","MEASURED - Procurement dashboard FY2026","200","OK","Authenticated users 1-35","text","true","","301168","864","13","13","http://prism.test/procurement-office?year=2026","2173","0","0"
"1791034559016","32671","MEASURED - Procurement dashboard FY2026","500","Internal Server Error","Authenticated users 1-10","text","false","Expected authenticated Procurement Office dashboard and HTTP 200.","879452","864","12","12","http://prism.test/procurement-office?year=2026","32618","0","0"
"1791034556167","35529","MEASURED - Procurement dashboard FY2026","500","Internal Server Error","Authenticated users 1-39","text","false","Expected authenticated Procurement Office dashboard and HTTP 200.","879452","864","11","11","http://prism.test/procurement-office?year=2026","35454","0","0"
"1791034581533","10192","MEASURED - Procurement dashboard FY2026","200","OK","Authenticated users 1-4","text","true","","301169","864","10","10","http://prism.test/procurement-office?year=2026","10188","0","3"
"1791034558875","33101","MEASURED - Procurement dashboard FY2026","500","Internal Server Error","Authenticated users 1-36","text","false","Expected authenticated Procurement Office dashboard and HTTP 200.","879452","864","9","9","http://prism.test/procurement-office?year=2026","33081","0","0"
"1791034567447","24575","MEASURED - Procurement dashboard FY2026","500","Internal Server Error","Authenticated users 1-42","text","false","Expected authenticated Procurement Office dashboard and HTTP 200.","879452","864","8","8","http://prism.test/procurement-office?year=2026","24551","0","0"
"1791034585827","6204","MEASURED - Procurement dashboard FY2026","200","OK","Authenticated users 1-34","text","true","","301169","864","7","7","http://prism.test/procurement-office?year=2026","6200","0","1"
"1791034586253","5835","MEASURED - Procurement dashboard FY2026","200","OK","Authenticated users 1-17","text","true","","301169","864","6","6","http://prism.test/procurement-office?year=2026","5832","0","3"
"1791034583300","8815","MEASURED - Procurement dashboard FY2026","200","OK","Authenticated users 1-50","text","true","","301169","864","5","5","http://prism.test/procurement-office?year=2026","8812","0","2"
"1791034587547","4611","MEASURED - Procurement dashboard FY2026","200","OK","Authenticated users 1-45","text","true","","301169","864","4","4","http://prism.test/procurement-office?year=2026","4607","0","2"
"1791034565604","26601","MEASURED - Procurement dashboard FY2026","500","Internal Server Error","Authenticated users 1-3","text","false","Expected authenticated Procurement Office dashboard and HTTP 200.","879452","864","3","3","http://prism.test/procurement-office?year=2026","26575","0","1"
"1791034546366","46326","MEASURED - Procurement dashboard FY2026","500","Internal Server Error","Authenticated users 1-8","text","false","Expected authenticated Procurement Office dashboard and HTTP 200.","1701796","864","2","2","http://prism.test/procurement-office?year=2026","44185","0","0"
"1791034586571","8089","MEASURED - Procurement dashboard FY2026","500","Internal Server Error","Authenticated users 1-44","text","false","Expected authenticated Procurement Office dashboard and HTTP 200.","879452","864","1","1","http://prism.test/procurement-office?year=2026","8081","0","0"
